{"timestamp": "2025-12-04T02:42:51.303822+00:00", "level": "WARN", "service": "payments", "thread_id": "t-payments-000", "correlation_id": "live-0000", "trace_id": "trace-live-0000", "span_id": "span-0", "message": "cache miss spike", "metric": 19.15}
{"timestamp": "2025-12-04T02:42:51.453986+00:00", "level": "INFO", "service": "search", "thread_id": "t-search-001", "correlation_id": "live-0000", "trace_id": "trace-live-0000", "span_id": "span-1", "message": "heartbeat ok", "metric": 73.77}
{"timestamp": "2025-12-04T02:42:51.604243+00:00", "level": "INFO", "service": "ledger", "thread_id": "t-ledger-002", "correlation_id": "live-0000", "trace_id": "trace-live-0000", "span_id": "span-2", "message": "heartbeat ok", "metric": 47.22}
{"timestamp": "2025-12-04T02:42:51.754555+00:00", "level": "INFO", "service": "api", "thread_id": "t-api-003", "correlation_id": "live-0000", "trace_id": "trace-live-0000", "span_id": "span-3", "message": "heartbeat ok", "metric": 10.29}
{"timestamp": "2025-12-04T02:42:51.904855+00:00", "level": "INFO", "service": "search", "thread_id": "t-search-004", "correlation_id": "live-0000", "trace_id": "trace-live-0000", "span_id": "span-4", "message": "heartbeat ok", "metric": 8.47}
{"timestamp": "2025-12-04T02:42:52.055155+00:00", "level": "INFO", "service": "ledger", "thread_id": "t-ledger-005", "correlation_id": "live-0000", "trace_id": "trace-live-0000", "span_id": "span-5", "message": "heartbeat ok", "metric": 97.72}
{"timestamp": "2025-12-04T02:42:52.205362+00:00", "level": "INFO", "service": "api", "thread_id": "t-api-006", "correlation_id": "live-0000", "trace_id": "trace-live-0000", "span_id": "span-6", "message": "heartbeat ok", "metric": 65.86}
{"timestamp": "2025-12-04T02:42:52.355599+00:00", "level": "INFO", "service": "api", "thread_id": "t-api-007", "correlation_id": "live-0000", "trace_id": "trace-live-0000", "span_id": "span-7", "message": "heartbeat ok", "metric": 65.4}
{"timestamp": "2025-12-04T02:42:52.505935+00:00", "level": "INFO", "service": "auth", "thread_id": "t-auth-008", "correlation_id": "live-0000", "trace_id": "trace-live-0000", "span_id": "span-8", "message": "heartbeat ok", "metric": 37.22}
{"timestamp": "2025-12-04T02:42:52.656217+00:00", "level": "INFO", "service": "search", "thread_id": "t-search-009", "correlation_id": "live-0000", "trace_id": "trace-live-0000", "span_id": "span-9", "message": "heartbeat ok", "metric": 58.63}
{"timestamp": "2025-12-04T02:42:52.806460+00:00", "level": "INFO", "service": "payments", "thread_id": "t-payments-010", "correlation_id": "live-0001", "trace_id": "trace-live-0001", "span_id": "span-10", "message": "heartbeat ok", "metric": 19.66}
{"timestamp": "2025-12-04T02:42:52.956696+00:00", "level": "INFO", "service": "payments", "thread_id": "t-payments-011", "correlation_id": "live-0001", "trace_id": "trace-live-0001", "span_id": "span-11", "message": "heartbeat ok", "metric": 95.81}
{"timestamp": "2025-12-04T02:42:53.106959+00:00", "level": "WARN", "service": "search", "thread_id": "t-search-012", "correlation_id": "live-0001", "trace_id": "trace-live-0001", "span_id": "span-12", "message": "cache miss spike", "metric": 55.57}
{"timestamp": "2025-12-04T02:42:53.257229+00:00", "level": "WARN", "service": "ledger", "thread_id": "t-ledger-013", "correlation_id": "live-0001", "trace_id": "trace-live-0001", "span_id": "span-13", "message": "cache miss spike", "metric": 62.3}
{"timestamp": "2025-12-04T02:42:53.407482+00:00", "level": "INFO", "service": "payments", "thread_id": "t-payments-014", "correlation_id": "live-0001", "trace_id": "trace-live-0001", "span_id": "span-14", "message": "heartbeat ok", "metric": 54.63}
{"timestamp": "2025-12-04T02:42:53.557720+00:00", "level": "INFO", "service": "auth", "thread_id": "t-auth-015", "correlation_id": "live-0001", "trace_id": "trace-live-0001", "span_id": "span-15", "message": "heartbeat ok", "metric": 71.26}
{"timestamp": "2025-12-04T02:42:53.708023+00:00", "level": "INFO", "service": "payments", "thread_id": "t-payments-016", "correlation_id": "live-0001", "trace_id": "trace-live-0001", "span_id": "span-16", "message": "heartbeat ok", "metric": 98.4}
{"timestamp": "2025-12-04T02:42:53.858313+00:00", "level": "WARN", "service": "search", "thread_id": "t-search-017", "correlation_id": "live-0001", "trace_id": "trace-live-0001", "span_id": "span-17", "message": "cache miss spike", "metric": 23.71}
{"timestamp": "2025-12-04T02:42:54.008562+00:00", "level": "INFO", "service": "payments", "thread_id": "t-payments-018", "correlation_id": "live-0001", "trace_id": "trace-live-0001", "span_id": "span-18", "message": "heartbeat ok", "metric": 82.13}
{"timestamp": "2025-12-04T02:42:54.158877+00:00", "level": "INFO", "service": "payments", "thread_id": "t-payments-019", "correlation_id": "live-0001", "trace_id": "trace-live-0001", "span_id": "span-19", "message": "heartbeat ok", "metric": 68.02}
{"timestamp": "2025-12-04T02:42:54.309152+00:00", "level": "INFO", "service": "payments", "thread_id": "t-payments-020", "correlation_id": "live-0002", "trace_id": "trace-live-0002", "span_id": "span-20", "message": "heartbeat ok", "metric": 28.11}
{"timestamp": "2025-12-04T02:42:54.459367+00:00", "level": "WARN", "service": "ledger", "thread_id": "t-ledger-021", "correlation_id": "live-0002", "trace_id": "trace-live-0002", "span_id": "span-21", "message": "cache miss spike", "metric": 22.32}
{"timestamp": "2025-12-04T02:42:54.609625+00:00", "level": "INFO", "service": "ledger", "thread_id": "t-ledger-022", "correlation_id": "live-0002", "trace_id": "trace-live-0002", "span_id": "span-22", "message": "heartbeat ok", "metric": 82.24}
{"timestamp": "2025-12-04T02:42:54.759877+00:00", "level": "INFO", "service": "api", "thread_id": "t-api-023", "correlation_id": "live-0002", "trace_id": "trace-live-0002", "span_id": "span-23", "message": "heartbeat ok", "metric": 94.93}
{"timestamp": "2025-12-04T02:42:54.910058+00:00", "level": "INFO", "service": "search", "thread_id": "t-search-024", "correlation_id": "live-0002", "trace_id": "trace-live-0002", "span_id": "span-24", "message": "heartbeat ok", "metric": 40.84}
{"timestamp": "2025-12-04T02:42:55.060273+00:00", "level": "INFO", "service": "payments", "thread_id": "t-payments-025", "correlation_id": "live-0002", "trace_id": "trace-live-0002", "span_id": "span-25", "message": "heartbeat ok", "metric": 61.26}
{"timestamp": "2025-12-04T02:42:55.210500+00:00", "level": "INFO", "service": "ledger", "thread_id": "t-ledger-026", "correlation_id": "live-0002", "trace_id": "trace-live-0002", "span_id": "span-26", "message": "heartbeat ok", "metric": 83.89}
{"timestamp": "2025-12-04T02:42:55.360732+00:00", "level": "ERROR", "service": "payments", "thread_id": "t-payments-027", "correlation_id": "live-0002", "trace_id": "trace-live-0002", "span_id": "span-27", "message": "Database timeout", "metric": 22.47}
{"timestamp": "2025-12-04T02:42:55.510981+00:00", "level": "INFO", "service": "api", "thread_id": "t-api-028", "correlation_id": "live-0002", "trace_id": "trace-live-0002", "span_id": "span-28", "message": "heartbeat ok", "metric": 24.42}
{"timestamp": "2025-12-04T02:42:55.661136+00:00", "level": "WARN", "service": "search", "thread_id": "t-search-029", "correlation_id": "live-0002", "trace_id": "trace-live-0002", "span_id": "span-29", "message": "cache miss spike", "metric": 66.21}
{"timestamp": "2025-12-04T02:42:55.811381+00:00", "level": "INFO", "service": "auth", "thread_id": "t-auth-030", "correlation_id": "live-0003", "trace_id": "trace-live-0003", "span_id": "span-30", "message": "heartbeat ok", "metric": 5.19}
{"timestamp": "2025-12-04T02:42:55.961626+00:00", "level": "INFO", "service": "search", "thread_id": "t-search-031", "correlation_id": "live-0003", "trace_id": "trace-live-0003", "span_id": "span-31", "message": "heartbeat ok", "metric": 72.54}
{"timestamp": "2025-12-04T02:42:56.111842+00:00", "level": "INFO", "service": "api", "thread_id": "t-api-032", "correlation_id": "live-0003", "trace_id": "trace-live-0003", "span_id": "span-32", "message": "heartbeat ok", "metric": 10.63}
{"timestamp": "2025-12-04T02:42:56.262127+00:00", "level": "INFO", "service": "auth", "thread_id": "t-auth-033", "correlation_id": "live-0003", "trace_id": "trace-live-0003", "span_id": "span-33", "message": "heartbeat ok", "metric": 68.8}
{"timestamp": "2025-12-04T02:42:56.412363+00:00", "level": "ERROR", "service": "api", "thread_id": "t-api-034", "correlation_id": "live-0003", "trace_id": "trace-live-0003", "span_id": "span-34", "message": "Database timeout", "metric": 66.83}
{"timestamp": "2025-12-04T02:42:56.562588+00:00", "level": "INFO", "service": "search", "thread_id": "t-search-035", "correlation_id": "live-0003", "trace_id": "trace-live-0003", "span_id": "span-35", "message": "heartbeat ok", "metric": 7.57}
{"timestamp": "2025-12-04T02:42:56.712803+00:00", "level": "INFO", "service": "payments", "thread_id": "t-payments-036", "correlation_id": "live-0003", "trace_id": "trace-live-0003", "span_id": "span-36", "message": "heartbeat ok", "metric": 39.03}
{"timestamp": "2025-12-04T02:42:56.862984+00:00", "level": "INFO", "service": "search", "thread_id": "t-search-037", "correlation_id": "live-0003", "trace_id": "trace-live-0003", "span_id": "span-37", "message": "heartbeat ok", "metric": 1.81}
{"timestamp": "2025-12-04T02:42:57.013221+00:00", "level": "INFO", "service": "payments", "thread_id": "t-payments-038", "correlation_id": "live-0003", "trace_id": "trace-live-0003", "span_id": "span-38", "message": "heartbeat ok", "metric": 53.84}
{"timestamp": "2025-12-04T02:42:57.163555+00:00", "level": "INFO", "service": "auth", "thread_id": "t-auth-039", "correlation_id": "live-0003", "trace_id": "trace-live-0003", "span_id": "span-39", "message": "heartbeat ok", "metric": 24.64}
{"timestamp": "2025-12-04T02:42:57.313934+00:00", "level": "ERROR", "service": "search", "thread_id": "t-search-040", "correlation_id": "live-0004", "trace_id": "trace-live-0004", "span_id": "span-40", "message": "Database timeout", "metric": 17.52}
{"timestamp": "2025-12-04T02:42:57.464216+00:00", "level": "INFO", "service": "search", "thread_id": "t-search-041", "correlation_id": "live-0004", "trace_id": "trace-live-0004", "span_id": "span-41", "message": "heartbeat ok", "metric": 45.76}
{"timestamp": "2025-12-04T02:42:57.614458+00:00", "level": "INFO", "service": "ledger", "thread_id": "t-ledger-042", "correlation_id": "live-0004", "trace_id": "trace-live-0004", "span_id": "span-42", "message": "heartbeat ok", "metric": 68.3}
{"timestamp": "2025-12-04T02:42:57.764706+00:00", "level": "INFO", "service": "auth", "thread_id": "t-auth-043", "correlation_id": "live-0004", "trace_id": "trace-live-0004", "span_id": "span-43", "message": "heartbeat ok", "metric": 31.04}
{"timestamp": "2025-12-04T02:42:57.914887+00:00", "level": "ERROR", "service": "ledger", "thread_id": "t-ledger-044", "correlation_id": "live-0004", "trace_id": "trace-live-0004", "span_id": "span-44", "message": "Database timeout", "metric": 28.9}
{"timestamp": "2025-12-04T02:42:58.065140+00:00", "level": "INFO", "service": "ledger", "thread_id": "t-ledger-045", "correlation_id": "live-0004", "trace_id": "trace-live-0004", "span_id": "span-45", "message": "heartbeat ok", "metric": 10.69}
{"timestamp": "2025-12-04T02:42:58.215381+00:00", "level": "INFO", "service": "ledger", "thread_id": "t-ledger-046", "correlation_id": "live-0004", "trace_id": "trace-live-0004", "span_id": "span-46", "message": "heartbeat ok", "metric": 43.97}
{"timestamp": "2025-12-04T02:42:58.365666+00:00", "level": "WARN", "service": "api", "thread_id": "t-api-047", "correlation_id": "live-0004", "trace_id": "trace-live-0004", "span_id": "span-47", "message": "cache miss spike", "metric": 10.99}
{"timestamp": "2025-12-04T02:42:58.515919+00:00", "level": "INFO", "service": "api", "thread_id": "t-api-048", "correlation_id": "live-0004", "trace_id": "trace-live-0004", "span_id": "span-48", "message": "heartbeat ok", "metric": 9.75}
{"timestamp": "2025-12-04T02:42:58.666144+00:00", "level": "WARN", "service": "search", "thread_id": "t-search-049", "correlation_id": "live-0004", "trace_id": "trace-live-0004", "span_id": "span-49", "message": "cache miss spike", "metric": 1.75}
{"timestamp": "2025-12-04T02:42:58.816351+00:00", "level": "INFO", "service": "auth", "thread_id": "t-auth-000", "correlation_id": "live-0005", "trace_id": "trace-live-0005", "span_id": "span-50", "message": "heartbeat ok", "metric": 62.24}
{"timestamp": "2025-12-04T02:42:58.966572+00:00", "level": "INFO", "service": "search", "thread_id": "t-search-001", "correlation_id": "live-0005", "trace_id": "trace-live-0005", "span_id": "span-51", "message": "heartbeat ok", "metric": 79.04}
{"timestamp": "2025-12-04T02:42:59.116733+00:00", "level": "INFO", "service": "api", "thread_id": "t-api-002", "correlation_id": "live-0005", "trace_id": "trace-live-0005", "span_id": "span-52", "message": "heartbeat ok", "metric": 85.98}
{"timestamp": "2025-12-04T02:42:59.266946+00:00", "level": "WARN", "service": "search", "thread_id": "t-search-003", "correlation_id": "live-0005", "trace_id": "trace-live-0005", "span_id": "span-53", "message": "cache miss spike", "metric": 61.32}
{"timestamp": "2025-12-04T02:42:59.417148+00:00", "level": "INFO", "service": "api", "thread_id": "t-api-004", "correlation_id": "live-0005", "trace_id": "trace-live-0005", "span_id": "span-54", "message": "heartbeat ok", "metric": 24.96}
{"timestamp": "2025-12-04T02:42:59.567406+00:00", "level": "INFO", "service": "api", "thread_id": "t-api-005", "correlation_id": "live-0005", "trace_id": "trace-live-0005", "span_id": "span-55", "message": "heartbeat ok", "metric": 24.99}
{"timestamp": "2025-12-04T02:42:59.717591+00:00", "level": "INFO", "service": "search", "thread_id": "t-search-006", "correlation_id": "live-0005", "trace_id": "trace-live-0005", "span_id": "span-56", "message": "heartbeat ok", "metric": 13.41}
{"timestamp": "2025-12-04T02:42:59.867760+00:00", "level": "ERROR", "service": "search", "thread_id": "t-search-007", "correlation_id": "live-0005", "trace_id": "trace-live-0005", "span_id": "span-57", "message": "Database timeout", "metric": 2.13}
{"timestamp": "2025-12-04T02:43:00.017936+00:00", "level": "INFO", "service": "search", "thread_id": "t-search-008", "correlation_id": "live-0005", "trace_id": "trace-live-0005", "span_id": "span-58", "message": "heartbeat ok", "metric": 4.1}
{"timestamp": "2025-12-04T02:43:00.168092+00:00", "level": "INFO", "service": "payments", "thread_id": "t-payments-009", "correlation_id": "live-0005", "trace_id": "trace-live-0005", "span_id": "span-59", "message": "heartbeat ok", "metric": 68.74}
{"timestamp": "2025-12-04T02:43:00.318262+00:00", "level": "INFO", "service": "search", "thread_id": "t-search-010", "correlation_id": "live-0006", "trace_id": "trace-live-0006", "span_id": "span-60", "message": "heartbeat ok", "metric": 4.78}
{"timestamp": "2025-12-04T02:43:00.468427+00:00", "level": "INFO", "service": "search", "thread_id": "t-search-011", "correlation_id": "live-0006", "trace_id": "trace-live-0006", "span_id": "span-61", "message": "heartbeat ok", "metric": 2.96}
{"timestamp": "2025-12-04T02:43:00.618598+00:00", "level": "ERROR", "service": "payments", "thread_id": "t-payments-012", "correlation_id": "live-0006", "trace_id": "trace-live-0006", "span_id": "span-62", "message": "Database timeout", "metric": 3.96}
{"timestamp": "2025-12-04T02:43:00.768806+00:00", "level": "WARN", "service": "auth", "thread_id": "t-auth-013", "correlation_id": "live-0006", "trace_id": "trace-live-0006", "span_id": "span-63", "message": "cache miss spike", "metric": 34.83}
{"timestamp": "2025-12-04T02:43:00.919010+00:00", "level": "INFO", "service": "api", "thread_id": "t-api-014", "correlation_id": "live-0006", "trace_id": "trace-live-0006", "span_id": "span-64", "message": "heartbeat ok", "metric": 47.82}
{"timestamp": "2025-12-04T02:43:01.069649+00:00", "level": "INFO", "service": "ledger", "thread_id": "t-ledger-015", "correlation_id": "live-0006", "trace_id": "trace-live-0006", "span_id": "span-65", "message": "heartbeat ok", "metric": 94.85}
{"timestamp": "2025-12-04T02:43:01.219860+00:00", "level": "ERROR", "service": "payments", "thread_id": "t-payments-016", "correlation_id": "live-0006", "trace_id": "trace-live-0006", "span_id": "span-66", "message": "Database timeout", "metric": 9.68}
{"timestamp": "2025-12-04T02:43:01.370092+00:00", "level": "INFO", "service": "search", "thread_id": "t-search-017", "correlation_id": "live-0006", "trace_id": "trace-live-0006", "span_id": "span-67", "message": "heartbeat ok", "metric": 95.08}
{"timestamp": "2025-12-04T02:43:01.520288+00:00", "level": "INFO", "service": "ledger", "thread_id": "t-ledger-018", "correlation_id": "live-0006", "trace_id": "trace-live-0006", "span_id": "span-68", "message": "heartbeat ok", "metric": 38.07}
{"timestamp": "2025-12-04T02:43:01.670477+00:00", "level": "INFO", "service": "search", "thread_id": "t-search-019", "correlation_id": "live-0006", "trace_id": "trace-live-0006", "span_id": "span-69", "message": "heartbeat ok", "metric": 38.82}
{"timestamp": "2025-12-04T02:43:01.820630+00:00", "level": "INFO", "service": "search", "thread_id": "t-search-020", "correlation_id": "live-0007", "trace_id": "trace-live-0007", "span_id": "span-70", "message": "heartbeat ok", "metric": 96.96}
{"timestamp": "2025-12-04T02:43:01.970798+00:00", "level": "INFO", "service": "auth", "thread_id": "t-auth-021", "correlation_id": "live-0007", "trace_id": "trace-live-0007", "span_id": "span-71", "message": "heartbeat ok", "metric": 85.51}
{"timestamp": "2025-12-04T02:43:02.120979+00:00", "level": "INFO", "service": "api", "thread_id": "t-api-022", "correlation_id": "live-0007", "trace_id": "trace-live-0007", "span_id": "span-72", "message": "heartbeat ok", "metric": 52.38}
{"timestamp": "2025-12-04T02:43:02.271144+00:00", "level": "ERROR", "service": "payments", "thread_id": "t-payments-023", "correlation_id": "live-0007", "trace_id": "trace-live-0007", "span_id": "span-73", "message": "Database timeout", "metric": 85.22}
{"timestamp": "2025-12-04T02:43:02.421347+00:00", "level": "INFO", "service": "auth", "thread_id": "t-auth-024", "correlation_id": "live-0007", "trace_id": "trace-live-0007", "span_id": "span-74", "message": "heartbeat ok", "metric": 84.41}
{"timestamp": "2025-12-04T02:43:02.571521+00:00", "level": "INFO", "service": "ledger", "thread_id": "t-ledger-025", "correlation_id": "live-0007", "trace_id": "trace-live-0007", "span_id": "span-75", "message": "heartbeat ok", "metric": 89.86}
{"timestamp": "2025-12-04T02:43:02.721697+00:00", "level": "ERROR", "service": "auth", "thread_id": "t-auth-026", "correlation_id": "live-0007", "trace_id": "trace-live-0007", "span_id": "span-76", "message": "Database timeout", "metric": 58.29}
{"timestamp": "2025-12-04T02:43:02.871866+00:00", "level": "INFO", "service": "auth", "thread_id": "t-auth-027", "correlation_id": "live-0007", "trace_id": "trace-live-0007", "span_id": "span-77", "message": "heartbeat ok", "metric": 64.32}
{"timestamp": "2025-12-04T02:43:03.022071+00:00", "level": "INFO", "service": "payments", "thread_id": "t-payments-028", "correlation_id": "live-0007", "trace_id": "trace-live-0007", "span_id": "span-78", "message": "heartbeat ok", "metric": 3.7}
{"timestamp": "2025-12-04T02:43:03.172256+00:00", "level": "INFO", "service": "payments", "thread_id": "t-payments-029", "correlation_id": "live-0007", "trace_id": "trace-live-0007", "span_id": "span-79", "message": "heartbeat ok", "metric": 12.05}
{"timestamp": "2025-12-04T02:43:03.322429+00:00", "level": "WARN", "service": "search", "thread_id": "t-search-030", "correlation_id": "live-0008", "trace_id": "trace-live-0008", "span_id": "span-80", "message": "cache miss spike", "metric": 77.0}
{"timestamp": "2025-12-04T02:43:03.472612+00:00", "level": "INFO", "service": "ledger", "thread_id": "t-ledger-031", "correlation_id": "live-0008", "trace_id": "trace-live-0008", "span_id": "span-81", "message": "heartbeat ok", "metric": 30.47}
{"timestamp": "2025-12-04T02:43:03.622786+00:00", "level": "INFO", "service": "api", "thread_id": "t-api-032", "correlation_id": "live-0008", "trace_id": "trace-live-0008", "span_id": "span-82", "message": "heartbeat ok", "metric": 79.83}
{"timestamp": "2025-12-04T02:43:03.772947+00:00", "level": "INFO", "service": "search", "thread_id": "t-search-033", "correlation_id": "live-0008", "trace_id": "trace-live-0008", "span_id": "span-83", "message": "heartbeat ok", "metric": 82.11}
{"timestamp": "2025-12-04T02:43:03.923145+00:00", "level": "WARN", "service": "search", "thread_id": "t-search-034", "correlation_id": "live-0008", "trace_id": "trace-live-0008", "span_id": "span-84", "message": "cache miss spike", "metric": 39.35}
{"timestamp": "2025-12-04T02:43:04.073303+00:00", "level": "INFO", "service": "ledger", "thread_id": "t-ledger-035", "correlation_id": "live-0008", "trace_id": "trace-live-0008", "span_id": "span-85", "message": "heartbeat ok", "metric": 84.78}
{"timestamp": "2025-12-04T02:43:04.223471+00:00", "level": "ERROR", "service": "payments", "thread_id": "t-payments-036", "correlation_id": "live-0008", "trace_id": "trace-live-0008", "span_id": "span-86", "message": "Database timeout", "metric": 1.29}
{"timestamp": "2025-12-04T02:43:04.373641+00:00", "level": "INFO", "service": "payments", "thread_id": "t-payments-037", "correlation_id": "live-0008", "trace_id": "trace-live-0008", "span_id": "span-87", "message": "heartbeat ok", "metric": 94.65}
{"timestamp": "2025-12-04T02:43:04.523807+00:00", "level": "INFO", "service": "auth", "thread_id": "t-auth-038", "correlation_id": "live-0008", "trace_id": "trace-live-0008", "span_id": "span-88", "message": "heartbeat ok", "metric": 19.42}
{"timestamp": "2025-12-04T02:43:04.673989+00:00", "level": "INFO", "service": "payments", "thread_id": "t-payments-039", "correlation_id": "live-0008", "trace_id": "trace-live-0008", "span_id": "span-89", "message": "heartbeat ok", "metric": 24.92}
{"timestamp": "2025-12-04T02:43:04.824159+00:00", "level": "WARN", "service": "ledger", "thread_id": "t-ledger-040", "correlation_id": "live-0009", "trace_id": "trace-live-0009", "span_id": "span-90", "message": "cache miss spike", "metric": 36.94}
{"timestamp": "2025-12-04T02:43:04.974358+00:00", "level": "WARN", "service": "auth", "thread_id": "t-auth-041", "correlation_id": "live-0009", "trace_id": "trace-live-0009", "span_id": "span-91", "message": "cache miss spike", "metric": 23.55}
{"timestamp": "2025-12-04T02:43:05.124521+00:00", "level": "INFO", "service": "payments", "thread_id": "t-payments-042", "correlation_id": "live-0009", "trace_id": "trace-live-0009", "span_id": "span-92", "message": "heartbeat ok", "metric": 86.56}
{"timestamp": "2025-12-04T02:43:05.274685+00:00", "level": "INFO", "service": "api", "thread_id": "t-api-043", "correlation_id": "live-0009", "trace_id": "trace-live-0009", "span_id": "span-93", "message": "heartbeat ok", "metric": 55.91}
{"timestamp": "2025-12-04T02:43:05.424965+00:00", "level": "INFO", "service": "auth", "thread_id": "t-auth-044", "correlation_id": "live-0009", "trace_id": "trace-live-0009", "span_id": "span-94", "message": "heartbeat ok", "metric": 68.24}
{"timestamp": "2025-12-04T02:43:05.575277+00:00", "level": "INFO", "service": "ledger", "thread_id": "t-ledger-045", "correlation_id": "live-0009", "trace_id": "trace-live-0009", "span_id": "span-95", "message": "heartbeat ok", "metric": 10.36}
{"timestamp": "2025-12-04T02:43:05.725491+00:00", "level": "INFO", "service": "search", "thread_id": "t-search-046", "correlation_id": "live-0009", "trace_id": "trace-live-0009", "span_id": "span-96", "message": "heartbeat ok", "metric": 83.59}
{"timestamp": "2025-12-04T02:43:05.875662+00:00", "level": "INFO", "service": "ledger", "thread_id": "t-ledger-047", "correlation_id": "live-0009", "trace_id": "trace-live-0009", "span_id": "span-97", "message": "heartbeat ok", "metric": 98.75}
{"timestamp": "2025-12-04T02:43:06.025890+00:00", "level": "WARN", "service": "auth", "thread_id": "t-auth-048", "correlation_id": "live-0009", "trace_id": "trace-live-0009", "span_id": "span-98", "message": "cache miss spike", "metric": 68.69}
{"timestamp": "2025-12-04T02:43:06.176130+00:00", "level": "ERROR", "service": "ledger", "thread_id": "t-ledger-049", "correlation_id": "live-0009", "trace_id": "trace-live-0009", "span_id": "span-99", "message": "Database timeout", "metric": 22.73}
{"timestamp": "2025-12-04T02:43:06.326398+00:00", "level": "ERROR", "service": "payments", "thread_id": "t-payments-000", "correlation_id": "live-0010", "trace_id": "trace-live-0010", "span_id": "span-100", "message": "Database timeout", "metric": 24.94}
{"timestamp": "2025-12-04T02:43:06.476766+00:00", "level": "WARN", "service": "payments", "thread_id": "t-payments-001", "correlation_id": "live-0010", "trace_id": "trace-live-0010", "span_id": "span-101", "message": "cache miss spike", "metric": 87.81}
{"timestamp": "2025-12-04T02:43:06.627075+00:00", "level": "INFO", "service": "search", "thread_id": "t-search-002", "correlation_id": "live-0010", "trace_id": "trace-live-0010", "span_id": "span-102", "message": "heartbeat ok", "metric": 28.93}
{"timestamp": "2025-12-04T02:43:06.777321+00:00", "level": "INFO", "service": "ledger", "thread_id": "t-ledger-003", "correlation_id": "live-0010", "trace_id": "trace-live-0010", "span_id": "span-103", "message": "heartbeat ok", "metric": 28.99}
{"timestamp": "2025-12-04T02:43:06.927568+00:00", "level": "INFO", "service": "search", "thread_id": "t-search-004", "correlation_id": "live-0010", "trace_id": "trace-live-0010", "span_id": "span-104", "message": "heartbeat ok", "metric": 44.61}
{"timestamp": "2025-12-04T02:43:07.077886+00:00", "level": "INFO", "service": "search", "thread_id": "t-search-005", "correlation_id": "live-0010", "trace_id": "trace-live-0010", "span_id": "span-105", "message": "heartbeat ok", "metric": 29.92}
{"timestamp": "2025-12-04T02:43:07.228195+00:00", "level": "INFO", "service": "auth", "thread_id": "t-auth-006", "correlation_id": "live-0010", "trace_id": "trace-live-0010", "span_id": "span-106", "message": "heartbeat ok", "metric": 56.27}
{"timestamp": "2025-12-04T02:43:07.378444+00:00", "level": "INFO", "service": "ledger", "thread_id": "t-ledger-007", "correlation_id": "live-0010", "trace_id": "trace-live-0010", "span_id": "span-107", "message": "heartbeat ok", "metric": 12.99}
{"timestamp": "2025-12-04T02:43:07.528700+00:00", "level": "WARN", "service": "search", "thread_id": "t-search-008", "correlation_id": "live-0010", "trace_id": "trace-live-0010", "span_id": "span-108", "message": "cache miss spike", "metric": 65.65}
{"timestamp": "2025-12-04T02:43:07.678963+00:00", "level": "INFO", "service": "ledger", "thread_id": "t-ledger-009", "correlation_id": "live-0010", "trace_id": "trace-live-0010", "span_id": "span-109", "message": "heartbeat ok", "metric": 12.68}
{"timestamp": "2025-12-04T02:43:07.829259+00:00", "level": "ERROR", "service": "search", "thread_id": "t-search-010", "correlation_id": "live-0011", "trace_id": "trace-live-0011", "span_id": "span-110", "message": "Database timeout", "metric": 71.34}
{"timestamp": "2025-12-04T02:43:07.979496+00:00", "level": "INFO", "service": "api", "thread_id": "t-api-011", "correlation_id": "live-0011", "trace_id": "trace-live-0011", "span_id": "span-111", "message": "heartbeat ok", "metric": 28.58}
{"timestamp": "2025-12-04T02:43:08.129691+00:00", "level": "INFO", "service": "auth", "thread_id": "t-auth-012", "correlation_id": "live-0011", "trace_id": "trace-live-0011", "span_id": "span-112", "message": "heartbeat ok", "metric": 25.98}
{"timestamp": "2025-12-04T02:43:08.279863+00:00", "level": "INFO", "service": "payments", "thread_id": "t-payments-013", "correlation_id": "live-0011", "trace_id": "trace-live-0011", "span_id": "span-113", "message": "heartbeat ok", "metric": 37.91}
{"timestamp": "2025-12-04T02:43:08.430031+00:00", "level": "INFO", "service": "api", "thread_id": "t-api-014", "correlation_id": "live-0011", "trace_id": "trace-live-0011", "span_id": "span-114", "message": "heartbeat ok", "metric": 8.27}
{"timestamp": "2025-12-04T02:43:08.580167+00:00", "level": "INFO", "service": "api", "thread_id": "t-api-015", "correlation_id": "live-0011", "trace_id": "trace-live-0011", "span_id": "span-115", "message": "heartbeat ok", "metric": 16.65}
{"timestamp": "2025-12-04T02:43:08.730393+00:00", "level": "INFO", "service": "search", "thread_id": "t-search-016", "correlation_id": "live-0011", "trace_id": "trace-live-0011", "span_id": "span-116", "message": "heartbeat ok", "metric": 19.91}
{"timestamp": "2025-12-04T02:43:08.880664+00:00", "level": "INFO", "service": "api", "thread_id": "t-api-017", "correlation_id": "live-0011", "trace_id": "trace-live-0011", "span_id": "span-117", "message": "heartbeat ok", "metric": 34.73}
{"timestamp": "2025-12-04T02:43:09.030920+00:00", "level": "INFO", "service": "auth", "thread_id": "t-auth-018", "correlation_id": "live-0011", "trace_id": "trace-live-0011", "span_id": "span-118", "message": "heartbeat ok", "metric": 21.63}
{"timestamp": "2025-12-04T02:43:09.181104+00:00", "level": "WARN", "service": "search", "thread_id": "t-search-019", "correlation_id": "live-0011", "trace_id": "trace-live-0011", "span_id": "span-119", "message": "cache miss spike", "metric": 79.91}
{"timestamp": "2025-12-04T02:43:09.331347+00:00", "level": "INFO", "service": "auth", "thread_id": "t-auth-020", "correlation_id": "live-0012", "trace_id": "trace-live-0012", "span_id": "span-120", "message": "heartbeat ok", "metric": 92.93}
{"timestamp": "2025-12-04T02:43:09.481522+00:00", "level": "INFO", "service": "api", "thread_id": "t-api-021", "correlation_id": "live-0012", "trace_id": "trace-live-0012", "span_id": "span-121", "message": "heartbeat ok", "metric": 23.92}
{"timestamp": "2025-12-04T02:43:09.631748+00:00", "level": "WARN", "service": "ledger", "thread_id": "t-ledger-022", "correlation_id": "live-0012", "trace_id": "trace-live-0012", "span_id": "span-122", "message": "cache miss spike", "metric": 78.93}
{"timestamp": "2025-12-04T02:43:09.781940+00:00", "level": "WARN", "service": "api", "thread_id": "t-api-023", "correlation_id": "live-0012", "trace_id": "trace-live-0012", "span_id": "span-123", "message": "cache miss spike", "metric": 20.47}
{"timestamp": "2025-12-04T02:43:09.932176+00:00", "level": "INFO", "service": "payments", "thread_id": "t-payments-024", "correlation_id": "live-0012", "trace_id": "trace-live-0012", "span_id": "span-124", "message": "heartbeat ok", "metric": 28.23}
{"timestamp": "2025-12-04T02:43:10.082423+00:00", "level": "INFO", "service": "search", "thread_id": "t-search-025", "correlation_id": "live-0012", "trace_id": "trace-live-0012", "span_id": "span-125", "message": "heartbeat ok", "metric": 65.53}
{"timestamp": "2025-12-04T02:43:10.232650+00:00", "level": "INFO", "service": "payments", "thread_id": "t-payments-026", "correlation_id": "live-0012", "trace_id": "trace-live-0012", "span_id": "span-126", "message": "heartbeat ok", "metric": 86.33}
{"timestamp": "2025-12-04T02:43:10.382887+00:00", "level": "INFO", "service": "search", "thread_id": "t-search-027", "correlation_id": "live-0012", "trace_id": "trace-live-0012", "span_id": "span-127", "message": "heartbeat ok", "metric": 78.62}
{"timestamp": "2025-12-04T02:43:10.533071+00:00", "level": "WARN", "service": "search", "thread_id": "t-search-028", "correlation_id": "live-0012", "trace_id": "trace-live-0012", "span_id": "span-128", "message": "cache miss spike", "metric": 97.2}
{"timestamp": "2025-12-04T02:43:10.683222+00:00", "level": "INFO", "service": "payments", "thread_id": "t-payments-029", "correlation_id": "live-0012", "trace_id": "trace-live-0012", "span_id": "span-129", "message": "heartbeat ok", "metric": 13.51}
{"timestamp": "2025-12-04T02:43:10.833397+00:00", "level": "INFO", "service": "ledger", "thread_id": "t-ledger-030", "correlation_id": "live-0013", "trace_id": "trace-live-0013", "span_id": "span-130", "message": "heartbeat ok", "metric": 81.74}
{"timestamp": "2025-12-04T02:43:10.983559+00:00", "level": "INFO", "service": "api", "thread_id": "t-api-031", "correlation_id": "live-0013", "trace_id": "trace-live-0013", "span_id": "span-131", "message": "heartbeat ok", "metric": 85.46}
{"timestamp": "2025-12-04T02:43:11.133716+00:00", "level": "WARN", "service": "payments", "thread_id": "t-payments-032", "correlation_id": "live-0013", "trace_id": "trace-live-0013", "span_id": "span-132", "message": "cache miss spike", "metric": 94.52}
{"timestamp": "2025-12-04T02:43:11.283889+00:00", "level": "WARN", "service": "auth", "thread_id": "t-auth-033", "correlation_id": "live-0013", "trace_id": "trace-live-0013", "span_id": "span-133", "message": "cache miss spike", "metric": 75.31}
{"timestamp": "2025-12-04T02:43:11.434053+00:00", "level": "ERROR", "service": "payments", "thread_id": "t-payments-034", "correlation_id": "live-0013", "trace_id": "trace-live-0013", "span_id": "span-134", "message": "Database timeout", "metric": 4.17}
{"timestamp": "2025-12-04T02:43:11.584215+00:00", "level": "INFO", "service": "payments", "thread_id": "t-payments-035", "correlation_id": "live-0013", "trace_id": "trace-live-0013", "span_id": "span-135", "message": "heartbeat ok", "metric": 10.3}
{"timestamp": "2025-12-04T02:43:11.734401+00:00", "level": "INFO", "service": "payments", "thread_id": "t-payments-036", "correlation_id": "live-0013", "trace_id": "trace-live-0013", "span_id": "span-136", "message": "heartbeat ok", "metric": 77.53}
{"timestamp": "2025-12-04T02:43:11.884599+00:00", "level": "INFO", "service": "auth", "thread_id": "t-auth-037", "correlation_id": "live-0013", "trace_id": "trace-live-0013", "span_id": "span-137", "message": "heartbeat ok", "metric": 83.86}
{"timestamp": "2025-12-04T02:43:12.034774+00:00", "level": "WARN", "service": "auth", "thread_id": "t-auth-038", "correlation_id": "live-0013", "trace_id": "trace-live-0013", "span_id": "span-138", "message": "cache miss spike", "metric": 21.12}
{"timestamp": "2025-12-04T02:43:12.184949+00:00", "level": "INFO", "service": "search", "thread_id": "t-search-039", "correlation_id": "live-0013", "trace_id": "trace-live-0013", "span_id": "span-139", "message": "heartbeat ok", "metric": 27.01}
{"timestamp": "2025-12-04T02:43:12.335126+00:00", "level": "INFO", "service": "api", "thread_id": "t-api-040", "correlation_id": "live-0014", "trace_id": "trace-live-0014", "span_id": "span-140", "message": "heartbeat ok", "metric": 10.67}
{"timestamp": "2025-12-04T02:43:12.485347+00:00", "level": "INFO", "service": "api", "thread_id": "t-api-041", "correlation_id": "live-0014", "trace_id": "trace-live-0014", "span_id": "span-141", "message": "heartbeat ok", "metric": 87.38}
{"timestamp": "2025-12-04T02:43:12.635514+00:00", "level": "INFO", "service": "payments", "thread_id": "t-payments-042", "correlation_id": "live-0014", "trace_id": "trace-live-0014", "span_id": "span-142", "message": "heartbeat ok", "metric": 68.33}
{"timestamp": "2025-12-04T02:43:12.785704+00:00", "level": "WARN", "service": "ledger", "thread_id": "t-ledger-043", "correlation_id": "live-0014", "trace_id": "trace-live-0014", "span_id": "span-143", "message": "cache miss spike", "metric": 93.54}
{"timestamp": "2025-12-04T02:43:12.935995+00:00", "level": "INFO", "service": "auth", "thread_id": "t-auth-044", "correlation_id": "live-0014", "trace_id": "trace-live-0014", "span_id": "span-144", "message": "heartbeat ok", "metric": 57.36}
{"timestamp": "2025-12-04T02:43:13.086248+00:00", "level": "ERROR", "service": "auth", "thread_id": "t-auth-045", "correlation_id": "live-0014", "trace_id": "trace-live-0014", "span_id": "span-145", "message": "Database timeout", "metric": 82.09}
{"timestamp": "2025-12-04T02:43:13.236412+00:00", "level": "INFO", "service": "ledger", "thread_id": "t-ledger-046", "correlation_id": "live-0014", "trace_id": "trace-live-0014", "span_id": "span-146", "message": "heartbeat ok", "metric": 35.63}
{"timestamp": "2025-12-04T02:43:13.386620+00:00", "level": "INFO", "service": "ledger", "thread_id": "t-ledger-047", "correlation_id": "live-0014", "trace_id": "trace-live-0014", "span_id": "span-147", "message": "heartbeat ok", "metric": 48.53}
{"timestamp": "2025-12-04T02:43:13.536833+00:00", "level": "INFO", "service": "ledger", "thread_id": "t-ledger-048", "correlation_id": "live-0014", "trace_id": "trace-live-0014", "span_id": "span-148", "message": "heartbeat ok", "metric": 73.63}
{"timestamp": "2025-12-04T02:43:13.687044+00:00", "level": "WARN", "service": "search", "thread_id": "t-search-049", "correlation_id": "live-0014", "trace_id": "trace-live-0014", "span_id": "span-149", "message": "cache miss spike", "metric": 67.27}
{"timestamp": "2025-12-04T02:43:13.837236+00:00", "level": "ERROR", "service": "ledger", "thread_id": "t-ledger-000", "correlation_id": "live-0015", "trace_id": "trace-live-0015", "span_id": "span-150", "message": "Database timeout", "metric": 28.6}
{"timestamp": "2025-12-04T02:43:13.987464+00:00", "level": "WARN", "service": "api", "thread_id": "t-api-001", "correlation_id": "live-0015", "trace_id": "trace-live-0015", "span_id": "span-151", "message": "cache miss spike", "metric": 64.71}
{"timestamp": "2025-12-04T02:43:14.137758+00:00", "level": "INFO", "service": "ledger", "thread_id": "t-ledger-002", "correlation_id": "live-0015", "trace_id": "trace-live-0015", "span_id": "span-152", "message": "heartbeat ok", "metric": 50.92}
{"timestamp": "2025-12-04T02:43:14.287975+00:00", "level": "INFO", "service": "search", "thread_id": "t-search-003", "correlation_id": "live-0015", "trace_id": "trace-live-0015", "span_id": "span-153", "message": "heartbeat ok", "metric": 99.05}
{"timestamp": "2025-12-04T02:43:14.438157+00:00", "level": "INFO", "service": "auth", "thread_id": "t-auth-004", "correlation_id": "live-0015", "trace_id": "trace-live-0015", "span_id": "span-154", "message": "heartbeat ok", "metric": 95.66}
{"timestamp": "2025-12-04T02:43:14.588377+00:00", "level": "INFO", "service": "api", "thread_id": "t-api-005", "correlation_id": "live-0015", "trace_id": "trace-live-0015", "span_id": "span-155", "message": "heartbeat ok", "metric": 71.27}
{"timestamp": "2025-12-04T02:43:14.738635+00:00", "level": "WARN", "service": "api", "thread_id": "t-api-006", "correlation_id": "live-0015", "trace_id": "trace-live-0015", "span_id": "span-156", "message": "cache miss spike", "metric": 76.94}
{"timestamp": "2025-12-04T02:43:14.888835+00:00", "level": "INFO", "service": "search", "thread_id": "t-search-007", "correlation_id": "live-0015", "trace_id": "trace-live-0015", "span_id": "span-157", "message": "heartbeat ok", "metric": 84.92}
{"timestamp": "2025-12-04T02:43:15.039126+00:00", "level": "INFO", "service": "auth", "thread_id": "t-auth-008", "correlation_id": "live-0015", "trace_id": "trace-live-0015", "span_id": "span-158", "message": "heartbeat ok", "metric": 94.01}
{"timestamp": "2025-12-04T02:43:15.189422+00:00", "level": "INFO", "service": "search", "thread_id": "t-search-009", "correlation_id": "live-0015", "trace_id": "trace-live-0015", "span_id": "span-159", "message": "heartbeat ok", "metric": 2.98}
{"timestamp": "2025-12-04T02:43:15.339693+00:00", "level": "WARN", "service": "ledger", "thread_id": "t-ledger-010", "correlation_id": "live-0016", "trace_id": "trace-live-0016", "span_id": "span-160", "message": "cache miss spike", "metric": 18.05}
{"timestamp": "2025-12-04T02:43:15.489954+00:00", "level": "INFO", "service": "payments", "thread_id": "t-payments-011", "correlation_id": "live-0016", "trace_id": "trace-live-0016", "span_id": "span-161", "message": "heartbeat ok", "metric": 30.72}
{"timestamp": "2025-12-04T02:43:15.640206+00:00", "level": "INFO", "service": "ledger", "thread_id": "t-ledger-012", "correlation_id": "live-0016", "trace_id": "trace-live-0016", "span_id": "span-162", "message": "heartbeat ok", "metric": 84.43}
{"timestamp": "2025-12-04T02:43:15.790446+00:00", "level": "ERROR", "service": "api", "thread_id": "t-api-013", "correlation_id": "live-0016", "trace_id": "trace-live-0016", "span_id": "span-163", "message": "Database timeout", "metric": 72.38}
{"timestamp": "2025-12-04T02:43:15.940692+00:00", "level": "INFO", "service": "search", "thread_id": "t-search-014", "correlation_id": "live-0016", "trace_id": "trace-live-0016", "span_id": "span-164", "message": "heartbeat ok", "metric": 83.0}
{"timestamp": "2025-12-04T02:43:16.090946+00:00", "level": "ERROR", "service": "search", "thread_id": "t-search-015", "correlation_id": "live-0016", "trace_id": "trace-live-0016", "span_id": "span-165", "message": "Database timeout", "metric": 89.49}
{"timestamp": "2025-12-04T02:43:16.241124+00:00", "level": "WARN", "service": "ledger", "thread_id": "t-ledger-016", "correlation_id": "live-0016", "trace_id": "trace-live-0016", "span_id": "span-166", "message": "cache miss spike", "metric": 35.91}
{"timestamp": "2025-12-04T02:43:16.391417+00:00", "level": "INFO", "service": "search", "thread_id": "t-search-017", "correlation_id": "live-0016", "trace_id": "trace-live-0016", "span_id": "span-167", "message": "heartbeat ok", "metric": 69.21}
{"timestamp": "2025-12-04T02:43:16.541752+00:00", "level": "INFO", "service": "ledger", "thread_id": "t-ledger-018", "correlation_id": "live-0016", "trace_id": "trace-live-0016", "span_id": "span-168", "message": "heartbeat ok", "metric": 25.83}
{"timestamp": "2025-12-04T02:43:16.691998+00:00", "level": "INFO", "service": "api", "thread_id": "t-api-019", "correlation_id": "live-0016", "trace_id": "trace-live-0016", "span_id": "span-169", "message": "heartbeat ok", "metric": 35.67}
{"timestamp": "2025-12-04T02:43:16.842261+00:00", "level": "INFO", "service": "auth", "thread_id": "t-auth-020", "correlation_id": "live-0017", "trace_id": "trace-live-0017", "span_id": "span-170", "message": "heartbeat ok", "metric": 97.43}
{"timestamp": "2025-12-04T02:43:16.992575+00:00", "level": "INFO", "service": "payments", "thread_id": "t-payments-021", "correlation_id": "live-0017", "trace_id": "trace-live-0017", "span_id": "span-171", "message": "heartbeat ok", "metric": 28.34}
{"timestamp": "2025-12-04T02:43:17.142871+00:00", "level": "WARN", "service": "auth", "thread_id": "t-auth-022", "correlation_id": "live-0017", "trace_id": "trace-live-0017", "span_id": "span-172", "message": "cache miss spike", "metric": 83.07}
{"timestamp": "2025-12-04T02:43:17.293240+00:00", "level": "WARN", "service": "auth", "thread_id": "t-auth-023", "correlation_id": "live-0017", "trace_id": "trace-live-0017", "span_id": "span-173", "message": "cache miss spike", "metric": 35.95}
{"timestamp": "2025-12-04T02:43:17.443591+00:00", "level": "INFO", "service": "api", "thread_id": "t-api-024", "correlation_id": "live-0017", "trace_id": "trace-live-0017", "span_id": "span-174", "message": "heartbeat ok", "metric": 30.93}
{"timestamp": "2025-12-04T02:43:17.593927+00:00", "level": "INFO", "service": "search", "thread_id": "t-search-025", "correlation_id": "live-0017", "trace_id": "trace-live-0017", "span_id": "span-175", "message": "heartbeat ok", "metric": 90.63}
{"timestamp": "2025-12-04T02:43:17.744188+00:00", "level": "INFO", "service": "auth", "thread_id": "t-auth-026", "correlation_id": "live-0017", "trace_id": "trace-live-0017", "span_id": "span-176", "message": "heartbeat ok", "metric": 37.64}
{"timestamp": "2025-12-04T02:43:17.894436+00:00", "level": "INFO", "service": "api", "thread_id": "t-api-027", "correlation_id": "live-0017", "trace_id": "trace-live-0017", "span_id": "span-177", "message": "heartbeat ok", "metric": 86.45}
{"timestamp": "2025-12-04T02:43:18.044647+00:00", "level": "INFO", "service": "search", "thread_id": "t-search-028", "correlation_id": "live-0017", "trace_id": "trace-live-0017", "span_id": "span-178", "message": "heartbeat ok", "metric": 76.47}
{"timestamp": "2025-12-04T02:43:18.194830+00:00", "level": "INFO", "service": "auth", "thread_id": "t-auth-029", "correlation_id": "live-0017", "trace_id": "trace-live-0017", "span_id": "span-179", "message": "heartbeat ok", "metric": 5.99}
{"timestamp": "2025-12-04T02:43:18.345052+00:00", "level": "ERROR", "service": "ledger", "thread_id": "t-ledger-030", "correlation_id": "live-0018", "trace_id": "trace-live-0018", "span_id": "span-180", "message": "Database timeout", "metric": 8.74}
{"timestamp": "2025-12-04T02:43:18.495229+00:00", "level": "INFO", "service": "search", "thread_id": "t-search-031", "correlation_id": "live-0018", "trace_id": "trace-live-0018", "span_id": "span-181", "message": "heartbeat ok", "metric": 6.65}
{"timestamp": "2025-12-04T02:43:18.645485+00:00", "level": "INFO", "service": "search", "thread_id": "t-search-032", "correlation_id": "live-0018", "trace_id": "trace-live-0018", "span_id": "span-182", "message": "heartbeat ok", "metric": 80.29}
{"timestamp": "2025-12-04T02:43:18.795712+00:00", "level": "INFO", "service": "api", "thread_id": "t-api-033", "correlation_id": "live-0018", "trace_id": "trace-live-0018", "span_id": "span-183", "message": "heartbeat ok", "metric": 15.21}
{"timestamp": "2025-12-04T02:43:18.945950+00:00", "level": "INFO", "service": "payments", "thread_id": "t-payments-034", "correlation_id": "live-0018", "trace_id": "trace-live-0018", "span_id": "span-184", "message": "heartbeat ok", "metric": 64.84}
{"timestamp": "2025-12-04T02:43:19.096222+00:00", "level": "WARN", "service": "ledger", "thread_id": "t-ledger-035", "correlation_id": "live-0018", "trace_id": "trace-live-0018", "span_id": "span-185", "message": "cache miss spike", "metric": 27.05}
{"timestamp": "2025-12-04T02:43:19.246469+00:00", "level": "INFO", "service": "payments", "thread_id": "t-payments-036", "correlation_id": "live-0018", "trace_id": "trace-live-0018", "span_id": "span-186", "message": "heartbeat ok", "metric": 49.28}
{"timestamp": "2025-12-04T02:43:19.396703+00:00", "level": "WARN", "service": "payments", "thread_id": "t-payments-037", "correlation_id": "live-0018", "trace_id": "trace-live-0018", "span_id": "span-187", "message": "cache miss spike", "metric": 27.73}
{"timestamp": "2025-12-04T02:43:19.546938+00:00", "level": "WARN", "service": "auth", "thread_id": "t-auth-038", "correlation_id": "live-0018", "trace_id": "trace-live-0018", "span_id": "span-188", "message": "cache miss spike", "metric": 53.8}
{"timestamp": "2025-12-04T02:43:19.697186+00:00", "level": "ERROR", "service": "payments", "thread_id": "t-payments-039", "correlation_id": "live-0018", "trace_id": "trace-live-0018", "span_id": "span-189", "message": "Database timeout", "metric": 57.71}
{"timestamp": "2025-12-04T02:43:19.847358+00:00", "level": "WARN", "service": "search", "thread_id": "t-search-040", "correlation_id": "live-0019", "trace_id": "trace-live-0019", "span_id": "span-190", "message": "cache miss spike", "metric": 95.34}
{"timestamp": "2025-12-04T02:43:19.997528+00:00", "level": "INFO", "service": "search", "thread_id": "t-search-041", "correlation_id": "live-0019", "trace_id": "trace-live-0019", "span_id": "span-191", "message": "heartbeat ok", "metric": 57.06}
{"timestamp": "2025-12-04T02:43:20.147972+00:00", "level": "INFO", "service": "api", "thread_id": "t-api-042", "correlation_id": "live-0019", "trace_id": "trace-live-0019", "span_id": "span-192", "message": "heartbeat ok", "metric": 29.52}
{"timestamp": "2025-12-04T02:43:20.298161+00:00", "level": "INFO", "service": "payments", "thread_id": "t-payments-043", "correlation_id": "live-0019", "trace_id": "trace-live-0019", "span_id": "span-193", "message": "heartbeat ok", "metric": 19.76}
{"timestamp": "2025-12-04T02:43:20.448361+00:00", "level": "INFO", "service": "payments", "thread_id": "t-payments-044", "correlation_id": "live-0019", "trace_id": "trace-live-0019", "span_id": "span-194", "message": "heartbeat ok", "metric": 70.93}
{"timestamp": "2025-12-04T02:43:20.598593+00:00", "level": "INFO", "service": "api", "thread_id": "t-api-045", "correlation_id": "live-0019", "trace_id": "trace-live-0019", "span_id": "span-195", "message": "heartbeat ok", "metric": 89.14}
{"timestamp": "2025-12-04T02:43:20.748817+00:00", "level": "INFO", "service": "ledger", "thread_id": "t-ledger-046", "correlation_id": "live-0019", "trace_id": "trace-live-0019", "span_id": "span-196", "message": "heartbeat ok", "metric": 12.62}
{"timestamp": "2025-12-04T02:43:20.898969+00:00", "level": "INFO", "service": "search", "thread_id": "t-search-047", "correlation_id": "live-0019", "trace_id": "trace-live-0019", "span_id": "span-197", "message": "heartbeat ok", "metric": 64.46}
{"timestamp": "2025-12-04T02:43:21.049141+00:00", "level": "WARN", "service": "search", "thread_id": "t-search-048", "correlation_id": "live-0019", "trace_id": "trace-live-0019", "span_id": "span-198", "message": "cache miss spike", "metric": 32.64}
{"timestamp": "2025-12-04T02:43:21.199312+00:00", "level": "INFO", "service": "auth", "thread_id": "t-auth-049", "correlation_id": "live-0019", "trace_id": "trace-live-0019", "span_id": "span-199", "message": "heartbeat ok", "metric": 9.06}
{"timestamp": "2025-12-04T02:43:21.349501+00:00", "level": "WARN", "service": "payments", "thread_id": "t-payments-000", "correlation_id": "live-0020", "trace_id": "trace-live-0020", "span_id": "span-200", "message": "cache miss spike", "metric": 0.78}
{"timestamp": "2025-12-04T02:43:21.499732+00:00", "level": "INFO", "service": "search", "thread_id": "t-search-001", "correlation_id": "live-0020", "trace_id": "trace-live-0020", "span_id": "span-201", "message": "heartbeat ok", "metric": 53.16}
{"timestamp": "2025-12-04T02:43:21.649930+00:00", "level": "WARN", "service": "search", "thread_id": "t-search-002", "correlation_id": "live-0020", "trace_id": "trace-live-0020", "span_id": "span-202", "message": "cache miss spike", "metric": 98.5}
{"timestamp": "2025-12-04T02:43:21.800118+00:00", "level": "INFO", "service": "auth", "thread_id": "t-auth-003", "correlation_id": "live-0020", "trace_id": "trace-live-0020", "span_id": "span-203", "message": "heartbeat ok", "metric": 57.16}
{"timestamp": "2025-12-04T02:43:21.950331+00:00", "level": "WARN", "service": "api", "thread_id": "t-api-004", "correlation_id": "live-0020", "trace_id": "trace-live-0020", "span_id": "span-204", "message": "cache miss spike", "metric": 43.99}
{"timestamp": "2025-12-04T02:43:22.100544+00:00", "level": "INFO", "service": "search", "thread_id": "t-search-005", "correlation_id": "live-0020", "trace_id": "trace-live-0020", "span_id": "span-205", "message": "heartbeat ok", "metric": 4.38}
{"timestamp": "2025-12-04T02:43:22.250735+00:00", "level": "INFO", "service": "ledger", "thread_id": "t-ledger-006", "correlation_id": "live-0020", "trace_id": "trace-live-0020", "span_id": "span-206", "message": "heartbeat ok", "metric": 72.93}
{"timestamp": "2025-12-04T02:43:22.400932+00:00", "level": "WARN", "service": "api", "thread_id": "t-api-007", "correlation_id": "live-0020", "trace_id": "trace-live-0020", "span_id": "span-207", "message": "cache miss spike", "metric": 82.1}
{"timestamp": "2025-12-04T02:43:22.551106+00:00", "level": "INFO", "service": "ledger", "thread_id": "t-ledger-008", "correlation_id": "live-0020", "trace_id": "trace-live-0020", "span_id": "span-208", "message": "heartbeat ok", "metric": 90.88}
{"timestamp": "2025-12-04T02:43:22.701280+00:00", "level": "INFO", "service": "ledger", "thread_id": "t-ledger-009", "correlation_id": "live-0020", "trace_id": "trace-live-0020", "span_id": "span-209", "message": "heartbeat ok", "metric": 29.87}
{"timestamp": "2025-12-04T02:43:22.851436+00:00", "level": "INFO", "service": "payments", "thread_id": "t-payments-010", "correlation_id": "live-0021", "trace_id": "trace-live-0021", "span_id": "span-210", "message": "heartbeat ok", "metric": 59.06}
{"timestamp": "2025-12-04T02:43:23.001598+00:00", "level": "INFO", "service": "ledger", "thread_id": "t-ledger-011", "correlation_id": "live-0021", "trace_id": "trace-live-0021", "span_id": "span-211", "message": "heartbeat ok", "metric": 86.35}
{"timestamp": "2025-12-04T02:43:23.151801+00:00", "level": "INFO", "service": "api", "thread_id": "t-api-012", "correlation_id": "live-0021", "trace_id": "trace-live-0021", "span_id": "span-212", "message": "heartbeat ok", "metric": 56.32}
{"timestamp": "2025-12-04T02:43:23.301974+00:00", "level": "ERROR", "service": "api", "thread_id": "t-api-013", "correlation_id": "live-0021", "trace_id": "trace-live-0021", "span_id": "span-213", "message": "Database timeout", "metric": 90.76}
{"timestamp": "2025-12-04T02:43:23.452242+00:00", "level": "INFO", "service": "payments", "thread_id": "t-payments-014", "correlation_id": "live-0021", "trace_id": "trace-live-0021", "span_id": "span-214", "message": "heartbeat ok", "metric": 78.75}
{"timestamp": "2025-12-04T02:43:23.602475+00:00", "level": "INFO", "service": "ledger", "thread_id": "t-ledger-015", "correlation_id": "live-0021", "trace_id": "trace-live-0021", "span_id": "span-215", "message": "heartbeat ok", "metric": 69.67}
{"timestamp": "2025-12-04T02:43:23.752678+00:00", "level": "INFO", "service": "payments", "thread_id": "t-payments-016", "correlation_id": "live-0021", "trace_id": "trace-live-0021", "span_id": "span-216", "message": "heartbeat ok", "metric": 67.63}
{"timestamp": "2025-12-04T02:43:23.902892+00:00", "level": "INFO", "service": "search", "thread_id": "t-search-017", "correlation_id": "live-0021", "trace_id": "trace-live-0021", "span_id": "span-217", "message": "heartbeat ok", "metric": 34.95}
{"timestamp": "2025-12-04T02:43:24.053103+00:00", "level": "INFO", "service": "ledger", "thread_id": "t-ledger-018", "correlation_id": "live-0021", "trace_id": "trace-live-0021", "span_id": "span-218", "message": "heartbeat ok", "metric": 40.99}
{"timestamp": "2025-12-04T02:43:24.203271+00:00", "level": "INFO", "service": "api", "thread_id": "t-api-019", "correlation_id": "live-0021", "trace_id": "trace-live-0021", "span_id": "span-219", "message": "heartbeat ok", "metric": 85.17}
{"timestamp": "2025-12-04T02:43:24.353456+00:00", "level": "ERROR", "service": "payments", "thread_id": "t-payments-020", "correlation_id": "live-0022", "trace_id": "trace-live-0022", "span_id": "span-220", "message": "Database timeout", "metric": 29.6}
{"timestamp": "2025-12-04T02:43:24.503629+00:00", "level": "ERROR", "service": "payments", "thread_id": "t-payments-021", "correlation_id": "live-0022", "trace_id": "trace-live-0022", "span_id": "span-221", "message": "Database timeout", "metric": 36.85}
{"timestamp": "2025-12-04T02:43:24.653850+00:00", "level": "WARN", "service": "api", "thread_id": "t-api-022", "correlation_id": "live-0022", "trace_id": "trace-live-0022", "span_id": "span-222", "message": "cache miss spike", "metric": 93.87}
{"timestamp": "2025-12-04T02:43:24.804075+00:00", "level": "INFO", "service": "payments", "thread_id": "t-payments-023", "correlation_id": "live-0022", "trace_id": "trace-live-0022", "span_id": "span-223", "message": "heartbeat ok", "metric": 70.62}
{"timestamp": "2025-12-04T02:43:24.954273+00:00", "level": "WARN", "service": "payments", "thread_id": "t-payments-024", "correlation_id": "live-0022", "trace_id": "trace-live-0022", "span_id": "span-224", "message": "cache miss spike", "metric": 7.3}
{"timestamp": "2025-12-04T02:43:25.104468+00:00", "level": "INFO", "service": "ledger", "thread_id": "t-ledger-025", "correlation_id": "live-0022", "trace_id": "trace-live-0022", "span_id": "span-225", "message": "heartbeat ok", "metric": 2.1}
{"timestamp": "2025-12-04T02:43:25.254633+00:00", "level": "INFO", "service": "api", "thread_id": "t-api-026", "correlation_id": "live-0022", "trace_id": "trace-live-0022", "span_id": "span-226", "message": "heartbeat ok", "metric": 27.17}
{"timestamp": "2025-12-04T02:43:25.404793+00:00", "level": "ERROR", "service": "payments", "thread_id": "t-payments-027", "correlation_id": "live-0022", "trace_id": "trace-live-0022", "span_id": "span-227", "message": "Database timeout", "metric": 93.58}
{"timestamp": "2025-12-04T02:43:25.554964+00:00", "level": "INFO", "service": "auth", "thread_id": "t-auth-028", "correlation_id": "live-0022", "trace_id": "trace-live-0022", "span_id": "span-228", "message": "heartbeat ok", "metric": 89.3}
{"timestamp": "2025-12-04T02:43:25.705159+00:00", "level": "INFO", "service": "api", "thread_id": "t-api-029", "correlation_id": "live-0022", "trace_id": "trace-live-0022", "span_id": "span-229", "message": "heartbeat ok", "metric": 62.57}
{"timestamp": "2025-12-04T02:43:25.855336+00:00", "level": "INFO", "service": "search", "thread_id": "t-search-030", "correlation_id": "live-0023", "trace_id": "trace-live-0023", "span_id": "span-230", "message": "heartbeat ok", "metric": 5.56}
{"timestamp": "2025-12-04T02:43:26.005529+00:00", "level": "INFO", "service": "api", "thread_id": "t-api-031", "correlation_id": "live-0023", "trace_id": "trace-live-0023", "span_id": "span-231", "message": "heartbeat ok", "metric": 93.93}
{"timestamp": "2025-12-04T02:43:26.155704+00:00", "level": "WARN", "service": "api", "thread_id": "t-api-032", "correlation_id": "live-0023", "trace_id": "trace-live-0023", "span_id": "span-232", "message": "cache miss spike", "metric": 69.26}
{"timestamp": "2025-12-04T02:43:26.305849+00:00", "level": "INFO", "service": "ledger", "thread_id": "t-ledger-033", "correlation_id": "live-0023", "trace_id": "trace-live-0023", "span_id": "span-233", "message": "heartbeat ok", "metric": 53.43}
{"timestamp": "2025-12-04T02:43:26.456029+00:00", "level": "INFO", "service": "api", "thread_id": "t-api-034", "correlation_id": "live-0023", "trace_id": "trace-live-0023", "span_id": "span-234", "message": "heartbeat ok", "metric": 3.55}
{"timestamp": "2025-12-04T02:43:26.606184+00:00", "level": "WARN", "service": "payments", "thread_id": "t-payments-035", "correlation_id": "live-0023", "trace_id": "trace-live-0023", "span_id": "span-235", "message": "cache miss spike", "metric": 56.5}
{"timestamp": "2025-12-04T02:43:26.756349+00:00", "level": "WARN", "service": "auth", "thread_id": "t-auth-036", "correlation_id": "live-0023", "trace_id": "trace-live-0023", "span_id": "span-236", "message": "cache miss spike", "metric": 75.85}
{"timestamp": "2025-12-04T02:43:26.906521+00:00", "level": "INFO", "service": "payments", "thread_id": "t-payments-037", "correlation_id": "live-0023", "trace_id": "trace-live-0023", "span_id": "span-237", "message": "heartbeat ok", "metric": 7.11}
{"timestamp": "2025-12-04T02:43:27.056703+00:00", "level": "INFO", "service": "auth", "thread_id": "t-auth-038", "correlation_id": "live-0023", "trace_id": "trace-live-0023", "span_id": "span-238", "message": "heartbeat ok", "metric": 79.03}
{"timestamp": "2025-12-04T02:43:27.206917+00:00", "level": "WARN", "service": "payments", "thread_id": "t-payments-039", "correlation_id": "live-0023", "trace_id": "trace-live-0023", "span_id": "span-239", "message": "cache miss spike", "metric": 40.74}
{"timestamp": "2025-12-04T02:43:27.357119+00:00", "level": "WARN", "service": "auth", "thread_id": "t-auth-040", "correlation_id": "live-0024", "trace_id": "trace-live-0024", "span_id": "span-240", "message": "cache miss spike", "metric": 53.92}
{"timestamp": "2025-12-04T02:43:27.507356+00:00", "level": "INFO", "service": "auth", "thread_id": "t-auth-041", "correlation_id": "live-0024", "trace_id": "trace-live-0024", "span_id": "span-241", "message": "heartbeat ok", "metric": 39.03}
{"timestamp": "2025-12-04T02:43:27.657571+00:00", "level": "INFO", "service": "ledger", "thread_id": "t-ledger-042", "correlation_id": "live-0024", "trace_id": "trace-live-0024", "span_id": "span-242", "message": "heartbeat ok", "metric": 58.11}
{"timestamp": "2025-12-04T02:43:27.807723+00:00", "level": "INFO", "service": "api", "thread_id": "t-api-043", "correlation_id": "live-0024", "trace_id": "trace-live-0024", "span_id": "span-243", "message": "heartbeat ok", "metric": 63.98}
{"timestamp": "2025-12-04T02:43:27.957874+00:00", "level": "INFO", "service": "ledger", "thread_id": "t-ledger-044", "correlation_id": "live-0024", "trace_id": "trace-live-0024", "span_id": "span-244", "message": "heartbeat ok", "metric": 20.85}
{"timestamp": "2025-12-04T02:43:28.108072+00:00", "level": "INFO", "service": "api", "thread_id": "t-api-045", "correlation_id": "live-0024", "trace_id": "trace-live-0024", "span_id": "span-245", "message": "heartbeat ok", "metric": 54.2}
{"timestamp": "2025-12-04T02:43:28.258250+00:00", "level": "ERROR", "service": "api", "thread_id": "t-api-046", "correlation_id": "live-0024", "trace_id": "trace-live-0024", "span_id": "span-246", "message": "Database timeout", "metric": 4.06}
{"timestamp": "2025-12-04T02:43:28.408439+00:00", "level": "INFO", "service": "auth", "thread_id": "t-auth-047", "correlation_id": "live-0024", "trace_id": "trace-live-0024", "span_id": "span-247", "message": "heartbeat ok", "metric": 42.95}
{"timestamp": "2025-12-04T02:43:28.558590+00:00", "level": "INFO", "service": "payments", "thread_id": "t-payments-048", "correlation_id": "live-0024", "trace_id": "trace-live-0024", "span_id": "span-248", "message": "heartbeat ok", "metric": 76.95}
{"timestamp": "2025-12-04T02:43:28.708827+00:00", "level": "INFO", "service": "search", "thread_id": "t-search-049", "correlation_id": "live-0024", "trace_id": "trace-live-0024", "span_id": "span-249", "message": "heartbeat ok", "metric": 69.46}
{"timestamp": "2025-12-04T02:43:28.859016+00:00", "level": "ERROR", "service": "ledger", "thread_id": "t-ledger-000", "correlation_id": "live-0025", "trace_id": "trace-live-0025", "span_id": "span-250", "message": "Database timeout", "metric": 74.92}
{"timestamp": "2025-12-04T02:43:29.009191+00:00", "level": "INFO", "service": "search", "thread_id": "t-search-001", "correlation_id": "live-0025", "trace_id": "trace-live-0025", "span_id": "span-251", "message": "heartbeat ok", "metric": 74.18}
{"timestamp": "2025-12-04T02:43:29.159354+00:00", "level": "WARN", "service": "auth", "thread_id": "t-auth-002", "correlation_id": "live-0025", "trace_id": "trace-live-0025", "span_id": "span-252", "message": "cache miss spike", "metric": 80.37}
{"timestamp": "2025-12-04T02:43:29.309506+00:00", "level": "INFO", "service": "api", "thread_id": "t-api-003", "correlation_id": "live-0025", "trace_id": "trace-live-0025", "span_id": "span-253", "message": "heartbeat ok", "metric": 34.31}
{"timestamp": "2025-12-04T02:43:29.459664+00:00", "level": "INFO", "service": "auth", "thread_id": "t-auth-004", "correlation_id": "live-0025", "trace_id": "trace-live-0025", "span_id": "span-254", "message": "heartbeat ok", "metric": 80.26}
{"timestamp": "2025-12-04T02:43:29.609852+00:00", "level": "INFO", "service": "payments", "thread_id": "t-payments-005", "correlation_id": "live-0025", "trace_id": "trace-live-0025", "span_id": "span-255", "message": "heartbeat ok", "metric": 38.45}
{"timestamp": "2025-12-04T02:43:29.760206+00:00", "level": "INFO", "service": "api", "thread_id": "t-api-006", "correlation_id": "live-0025", "trace_id": "trace-live-0025", "span_id": "span-256", "message": "heartbeat ok", "metric": 4.77}
{"timestamp": "2025-12-04T02:43:29.910373+00:00", "level": "WARN", "service": "auth", "thread_id": "t-auth-007", "correlation_id": "live-0025", "trace_id": "trace-live-0025", "span_id": "span-257", "message": "cache miss spike", "metric": 24.31}
{"timestamp": "2025-12-04T02:43:30.060545+00:00", "level": "WARN", "service": "search", "thread_id": "t-search-008", "correlation_id": "live-0025", "trace_id": "trace-live-0025", "span_id": "span-258", "message": "cache miss spike", "metric": 88.76}
{"timestamp": "2025-12-04T02:43:30.210707+00:00", "level": "INFO", "service": "search", "thread_id": "t-search-009", "correlation_id": "live-0025", "trace_id": "trace-live-0025", "span_id": "span-259", "message": "heartbeat ok", "metric": 51.29}
{"timestamp": "2025-12-04T02:43:30.360935+00:00", "level": "INFO", "service": "api", "thread_id": "t-api-010", "correlation_id": "live-0026", "trace_id": "trace-live-0026", "span_id": "span-260", "message": "heartbeat ok", "metric": 42.77}
{"timestamp": "2025-12-04T02:43:30.511147+00:00", "level": "INFO", "service": "search", "thread_id": "t-search-011", "correlation_id": "live-0026", "trace_id": "trace-live-0026", "span_id": "span-261", "message": "heartbeat ok", "metric": 83.28}
{"timestamp": "2025-12-04T02:43:30.661370+00:00", "level": "WARN", "service": "api", "thread_id": "t-api-012", "correlation_id": "live-0026", "trace_id": "trace-live-0026", "span_id": "span-262", "message": "cache miss spike", "metric": 47.58}
{"timestamp": "2025-12-04T02:43:30.811560+00:00", "level": "INFO", "service": "search", "thread_id": "t-search-013", "correlation_id": "live-0026", "trace_id": "trace-live-0026", "span_id": "span-263", "message": "heartbeat ok", "metric": 63.32}
{"timestamp": "2025-12-04T02:43:30.961765+00:00", "level": "ERROR", "service": "search", "thread_id": "t-search-014", "correlation_id": "live-0026", "trace_id": "trace-live-0026", "span_id": "span-264", "message": "Database timeout", "metric": 36.63}
{"timestamp": "2025-12-04T02:43:31.111956+00:00", "level": "INFO", "service": "auth", "thread_id": "t-auth-015", "correlation_id": "live-0026", "trace_id": "trace-live-0026", "span_id": "span-265", "message": "heartbeat ok", "metric": 23.84}
{"timestamp": "2025-12-04T02:43:31.262226+00:00", "level": "WARN", "service": "payments", "thread_id": "t-payments-016", "correlation_id": "live-0026", "trace_id": "trace-live-0026", "span_id": "span-266", "message": "cache miss spike", "metric": 41.39}
{"timestamp": "2025-12-04T02:43:31.412457+00:00", "level": "INFO", "service": "api", "thread_id": "t-api-017", "correlation_id": "live-0026", "trace_id": "trace-live-0026", "span_id": "span-267", "message": "heartbeat ok", "metric": 94.08}
{"timestamp": "2025-12-04T02:43:31.562628+00:00", "level": "INFO", "service": "api", "thread_id": "t-api-018", "correlation_id": "live-0026", "trace_id": "trace-live-0026", "span_id": "span-268", "message": "heartbeat ok", "metric": 7.73}
{"timestamp": "2025-12-04T02:43:31.712792+00:00", "level": "INFO", "service": "auth", "thread_id": "t-auth-019", "correlation_id": "live-0026", "trace_id": "trace-live-0026", "span_id": "span-269", "message": "heartbeat ok", "metric": 49.73}
{"timestamp": "2025-12-04T02:43:31.862947+00:00", "level": "INFO", "service": "auth", "thread_id": "t-auth-020", "correlation_id": "live-0027", "trace_id": "trace-live-0027", "span_id": "span-270", "message": "heartbeat ok", "metric": 3.3}
{"timestamp": "2025-12-04T02:43:32.013138+00:00", "level": "INFO", "service": "api", "thread_id": "t-api-021", "correlation_id": "live-0027", "trace_id": "trace-live-0027", "span_id": "span-271", "message": "heartbeat ok", "metric": 37.89}
{"timestamp": "2025-12-04T02:43:32.163299+00:00", "level": "INFO", "service": "api", "thread_id": "t-api-022", "correlation_id": "live-0027", "trace_id": "trace-live-0027", "span_id": "span-272", "message": "heartbeat ok", "metric": 56.98}
{"timestamp": "2025-12-04T02:43:32.313465+00:00", "level": "INFO", "service": "ledger", "thread_id": "t-ledger-023", "correlation_id": "live-0027", "trace_id": "trace-live-0027", "span_id": "span-273", "message": "heartbeat ok", "metric": 35.69}
{"timestamp": "2025-12-04T02:43:32.463643+00:00", "level": "WARN", "service": "search", "thread_id": "t-search-024", "correlation_id": "live-0027", "trace_id": "trace-live-0027", "span_id": "span-274", "message": "cache miss spike", "metric": 84.55}
{"timestamp": "2025-12-04T02:43:32.613864+00:00", "level": "INFO", "service": "search", "thread_id": "t-search-025", "correlation_id": "live-0027", "trace_id": "trace-live-0027", "span_id": "span-275", "message": "heartbeat ok", "metric": 28.58}
{"timestamp": "2025-12-04T02:43:32.764109+00:00", "level": "INFO", "service": "auth", "thread_id": "t-auth-026", "correlation_id": "live-0027", "trace_id": "trace-live-0027", "span_id": "span-276", "message": "heartbeat ok", "metric": 4.97}
{"timestamp": "2025-12-04T02:43:32.914317+00:00", "level": "INFO", "service": "payments", "thread_id": "t-payments-027", "correlation_id": "live-0027", "trace_id": "trace-live-0027", "span_id": "span-277", "message": "heartbeat ok", "metric": 70.05}
{"timestamp": "2025-12-04T02:43:33.064509+00:00", "level": "INFO", "service": "payments", "thread_id": "t-payments-028", "correlation_id": "live-0027", "trace_id": "trace-live-0027", "span_id": "span-278", "message": "heartbeat ok", "metric": 83.0}
{"timestamp": "2025-12-04T02:43:33.214785+00:00", "level": "INFO", "service": "api", "thread_id": "t-api-029", "correlation_id": "live-0027", "trace_id": "trace-live-0027", "span_id": "span-279", "message": "heartbeat ok", "metric": 46.95}
{"timestamp": "2025-12-04T02:43:33.364955+00:00", "level": "WARN", "service": "payments", "thread_id": "t-payments-030", "correlation_id": "live-0028", "trace_id": "trace-live-0028", "span_id": "span-280", "message": "cache miss spike", "metric": 9.32}
{"timestamp": "2025-12-04T02:43:33.515131+00:00", "level": "ERROR", "service": "ledger", "thread_id": "t-ledger-031", "correlation_id": "live-0028", "trace_id": "trace-live-0028", "span_id": "span-281", "message": "Database timeout", "metric": 79.23}
{"timestamp": "2025-12-04T02:43:33.665304+00:00", "level": "INFO", "service": "payments", "thread_id": "t-payments-032", "correlation_id": "live-0028", "trace_id": "trace-live-0028", "span_id": "span-282", "message": "heartbeat ok", "metric": 94.54}
{"timestamp": "2025-12-04T02:43:33.815479+00:00", "level": "ERROR", "service": "api", "thread_id": "t-api-033", "correlation_id": "live-0028", "trace_id": "trace-live-0028", "span_id": "span-283", "message": "Database timeout", "metric": 56.3}
{"timestamp": "2025-12-04T02:43:33.965654+00:00", "level": "ERROR", "service": "search", "thread_id": "t-search-034", "correlation_id": "live-0028", "trace_id": "trace-live-0028", "span_id": "span-284", "message": "Database timeout", "metric": 47.68}
{"timestamp": "2025-12-04T02:43:34.115844+00:00", "level": "WARN", "service": "ledger", "thread_id": "t-ledger-035", "correlation_id": "live-0028", "trace_id": "trace-live-0028", "span_id": "span-285", "message": "cache miss spike", "metric": 88.73}
{"timestamp": "2025-12-04T02:43:34.266015+00:00", "level": "INFO", "service": "payments", "thread_id": "t-payments-036", "correlation_id": "live-0028", "trace_id": "trace-live-0028", "span_id": "span-286", "message": "heartbeat ok", "metric": 40.5}
{"timestamp": "2025-12-04T02:43:34.416176+00:00", "level": "ERROR", "service": "payments", "thread_id": "t-payments-037", "correlation_id": "live-0028", "trace_id": "trace-live-0028", "span_id": "span-287", "message": "Database timeout", "metric": 21.92}
{"timestamp": "2025-12-04T02:43:34.566353+00:00", "level": "WARN", "service": "search", "thread_id": "t-search-038", "correlation_id": "live-0028", "trace_id": "trace-live-0028", "span_id": "span-288", "message": "cache miss spike", "metric": 61.95}
{"timestamp": "2025-12-04T02:43:34.716528+00:00", "level": "INFO", "service": "payments", "thread_id": "t-payments-039", "correlation_id": "live-0028", "trace_id": "trace-live-0028", "span_id": "span-289", "message": "heartbeat ok", "metric": 33.75}
{"timestamp": "2025-12-04T02:43:34.866692+00:00", "level": "INFO", "service": "ledger", "thread_id": "t-ledger-040", "correlation_id": "live-0029", "trace_id": "trace-live-0029", "span_id": "span-290", "message": "heartbeat ok", "metric": 79.73}
{"timestamp": "2025-12-04T02:43:35.016863+00:00", "level": "INFO", "service": "ledger", "thread_id": "t-ledger-041", "correlation_id": "live-0029", "trace_id": "trace-live-0029", "span_id": "span-291", "message": "heartbeat ok", "metric": 99.6}
{"timestamp": "2025-12-04T02:43:35.167082+00:00", "level": "INFO", "service": "auth", "thread_id": "t-auth-042", "correlation_id": "live-0029", "trace_id": "trace-live-0029", "span_id": "span-292", "message": "heartbeat ok", "metric": 61.95}
{"timestamp": "2025-12-04T02:43:35.317286+00:00", "level": "INFO", "service": "payments", "thread_id": "t-payments-043", "correlation_id": "live-0029", "trace_id": "trace-live-0029", "span_id": "span-293", "message": "heartbeat ok", "metric": 98.95}
{"timestamp": "2025-12-04T02:43:35.467460+00:00", "level": "INFO", "service": "api", "thread_id": "t-api-044", "correlation_id": "live-0029", "trace_id": "trace-live-0029", "span_id": "span-294", "message": "heartbeat ok", "metric": 48.01}
{"timestamp": "2025-12-04T02:43:35.617650+00:00", "level": "INFO", "service": "payments", "thread_id": "t-payments-045", "correlation_id": "live-0029", "trace_id": "trace-live-0029", "span_id": "span-295", "message": "heartbeat ok", "metric": 80.98}
{"timestamp": "2025-12-04T02:43:35.767857+00:00", "level": "INFO", "service": "auth", "thread_id": "t-auth-046", "correlation_id": "live-0029", "trace_id": "trace-live-0029", "span_id": "span-296", "message": "heartbeat ok", "metric": 64.32}
{"timestamp": "2025-12-04T02:43:35.918019+00:00", "level": "WARN", "service": "search", "thread_id": "t-search-047", "correlation_id": "live-0029", "trace_id": "trace-live-0029", "span_id": "span-297", "message": "cache miss spike", "metric": 23.73}
{"timestamp": "2025-12-04T02:43:36.068200+00:00", "level": "WARN", "service": "search", "thread_id": "t-search-048", "correlation_id": "live-0029", "trace_id": "trace-live-0029", "span_id": "span-298", "message": "cache miss spike", "metric": 17.63}
{"timestamp": "2025-12-04T02:43:36.218382+00:00", "level": "ERROR", "service": "search", "thread_id": "t-search-049", "correlation_id": "live-0029", "trace_id": "trace-live-0029", "span_id": "span-299", "message": "Database timeout", "metric": 83.26}
{"timestamp": "2025-12-04T02:43:36.368562+00:00", "level": "INFO", "service": "api", "thread_id": "t-api-000", "correlation_id": "live-0030", "trace_id": "trace-live-0030", "span_id": "span-300", "message": "heartbeat ok", "metric": 33.59}
{"timestamp": "2025-12-04T02:43:36.518748+00:00", "level": "INFO", "service": "ledger", "thread_id": "t-ledger-001", "correlation_id": "live-0030", "trace_id": "trace-live-0030", "span_id": "span-301", "message": "heartbeat ok", "metric": 47.61}
{"timestamp": "2025-12-04T02:43:36.668933+00:00", "level": "WARN", "service": "search", "thread_id": "t-search-002", "correlation_id": "live-0030", "trace_id": "trace-live-0030", "span_id": "span-302", "message": "cache miss spike", "metric": 82.65}
{"timestamp": "2025-12-04T02:43:36.819090+00:00", "level": "ERROR", "service": "api", "thread_id": "t-api-003", "correlation_id": "live-0030", "trace_id": "trace-live-0030", "span_id": "span-303", "message": "Database timeout", "metric": 1.95}
{"timestamp": "2025-12-04T02:43:36.969245+00:00", "level": "INFO", "service": "payments", "thread_id": "t-payments-004", "correlation_id": "live-0030", "trace_id": "trace-live-0030", "span_id": "span-304", "message": "heartbeat ok", "metric": 70.19}
{"timestamp": "2025-12-04T02:43:37.119447+00:00", "level": "INFO", "service": "auth", "thread_id": "t-auth-005", "correlation_id": "live-0030", "trace_id": "trace-live-0030", "span_id": "span-305", "message": "heartbeat ok", "metric": 17.49}
{"timestamp": "2025-12-04T02:43:37.269613+00:00", "level": "INFO", "service": "api", "thread_id": "t-api-006", "correlation_id": "live-0030", "trace_id": "trace-live-0030", "span_id": "span-306", "message": "heartbeat ok", "metric": 79.86}
{"timestamp": "2025-12-04T02:43:37.419791+00:00", "level": "INFO", "service": "search", "thread_id": "t-search-007", "correlation_id": "live-0030", "trace_id": "trace-live-0030", "span_id": "span-307", "message": "heartbeat ok", "metric": 60.85}
{"timestamp": "2025-12-04T02:43:37.569962+00:00", "level": "INFO", "service": "payments", "thread_id": "t-payments-008", "correlation_id": "live-0030", "trace_id": "trace-live-0030", "span_id": "span-308", "message": "heartbeat ok", "metric": 59.03}
{"timestamp": "2025-12-04T02:43:37.720137+00:00", "level": "INFO", "service": "auth", "thread_id": "t-auth-009", "correlation_id": "live-0030", "trace_id": "trace-live-0030", "span_id": "span-309", "message": "heartbeat ok", "metric": 50.21}
{"timestamp": "2025-12-04T02:43:37.870297+00:00", "level": "INFO", "service": "auth", "thread_id": "t-auth-010", "correlation_id": "live-0031", "trace_id": "trace-live-0031", "span_id": "span-310", "message": "heartbeat ok", "metric": 65.76}
{"timestamp": "2025-12-04T02:43:38.020473+00:00", "level": "INFO", "service": "ledger", "thread_id": "t-ledger-011", "correlation_id": "live-0031", "trace_id": "trace-live-0031", "span_id": "span-311", "message": "heartbeat ok", "metric": 73.37}
{"timestamp": "2025-12-04T02:43:38.170625+00:00", "level": "INFO", "service": "search", "thread_id": "t-search-012", "correlation_id": "live-0031", "trace_id": "trace-live-0031", "span_id": "span-312", "message": "heartbeat ok", "metric": 86.0}
{"timestamp": "2025-12-04T02:43:38.320809+00:00", "level": "INFO", "service": "auth", "thread_id": "t-auth-013", "correlation_id": "live-0031", "trace_id": "trace-live-0031", "span_id": "span-313", "message": "heartbeat ok", "metric": 46.66}
{"timestamp": "2025-12-04T02:43:38.471040+00:00", "level": "INFO", "service": "ledger", "thread_id": "t-ledger-014", "correlation_id": "live-0031", "trace_id": "trace-live-0031", "span_id": "span-314", "message": "heartbeat ok", "metric": 71.54}
{"timestamp": "2025-12-04T02:43:38.621211+00:00", "level": "INFO", "service": "search", "thread_id": "t-search-015", "correlation_id": "live-0031", "trace_id": "trace-live-0031", "span_id": "span-315", "message": "heartbeat ok", "metric": 19.22}
{"timestamp": "2025-12-04T02:43:38.771401+00:00", "level": "INFO", "service": "api", "thread_id": "t-api-016", "correlation_id": "live-0031", "trace_id": "trace-live-0031", "span_id": "span-316", "message": "heartbeat ok", "metric": 86.79}
{"timestamp": "2025-12-04T02:43:38.921581+00:00", "level": "INFO", "service": "search", "thread_id": "t-search-017", "correlation_id": "live-0031", "trace_id": "trace-live-0031", "span_id": "span-317", "message": "heartbeat ok", "metric": 81.6}
{"timestamp": "2025-12-04T02:43:39.071735+00:00", "level": "WARN", "service": "search", "thread_id": "t-search-018", "correlation_id": "live-0031", "trace_id": "trace-live-0031", "span_id": "span-318", "message": "cache miss spike", "metric": 65.24}
{"timestamp": "2025-12-04T02:43:39.221928+00:00", "level": "INFO", "service": "payments", "thread_id": "t-payments-019", "correlation_id": "live-0031", "trace_id": "trace-live-0031", "span_id": "span-319", "message": "heartbeat ok", "metric": 33.64}
{"timestamp": "2025-12-04T02:43:39.372094+00:00", "level": "INFO", "service": "auth", "thread_id": "t-auth-020", "correlation_id": "live-0032", "trace_id": "trace-live-0032", "span_id": "span-320", "message": "heartbeat ok", "metric": 99.81}
{"timestamp": "2025-12-04T02:43:39.522351+00:00", "level": "INFO", "service": "payments", "thread_id": "t-payments-021", "correlation_id": "live-0032", "trace_id": "trace-live-0032", "span_id": "span-321", "message": "heartbeat ok", "metric": 13.72}
{"timestamp": "2025-12-04T02:43:39.672619+00:00", "level": "INFO", "service": "payments", "thread_id": "t-payments-022", "correlation_id": "live-0032", "trace_id": "trace-live-0032", "span_id": "span-322", "message": "heartbeat ok", "metric": 1.07}
{"timestamp": "2025-12-04T02:43:39.822814+00:00", "level": "INFO", "service": "api", "thread_id": "t-api-023", "correlation_id": "live-0032", "trace_id": "trace-live-0032", "span_id": "span-323", "message": "heartbeat ok", "metric": 65.98}
{"timestamp": "2025-12-04T02:43:39.972995+00:00", "level": "INFO", "service": "search", "thread_id": "t-search-024", "correlation_id": "live-0032", "trace_id": "trace-live-0032", "span_id": "span-324", "message": "heartbeat ok", "metric": 97.72}
{"timestamp": "2025-12-04T02:43:40.123223+00:00", "level": "INFO", "service": "ledger", "thread_id": "t-ledger-025", "correlation_id": "live-0032", "trace_id": "trace-live-0032", "span_id": "span-325", "message": "heartbeat ok", "metric": 91.01}
{"timestamp": "2025-12-04T02:43:40.273412+00:00", "level": "ERROR", "service": "api", "thread_id": "t-api-026", "correlation_id": "live-0032", "trace_id": "trace-live-0032", "span_id": "span-326", "message": "Database timeout", "metric": 5.87}
{"timestamp": "2025-12-04T02:43:40.423597+00:00", "level": "INFO", "service": "search", "thread_id": "t-search-027", "correlation_id": "live-0032", "trace_id": "trace-live-0032", "span_id": "span-327", "message": "heartbeat ok", "metric": 84.71}
{"timestamp": "2025-12-04T02:43:40.573786+00:00", "level": "ERROR", "service": "ledger", "thread_id": "t-ledger-028", "correlation_id": "live-0032", "trace_id": "trace-live-0032", "span_id": "span-328", "message": "Database timeout", "metric": 78.32}
{"timestamp": "2025-12-04T02:43:40.724001+00:00", "level": "WARN", "service": "ledger", "thread_id": "t-ledger-029", "correlation_id": "live-0032", "trace_id": "trace-live-0032", "span_id": "span-329", "message": "cache miss spike", "metric": 61.51}
{"timestamp": "2025-12-04T02:43:40.874259+00:00", "level": "INFO", "service": "auth", "thread_id": "t-auth-030", "correlation_id": "live-0033", "trace_id": "trace-live-0033", "span_id": "span-330", "message": "heartbeat ok", "metric": 79.68}
{"timestamp": "2025-12-04T02:43:41.024477+00:00", "level": "INFO", "service": "search", "thread_id": "t-search-031", "correlation_id": "live-0033", "trace_id": "trace-live-0033", "span_id": "span-331", "message": "heartbeat ok", "metric": 18.57}
{"timestamp": "2025-12-04T02:43:41.174643+00:00", "level": "INFO", "service": "api", "thread_id": "t-api-032", "correlation_id": "live-0033", "trace_id": "trace-live-0033", "span_id": "span-332", "message": "heartbeat ok", "metric": 37.28}
{"timestamp": "2025-12-04T02:43:41.324856+00:00", "level": "INFO", "service": "auth", "thread_id": "t-auth-033", "correlation_id": "live-0033", "trace_id": "trace-live-0033", "span_id": "span-333", "message": "heartbeat ok", "metric": 50.66}
{"timestamp": "2025-12-04T02:43:41.475147+00:00", "level": "INFO", "service": "api", "thread_id": "t-api-034", "correlation_id": "live-0033", "trace_id": "trace-live-0033", "span_id": "span-334", "message": "heartbeat ok", "metric": 82.28}
{"timestamp": "2025-12-04T02:43:41.625358+00:00", "level": "INFO", "service": "ledger", "thread_id": "t-ledger-035", "correlation_id": "live-0033", "trace_id": "trace-live-0033", "span_id": "span-335", "message": "heartbeat ok", "metric": 18.71}
{"timestamp": "2025-12-04T02:43:41.775512+00:00", "level": "INFO", "service": "search", "thread_id": "t-search-036", "correlation_id": "live-0033", "trace_id": "trace-live-0033", "span_id": "span-336", "message": "heartbeat ok", "metric": 57.66}
{"timestamp": "2025-12-04T02:43:41.925682+00:00", "level": "INFO", "service": "api", "thread_id": "t-api-037", "correlation_id": "live-0033", "trace_id": "trace-live-0033", "span_id": "span-337", "message": "heartbeat ok", "metric": 29.01}
{"timestamp": "2025-12-04T02:43:42.075854+00:00", "level": "ERROR", "service": "ledger", "thread_id": "t-ledger-038", "correlation_id": "live-0033", "trace_id": "trace-live-0033", "span_id": "span-338", "message": "Database timeout", "metric": 87.3}
{"timestamp": "2025-12-04T02:43:42.226023+00:00", "level": "INFO", "service": "api", "thread_id": "t-api-039", "correlation_id": "live-0033", "trace_id": "trace-live-0033", "span_id": "span-339", "message": "heartbeat ok", "metric": 50.86}
{"timestamp": "2025-12-04T02:43:42.376181+00:00", "level": "INFO", "service": "search", "thread_id": "t-search-040", "correlation_id": "live-0034", "trace_id": "trace-live-0034", "span_id": "span-340", "message": "heartbeat ok", "metric": 13.1}
{"timestamp": "2025-12-04T02:43:42.526321+00:00", "level": "INFO", "service": "auth", "thread_id": "t-auth-041", "correlation_id": "live-0034", "trace_id": "trace-live-0034", "span_id": "span-341", "message": "heartbeat ok", "metric": 81.28}
{"timestamp": "2025-12-04T02:43:42.676490+00:00", "level": "INFO", "service": "payments", "thread_id": "t-payments-042", "correlation_id": "live-0034", "trace_id": "trace-live-0034", "span_id": "span-342", "message": "heartbeat ok", "metric": 67.79}
{"timestamp": "2025-12-04T02:43:42.826646+00:00", "level": "INFO", "service": "api", "thread_id": "t-api-043", "correlation_id": "live-0034", "trace_id": "trace-live-0034", "span_id": "span-343", "message": "heartbeat ok", "metric": 52.47}
{"timestamp": "2025-12-04T02:43:42.976831+00:00", "level": "INFO", "service": "auth", "thread_id": "t-auth-044", "correlation_id": "live-0034", "trace_id": "trace-live-0034", "span_id": "span-344", "message": "heartbeat ok", "metric": 39.97}
{"timestamp": "2025-12-04T02:43:43.127048+00:00", "level": "INFO", "service": "api", "thread_id": "t-api-045", "correlation_id": "live-0034", "trace_id": "trace-live-0034", "span_id": "span-345", "message": "heartbeat ok", "metric": 81.4}
{"timestamp": "2025-12-04T02:43:43.277206+00:00", "level": "INFO", "service": "payments", "thread_id": "t-payments-046", "correlation_id": "live-0034", "trace_id": "trace-live-0034", "span_id": "span-346", "message": "heartbeat ok", "metric": 94.46}
{"timestamp": "2025-12-04T02:43:43.427385+00:00", "level": "INFO", "service": "auth", "thread_id": "t-auth-047", "correlation_id": "live-0034", "trace_id": "trace-live-0034", "span_id": "span-347", "message": "heartbeat ok", "metric": 37.95}
{"timestamp": "2025-12-04T02:43:43.577553+00:00", "level": "ERROR", "service": "search", "thread_id": "t-search-048", "correlation_id": "live-0034", "trace_id": "trace-live-0034", "span_id": "span-348", "message": "Database timeout", "metric": 67.8}
{"timestamp": "2025-12-04T02:43:43.727746+00:00", "level": "INFO", "service": "search", "thread_id": "t-search-049", "correlation_id": "live-0034", "trace_id": "trace-live-0034", "span_id": "span-349", "message": "heartbeat ok", "metric": 23.31}
{"timestamp": "2025-12-04T02:43:43.878041+00:00", "level": "WARN", "service": "payments", "thread_id": "t-payments-000", "correlation_id": "live-0035", "trace_id": "trace-live-0035", "span_id": "span-350", "message": "cache miss spike", "metric": 34.12}
{"timestamp": "2025-12-04T02:43:44.028323+00:00", "level": "INFO", "service": "auth", "thread_id": "t-auth-001", "correlation_id": "live-0035", "trace_id": "trace-live-0035", "span_id": "span-351", "message": "heartbeat ok", "metric": 16.35}
{"timestamp": "2025-12-04T02:43:44.178572+00:00", "level": "INFO", "service": "auth", "thread_id": "t-auth-002", "correlation_id": "live-0035", "trace_id": "trace-live-0035", "span_id": "span-352", "message": "heartbeat ok", "metric": 74.41}
{"timestamp": "2025-12-04T02:43:44.328832+00:00", "level": "INFO", "service": "auth", "thread_id": "t-auth-003", "correlation_id": "live-0035", "trace_id": "trace-live-0035", "span_id": "span-353", "message": "heartbeat ok", "metric": 51.72}
{"timestamp": "2025-12-04T02:43:44.479050+00:00", "level": "INFO", "service": "ledger", "thread_id": "t-ledger-004", "correlation_id": "live-0035", "trace_id": "trace-live-0035", "span_id": "span-354", "message": "heartbeat ok", "metric": 75.04}
{"timestamp": "2025-12-04T02:43:44.629312+00:00", "level": "WARN", "service": "auth", "thread_id": "t-auth-005", "correlation_id": "live-0035", "trace_id": "trace-live-0035", "span_id": "span-355", "message": "cache miss spike", "metric": 38.03}
{"timestamp": "2025-12-04T02:43:44.779573+00:00", "level": "INFO", "service": "search", "thread_id": "t-search-006", "correlation_id": "live-0035", "trace_id": "trace-live-0035", "span_id": "span-356", "message": "heartbeat ok", "metric": 91.78}
{"timestamp": "2025-12-04T02:43:44.929779+00:00", "level": "INFO", "service": "payments", "thread_id": "t-payments-007", "correlation_id": "live-0035", "trace_id": "trace-live-0035", "span_id": "span-357", "message": "heartbeat ok", "metric": 99.51}
{"timestamp": "2025-12-04T02:43:45.080045+00:00", "level": "INFO", "service": "payments", "thread_id": "t-payments-008", "correlation_id": "live-0035", "trace_id": "trace-live-0035", "span_id": "span-358", "message": "heartbeat ok", "metric": 37.65}
{"timestamp": "2025-12-04T02:43:45.230245+00:00", "level": "INFO", "service": "api", "thread_id": "t-api-009", "correlation_id": "live-0035", "trace_id": "trace-live-0035", "span_id": "span-359", "message": "heartbeat ok", "metric": 6.24}
{"timestamp": "2025-12-04T02:43:45.380388+00:00", "level": "WARN", "service": "ledger", "thread_id": "t-ledger-010", "correlation_id": "live-0036", "trace_id": "trace-live-0036", "span_id": "span-360", "message": "cache miss spike", "metric": 19.35}
{"timestamp": "2025-12-04T02:43:45.530611+00:00", "level": "WARN", "service": "payments", "thread_id": "t-payments-011", "correlation_id": "live-0036", "trace_id": "trace-live-0036", "span_id": "span-361", "message": "cache miss spike", "metric": 62.85}
{"timestamp": "2025-12-04T02:43:45.680867+00:00", "level": "INFO", "service": "payments", "thread_id": "t-payments-012", "correlation_id": "live-0036", "trace_id": "trace-live-0036", "span_id": "span-362", "message": "heartbeat ok", "metric": 84.13}
{"timestamp": "2025-12-04T02:43:45.831147+00:00", "level": "INFO", "service": "payments", "thread_id": "t-payments-013", "correlation_id": "live-0036", "trace_id": "trace-live-0036", "span_id": "span-363", "message": "heartbeat ok", "metric": 96.85}
{"timestamp": "2025-12-04T02:43:45.981408+00:00", "level": "WARN", "service": "ledger", "thread_id": "t-ledger-014", "correlation_id": "live-0036", "trace_id": "trace-live-0036", "span_id": "span-364", "message": "cache miss spike", "metric": 5.45}
{"timestamp": "2025-12-04T02:43:46.131695+00:00", "level": "INFO", "service": "ledger", "thread_id": "t-ledger-015", "correlation_id": "live-0036", "trace_id": "trace-live-0036", "span_id": "span-365", "message": "heartbeat ok", "metric": 75.82}
{"timestamp": "2025-12-04T02:43:46.281978+00:00", "level": "INFO", "service": "api", "thread_id": "t-api-016", "correlation_id": "live-0036", "trace_id": "trace-live-0036", "span_id": "span-366", "message": "heartbeat ok", "metric": 49.87}
{"timestamp": "2025-12-04T02:43:46.432304+00:00", "level": "WARN", "service": "api", "thread_id": "t-api-017", "correlation_id": "live-0036", "trace_id": "trace-live-0036", "span_id": "span-367", "message": "cache miss spike", "metric": 64.69}
{"timestamp": "2025-12-04T02:43:46.582634+00:00", "level": "INFO", "service": "search", "thread_id": "t-search-018", "correlation_id": "live-0036", "trace_id": "trace-live-0036", "span_id": "span-368", "message": "heartbeat ok", "metric": 23.39}
{"timestamp": "2025-12-04T02:43:46.732845+00:00", "level": "WARN", "service": "api", "thread_id": "t-api-019", "correlation_id": "live-0036", "trace_id": "trace-live-0036", "span_id": "span-369", "message": "cache miss spike", "metric": 21.95}
{"timestamp": "2025-12-04T02:43:46.883022+00:00", "level": "INFO", "service": "auth", "thread_id": "t-auth-020", "correlation_id": "live-0037", "trace_id": "trace-live-0037", "span_id": "span-370", "message": "heartbeat ok", "metric": 10.31}
{"timestamp": "2025-12-04T02:43:47.033275+00:00", "level": "INFO", "service": "auth", "thread_id": "t-auth-021", "correlation_id": "live-0037", "trace_id": "trace-live-0037", "span_id": "span-371", "message": "heartbeat ok", "metric": 85.1}
{"timestamp": "2025-12-04T02:43:47.183528+00:00", "level": "WARN", "service": "search", "thread_id": "t-search-022", "correlation_id": "live-0037", "trace_id": "trace-live-0037", "span_id": "span-372", "message": "cache miss spike", "metric": 43.54}
{"timestamp": "2025-12-04T02:43:47.333745+00:00", "level": "INFO", "service": "payments", "thread_id": "t-payments-023", "correlation_id": "live-0037", "trace_id": "trace-live-0037", "span_id": "span-373", "message": "heartbeat ok", "metric": 90.93}
{"timestamp": "2025-12-04T02:43:47.484006+00:00", "level": "INFO", "service": "auth", "thread_id": "t-auth-024", "correlation_id": "live-0037", "trace_id": "trace-live-0037", "span_id": "span-374", "message": "heartbeat ok", "metric": 38.44}
{"timestamp": "2025-12-04T02:43:47.634234+00:00", "level": "INFO", "service": "auth", "thread_id": "t-auth-025", "correlation_id": "live-0037", "trace_id": "trace-live-0037", "span_id": "span-375", "message": "heartbeat ok", "metric": 8.67}
{"timestamp": "2025-12-04T02:43:47.784443+00:00", "level": "INFO", "service": "payments", "thread_id": "t-payments-026", "correlation_id": "live-0037", "trace_id": "trace-live-0037", "span_id": "span-376", "message": "heartbeat ok", "metric": 93.85}
{"timestamp": "2025-12-04T02:43:47.934649+00:00", "level": "INFO", "service": "auth", "thread_id": "t-auth-027", "correlation_id": "live-0037", "trace_id": "trace-live-0037", "span_id": "span-377", "message": "heartbeat ok", "metric": 71.94}
{"timestamp": "2025-12-04T02:43:48.084892+00:00", "level": "WARN", "service": "ledger", "thread_id": "t-ledger-028", "correlation_id": "live-0037", "trace_id": "trace-live-0037", "span_id": "span-378", "message": "cache miss spike", "metric": 47.06}
{"timestamp": "2025-12-04T02:43:48.235183+00:00", "level": "INFO", "service": "search", "thread_id": "t-search-029", "correlation_id": "live-0037", "trace_id": "trace-live-0037", "span_id": "span-379", "message": "heartbeat ok", "metric": 65.04}
{"timestamp": "2025-12-04T02:43:48.385416+00:00", "level": "ERROR", "service": "ledger", "thread_id": "t-ledger-030", "correlation_id": "live-0038", "trace_id": "trace-live-0038", "span_id": "span-380", "message": "Database timeout", "metric": 22.35}
{"timestamp": "2025-12-04T02:43:48.535681+00:00", "level": "INFO", "service": "auth", "thread_id": "t-auth-031", "correlation_id": "live-0038", "trace_id": "trace-live-0038", "span_id": "span-381", "message": "heartbeat ok", "metric": 28.55}
{"timestamp": "2025-12-04T02:43:48.685932+00:00", "level": "INFO", "service": "search", "thread_id": "t-search-032", "correlation_id": "live-0038", "trace_id": "trace-live-0038", "span_id": "span-382", "message": "heartbeat ok", "metric": 88.24}
{"timestamp": "2025-12-04T02:43:48.836114+00:00", "level": "INFO", "service": "payments", "thread_id": "t-payments-033", "correlation_id": "live-0038", "trace_id": "trace-live-0038", "span_id": "span-383", "message": "heartbeat ok", "metric": 71.49}
{"timestamp": "2025-12-04T02:43:48.986315+00:00", "level": "INFO", "service": "search", "thread_id": "t-search-034", "correlation_id": "live-0038", "trace_id": "trace-live-0038", "span_id": "span-384", "message": "heartbeat ok", "metric": 66.3}
{"timestamp": "2025-12-04T02:43:49.136502+00:00", "level": "WARN", "service": "auth", "thread_id": "t-auth-035", "correlation_id": "live-0038", "trace_id": "trace-live-0038", "span_id": "span-385", "message": "cache miss spike", "metric": 64.58}
{"timestamp": "2025-12-04T02:43:49.286759+00:00", "level": "WARN", "service": "api", "thread_id": "t-api-036", "correlation_id": "live-0038", "trace_id": "trace-live-0038", "span_id": "span-386", "message": "cache miss spike", "metric": 68.18}
{"timestamp": "2025-12-04T02:43:49.436932+00:00", "level": "WARN", "service": "api", "thread_id": "t-api-037", "correlation_id": "live-0038", "trace_id": "trace-live-0038", "span_id": "span-387", "message": "cache miss spike", "metric": 36.35}
{"timestamp": "2025-12-04T02:43:49.587184+00:00", "level": "INFO", "service": "auth", "thread_id": "t-auth-038", "correlation_id": "live-0038", "trace_id": "trace-live-0038", "span_id": "span-388", "message": "heartbeat ok", "metric": 98.74}
{"timestamp": "2025-12-04T02:43:49.737430+00:00", "level": "INFO", "service": "auth", "thread_id": "t-auth-039", "correlation_id": "live-0038", "trace_id": "trace-live-0038", "span_id": "span-389", "message": "heartbeat ok", "metric": 78.33}
{"timestamp": "2025-12-04T02:43:49.887676+00:00", "level": "ERROR", "service": "auth", "thread_id": "t-auth-040", "correlation_id": "live-0039", "trace_id": "trace-live-0039", "span_id": "span-390", "message": "Database timeout", "metric": 59.81}
{"timestamp": "2025-12-04T02:43:50.037843+00:00", "level": "INFO", "service": "search", "thread_id": "t-search-041", "correlation_id": "live-0039", "trace_id": "trace-live-0039", "span_id": "span-391", "message": "heartbeat ok", "metric": 39.56}
{"timestamp": "2025-12-04T02:43:50.188112+00:00", "level": "WARN", "service": "search", "thread_id": "t-search-042", "correlation_id": "live-0039", "trace_id": "trace-live-0039", "span_id": "span-392", "message": "cache miss spike", "metric": 97.52}
{"timestamp": "2025-12-04T02:43:50.338278+00:00", "level": "INFO", "service": "api", "thread_id": "t-api-043", "correlation_id": "live-0039", "trace_id": "trace-live-0039", "span_id": "span-393", "message": "heartbeat ok", "metric": 28.19}
{"timestamp": "2025-12-04T02:43:50.488451+00:00", "level": "INFO", "service": "ledger", "thread_id": "t-ledger-044", "correlation_id": "live-0039", "trace_id": "trace-live-0039", "span_id": "span-394", "message": "heartbeat ok", "metric": 20.09}
{"timestamp": "2025-12-04T02:43:50.638636+00:00", "level": "WARN", "service": "auth", "thread_id": "t-auth-045", "correlation_id": "live-0039", "trace_id": "trace-live-0039", "span_id": "span-395", "message": "cache miss spike", "metric": 1.04}
{"timestamp": "2025-12-04T02:43:50.788834+00:00", "level": "ERROR", "service": "api", "thread_id": "t-api-046", "correlation_id": "live-0039", "trace_id": "trace-live-0039", "span_id": "span-396", "message": "Database timeout", "metric": 32.24}
{"timestamp": "2025-12-04T02:43:50.939046+00:00", "level": "INFO", "service": "ledger", "thread_id": "t-ledger-047", "correlation_id": "live-0039", "trace_id": "trace-live-0039", "span_id": "span-397", "message": "heartbeat ok", "metric": 75.35}
{"timestamp": "2025-12-04T02:43:51.089204+00:00", "level": "INFO", "service": "ledger", "thread_id": "t-ledger-048", "correlation_id": "live-0039", "trace_id": "trace-live-0039", "span_id": "span-398", "message": "heartbeat ok", "metric": 69.33}
{"timestamp": "2025-12-04T02:43:51.239369+00:00", "level": "INFO", "service": "auth", "thread_id": "t-auth-049", "correlation_id": "live-0039", "trace_id": "trace-live-0039", "span_id": "span-399", "message": "heartbeat ok", "metric": 30.53}
{"timestamp": "2025-12-04T02:43:51.389569+00:00", "level": "INFO", "service": "auth", "thread_id": "t-auth-000", "correlation_id": "live-0040", "trace_id": "trace-live-0040", "span_id": "span-400", "message": "heartbeat ok", "metric": 71.88}
{"timestamp": "2025-12-04T02:43:51.539782+00:00", "level": "INFO", "service": "search", "thread_id": "t-search-001", "correlation_id": "live-0040", "trace_id": "trace-live-0040", "span_id": "span-401", "message": "heartbeat ok", "metric": 47.01}
{"timestamp": "2025-12-04T02:43:51.689958+00:00", "level": "ERROR", "service": "search", "thread_id": "t-search-002", "correlation_id": "live-0040", "trace_id": "trace-live-0040", "span_id": "span-402", "message": "Database timeout", "metric": 84.18}
{"timestamp": "2025-12-04T02:43:51.840109+00:00", "level": "INFO", "service": "search", "thread_id": "t-search-003", "correlation_id": "live-0040", "trace_id": "trace-live-0040", "span_id": "span-403", "message": "heartbeat ok", "metric": 27.62}
{"timestamp": "2025-12-04T02:43:51.990284+00:00", "level": "INFO", "service": "search", "thread_id": "t-search-004", "correlation_id": "live-0040", "trace_id": "trace-live-0040", "span_id": "span-404", "message": "heartbeat ok", "metric": 79.42}
{"timestamp": "2025-12-04T02:43:52.140491+00:00", "level": "INFO", "service": "auth", "thread_id": "t-auth-005", "correlation_id": "live-0040", "trace_id": "trace-live-0040", "span_id": "span-405", "message": "heartbeat ok", "metric": 91.41}
{"timestamp": "2025-12-04T02:43:52.290679+00:00", "level": "INFO", "service": "api", "thread_id": "t-api-006", "correlation_id": "live-0040", "trace_id": "trace-live-0040", "span_id": "span-406", "message": "heartbeat ok", "metric": 39.94}
{"timestamp": "2025-12-04T02:43:52.440840+00:00", "level": "INFO", "service": "api", "thread_id": "t-api-007", "correlation_id": "live-0040", "trace_id": "trace-live-0040", "span_id": "span-407", "message": "heartbeat ok", "metric": 67.05}
{"timestamp": "2025-12-04T02:43:52.591018+00:00", "level": "INFO", "service": "api", "thread_id": "t-api-008", "correlation_id": "live-0040", "trace_id": "trace-live-0040", "span_id": "span-408", "message": "heartbeat ok", "metric": 74.98}
{"timestamp": "2025-12-04T02:43:52.741202+00:00", "level": "INFO", "service": "api", "thread_id": "t-api-009", "correlation_id": "live-0040", "trace_id": "trace-live-0040", "span_id": "span-409", "message": "heartbeat ok", "metric": 50.77}
{"timestamp": "2025-12-04T02:43:52.891361+00:00", "level": "INFO", "service": "api", "thread_id": "t-api-010", "correlation_id": "live-0041", "trace_id": "trace-live-0041", "span_id": "span-410", "message": "heartbeat ok", "metric": 51.14}
{"timestamp": "2025-12-04T02:43:53.041519+00:00", "level": "INFO", "service": "payments", "thread_id": "t-payments-011", "correlation_id": "live-0041", "trace_id": "trace-live-0041", "span_id": "span-411", "message": "heartbeat ok", "metric": 33.68}
{"timestamp": "2025-12-04T02:43:53.191693+00:00", "level": "INFO", "service": "search", "thread_id": "t-search-012", "correlation_id": "live-0041", "trace_id": "trace-live-0041", "span_id": "span-412", "message": "heartbeat ok", "metric": 74.13}
{"timestamp": "2025-12-04T02:43:53.341870+00:00", "level": "WARN", "service": "ledger", "thread_id": "t-ledger-013", "correlation_id": "live-0041", "trace_id": "trace-live-0041", "span_id": "span-413", "message": "cache miss spike", "metric": 92.74}
{"timestamp": "2025-12-04T02:43:53.492100+00:00", "level": "WARN", "service": "ledger", "thread_id": "t-ledger-014", "correlation_id": "live-0041", "trace_id": "trace-live-0041", "span_id": "span-414", "message": "cache miss spike", "metric": 13.88}
{"timestamp": "2025-12-04T02:43:53.642267+00:00", "level": "INFO", "service": "api", "thread_id": "t-api-015", "correlation_id": "live-0041", "trace_id": "trace-live-0041", "span_id": "span-415", "message": "heartbeat ok", "metric": 13.16}
{"timestamp": "2025-12-04T02:43:53.792442+00:00", "level": "INFO", "service": "ledger", "thread_id": "t-ledger-016", "correlation_id": "live-0041", "trace_id": "trace-live-0041", "span_id": "span-416", "message": "heartbeat ok", "metric": 33.88}
{"timestamp": "2025-12-04T02:43:53.942640+00:00", "level": "WARN", "service": "auth", "thread_id": "t-auth-017", "correlation_id": "live-0041", "trace_id": "trace-live-0041", "span_id": "span-417", "message": "cache miss spike", "metric": 34.07}
{"timestamp": "2025-12-04T02:43:54.092797+00:00", "level": "INFO", "service": "auth", "thread_id": "t-auth-018", "correlation_id": "live-0041", "trace_id": "trace-live-0041", "span_id": "span-418", "message": "heartbeat ok", "metric": 26.93}
{"timestamp": "2025-12-04T02:43:54.242964+00:00", "level": "INFO", "service": "auth", "thread_id": "t-auth-019", "correlation_id": "live-0041", "trace_id": "trace-live-0041", "span_id": "span-419", "message": "heartbeat ok", "metric": 27.79}
{"timestamp": "2025-12-04T02:43:54.393132+00:00", "level": "ERROR", "service": "api", "thread_id": "t-api-020", "correlation_id": "live-0042", "trace_id": "trace-live-0042", "span_id": "span-420", "message": "Database timeout", "metric": 26.19}
{"timestamp": "2025-12-04T02:43:54.543292+00:00", "level": "INFO", "service": "api", "thread_id": "t-api-021", "correlation_id": "live-0042", "trace_id": "trace-live-0042", "span_id": "span-421", "message": "heartbeat ok", "metric": 44.11}
{"timestamp": "2025-12-04T02:43:54.693453+00:00", "level": "INFO", "service": "api", "thread_id": "t-api-022", "correlation_id": "live-0042", "trace_id": "trace-live-0042", "span_id": "span-422", "message": "heartbeat ok", "metric": 88.74}
{"timestamp": "2025-12-04T02:43:54.843620+00:00", "level": "INFO", "service": "ledger", "thread_id": "t-ledger-023", "correlation_id": "live-0042", "trace_id": "trace-live-0042", "span_id": "span-423", "message": "heartbeat ok", "metric": 54.87}
{"timestamp": "2025-12-04T02:43:54.993775+00:00", "level": "INFO", "service": "ledger", "thread_id": "t-ledger-024", "correlation_id": "live-0042", "trace_id": "trace-live-0042", "span_id": "span-424", "message": "heartbeat ok", "metric": 17.54}
{"timestamp": "2025-12-04T02:43:55.143953+00:00", "level": "WARN", "service": "payments", "thread_id": "t-payments-025", "correlation_id": "live-0042", "trace_id": "trace-live-0042", "span_id": "span-425", "message": "cache miss spike", "metric": 79.0}
{"timestamp": "2025-12-04T02:43:55.294119+00:00", "level": "INFO", "service": "auth", "thread_id": "t-auth-026", "correlation_id": "live-0042", "trace_id": "trace-live-0042", "span_id": "span-426", "message": "heartbeat ok", "metric": 36.39}
{"timestamp": "2025-12-04T02:43:55.444291+00:00", "level": "INFO", "service": "api", "thread_id": "t-api-027", "correlation_id": "live-0042", "trace_id": "trace-live-0042", "span_id": "span-427", "message": "heartbeat ok", "metric": 6.1}
{"timestamp": "2025-12-04T02:43:55.594476+00:00", "level": "ERROR", "service": "ledger", "thread_id": "t-ledger-028", "correlation_id": "live-0042", "trace_id": "trace-live-0042", "span_id": "span-428", "message": "Database timeout", "metric": 63.37}
{"timestamp": "2025-12-04T02:43:55.744656+00:00", "level": "INFO", "service": "payments", "thread_id": "t-payments-029", "correlation_id": "live-0042", "trace_id": "trace-live-0042", "span_id": "span-429", "message": "heartbeat ok", "metric": 41.46}
{"timestamp": "2025-12-04T02:43:55.894816+00:00", "level": "INFO", "service": "payments", "thread_id": "t-payments-030", "correlation_id": "live-0043", "trace_id": "trace-live-0043", "span_id": "span-430", "message": "heartbeat ok", "metric": 8.5}
{"timestamp": "2025-12-04T02:43:56.044940+00:00", "level": "INFO", "service": "payments", "thread_id": "t-payments-031", "correlation_id": "live-0043", "trace_id": "trace-live-0043", "span_id": "span-431", "message": "heartbeat ok", "metric": 69.56}
{"timestamp": "2025-12-04T02:43:56.195121+00:00", "level": "WARN", "service": "ledger", "thread_id": "t-ledger-032", "correlation_id": "live-0043", "trace_id": "trace-live-0043", "span_id": "span-432", "message": "cache miss spike", "metric": 58.58}
{"timestamp": "2025-12-04T02:43:56.345282+00:00", "level": "INFO", "service": "auth", "thread_id": "t-auth-033", "correlation_id": "live-0043", "trace_id": "trace-live-0043", "span_id": "span-433", "message": "heartbeat ok", "metric": 19.62}
{"timestamp": "2025-12-04T02:43:56.495580+00:00", "level": "INFO", "service": "ledger", "thread_id": "t-ledger-034", "correlation_id": "live-0043", "trace_id": "trace-live-0043", "span_id": "span-434", "message": "heartbeat ok", "metric": 10.77}
{"timestamp": "2025-12-04T02:43:56.645859+00:00", "level": "INFO", "service": "auth", "thread_id": "t-auth-035", "correlation_id": "live-0043", "trace_id": "trace-live-0043", "span_id": "span-435", "message": "heartbeat ok", "metric": 57.11}
{"timestamp": "2025-12-04T02:43:56.796058+00:00", "level": "INFO", "service": "search", "thread_id": "t-search-036", "correlation_id": "live-0043", "trace_id": "trace-live-0043", "span_id": "span-436", "message": "heartbeat ok", "metric": 39.32}
{"timestamp": "2025-12-04T02:43:56.946352+00:00", "level": "ERROR", "service": "api", "thread_id": "t-api-037", "correlation_id": "live-0043", "trace_id": "trace-live-0043", "span_id": "span-437", "message": "Database timeout", "metric": 79.87}
{"timestamp": "2025-12-04T02:43:57.096653+00:00", "level": "ERROR", "service": "auth", "thread_id": "t-auth-038", "correlation_id": "live-0043", "trace_id": "trace-live-0043", "span_id": "span-438", "message": "Database timeout", "metric": 34.53}
{"timestamp": "2025-12-04T02:43:57.247025+00:00", "level": "WARN", "service": "search", "thread_id": "t-search-039", "correlation_id": "live-0043", "trace_id": "trace-live-0043", "span_id": "span-439", "message": "cache miss spike", "metric": 66.74}
{"timestamp": "2025-12-04T02:43:57.397327+00:00", "level": "INFO", "service": "search", "thread_id": "t-search-040", "correlation_id": "live-0044", "trace_id": "trace-live-0044", "span_id": "span-440", "message": "heartbeat ok", "metric": 18.43}
{"timestamp": "2025-12-04T02:43:57.547609+00:00", "level": "WARN", "service": "search", "thread_id": "t-search-041", "correlation_id": "live-0044", "trace_id": "trace-live-0044", "span_id": "span-441", "message": "cache miss spike", "metric": 89.82}
{"timestamp": "2025-12-04T02:43:57.697799+00:00", "level": "INFO", "service": "payments", "thread_id": "t-payments-042", "correlation_id": "live-0044", "trace_id": "trace-live-0044", "span_id": "span-442", "message": "heartbeat ok", "metric": 71.32}
{"timestamp": "2025-12-04T02:43:57.848025+00:00", "level": "INFO", "service": "ledger", "thread_id": "t-ledger-043", "correlation_id": "live-0044", "trace_id": "trace-live-0044", "span_id": "span-443", "message": "heartbeat ok", "metric": 99.58}
{"timestamp": "2025-12-04T02:43:57.998241+00:00", "level": "INFO", "service": "ledger", "thread_id": "t-ledger-044", "correlation_id": "live-0044", "trace_id": "trace-live-0044", "span_id": "span-444", "message": "heartbeat ok", "metric": 99.37}
{"timestamp": "2025-12-04T02:43:58.148430+00:00", "level": "INFO", "service": "auth", "thread_id": "t-auth-045", "correlation_id": "live-0044", "trace_id": "trace-live-0044", "span_id": "span-445", "message": "heartbeat ok", "metric": 90.02}
{"timestamp": "2025-12-04T02:43:58.298603+00:00", "level": "INFO", "service": "ledger", "thread_id": "t-ledger-046", "correlation_id": "live-0044", "trace_id": "trace-live-0044", "span_id": "span-446", "message": "heartbeat ok", "metric": 16.09}
{"timestamp": "2025-12-04T02:43:58.448888+00:00", "level": "INFO", "service": "payments", "thread_id": "t-payments-047", "correlation_id": "live-0044", "trace_id": "trace-live-0044", "span_id": "span-447", "message": "heartbeat ok", "metric": 99.91}
{"timestamp": "2025-12-04T02:43:58.599189+00:00", "level": "INFO", "service": "auth", "thread_id": "t-auth-048", "correlation_id": "live-0044", "trace_id": "trace-live-0044", "span_id": "span-448", "message": "heartbeat ok", "metric": 66.37}
{"timestamp": "2025-12-04T02:43:58.749428+00:00", "level": "INFO", "service": "ledger", "thread_id": "t-ledger-049", "correlation_id": "live-0044", "trace_id": "trace-live-0044", "span_id": "span-449", "message": "heartbeat ok", "metric": 94.25}
{"timestamp": "2025-12-04T02:43:58.899611+00:00", "level": "INFO", "service": "auth", "thread_id": "t-auth-000", "correlation_id": "live-0045", "trace_id": "trace-live-0045", "span_id": "span-450", "message": "heartbeat ok", "metric": 3.96}
{"timestamp": "2025-12-04T02:43:59.049920+00:00", "level": "INFO", "service": "auth", "thread_id": "t-auth-001", "correlation_id": "live-0045", "trace_id": "trace-live-0045", "span_id": "span-451", "message": "heartbeat ok", "metric": 34.71}
{"timestamp": "2025-12-04T02:43:59.200145+00:00", "level": "INFO", "service": "ledger", "thread_id": "t-ledger-002", "correlation_id": "live-0045", "trace_id": "trace-live-0045", "span_id": "span-452", "message": "heartbeat ok", "metric": 34.12}
{"timestamp": "2025-12-04T02:43:59.350382+00:00", "level": "ERROR", "service": "ledger", "thread_id": "t-ledger-003", "correlation_id": "live-0045", "trace_id": "trace-live-0045", "span_id": "span-453", "message": "Database timeout", "metric": 91.79}
{"timestamp": "2025-12-04T02:43:59.500578+00:00", "level": "INFO", "service": "payments", "thread_id": "t-payments-004", "correlation_id": "live-0045", "trace_id": "trace-live-0045", "span_id": "span-454", "message": "heartbeat ok", "metric": 85.81}
{"timestamp": "2025-12-04T02:43:59.650770+00:00", "level": "ERROR", "service": "payments", "thread_id": "t-payments-005", "correlation_id": "live-0045", "trace_id": "trace-live-0045", "span_id": "span-455", "message": "Database timeout", "metric": 95.4}
{"timestamp": "2025-12-04T02:43:59.801007+00:00", "level": "INFO", "service": "payments", "thread_id": "t-payments-006", "correlation_id": "live-0045", "trace_id": "trace-live-0045", "span_id": "span-456", "message": "heartbeat ok", "metric": 52.23}
{"timestamp": "2025-12-04T02:43:59.951271+00:00", "level": "INFO", "service": "ledger", "thread_id": "t-ledger-007", "correlation_id": "live-0045", "trace_id": "trace-live-0045", "span_id": "span-457", "message": "heartbeat ok", "metric": 76.01}
{"timestamp": "2025-12-04T02:44:00.101484+00:00", "level": "INFO", "service": "api", "thread_id": "t-api-008", "correlation_id": "live-0045", "trace_id": "trace-live-0045", "span_id": "span-458", "message": "heartbeat ok", "metric": 50.18}
{"timestamp": "2025-12-04T02:44:00.251675+00:00", "level": "INFO", "service": "payments", "thread_id": "t-payments-009", "correlation_id": "live-0045", "trace_id": "trace-live-0045", "span_id": "span-459", "message": "heartbeat ok", "metric": 39.0}
{"timestamp": "2025-12-04T02:44:00.401856+00:00", "level": "INFO", "service": "payments", "thread_id": "t-payments-010", "correlation_id": "live-0046", "trace_id": "trace-live-0046", "span_id": "span-460", "message": "heartbeat ok", "metric": 68.53}
{"timestamp": "2025-12-04T02:44:00.552035+00:00", "level": "INFO", "service": "ledger", "thread_id": "t-ledger-011", "correlation_id": "live-0046", "trace_id": "trace-live-0046", "span_id": "span-461", "message": "heartbeat ok", "metric": 34.92}
{"timestamp": "2025-12-04T02:44:00.702207+00:00", "level": "INFO", "service": "api", "thread_id": "t-api-012", "correlation_id": "live-0046", "trace_id": "trace-live-0046", "span_id": "span-462", "message": "heartbeat ok", "metric": 0.56}
{"timestamp": "2025-12-04T02:44:00.852381+00:00", "level": "INFO", "service": "payments", "thread_id": "t-payments-013", "correlation_id": "live-0046", "trace_id": "trace-live-0046", "span_id": "span-463", "message": "heartbeat ok", "metric": 90.83}
{"timestamp": "2025-12-04T02:44:01.002526+00:00", "level": "INFO", "service": "ledger", "thread_id": "t-ledger-014", "correlation_id": "live-0046", "trace_id": "trace-live-0046", "span_id": "span-464", "message": "heartbeat ok", "metric": 14.22}
{"timestamp": "2025-12-04T02:44:01.152694+00:00", "level": "INFO", "service": "auth", "thread_id": "t-auth-015", "correlation_id": "live-0046", "trace_id": "trace-live-0046", "span_id": "span-465", "message": "heartbeat ok", "metric": 72.54}
{"timestamp": "2025-12-04T02:44:01.302861+00:00", "level": "ERROR", "service": "payments", "thread_id": "t-payments-016", "correlation_id": "live-0046", "trace_id": "trace-live-0046", "span_id": "span-466", "message": "Database timeout", "metric": 90.23}
{"timestamp": "2025-12-04T02:44:01.453059+00:00", "level": "INFO", "service": "auth", "thread_id": "t-auth-017", "correlation_id": "live-0046", "trace_id": "trace-live-0046", "span_id": "span-467", "message": "heartbeat ok", "metric": 1.92}
{"timestamp": "2025-12-04T02:44:01.603226+00:00", "level": "INFO", "service": "api", "thread_id": "t-api-018", "correlation_id": "live-0046", "trace_id": "trace-live-0046", "span_id": "span-468", "message": "heartbeat ok", "metric": 57.71}
{"timestamp": "2025-12-04T02:44:01.753392+00:00", "level": "INFO", "service": "auth", "thread_id": "t-auth-019", "correlation_id": "live-0046", "trace_id": "trace-live-0046", "span_id": "span-469", "message": "heartbeat ok", "metric": 94.8}
{"timestamp": "2025-12-04T02:44:01.903580+00:00", "level": "INFO", "service": "search", "thread_id": "t-search-020", "correlation_id": "live-0047", "trace_id": "trace-live-0047", "span_id": "span-470", "message": "heartbeat ok", "metric": 64.85}
{"timestamp": "2025-12-04T02:44:02.053781+00:00", "level": "INFO", "service": "auth", "thread_id": "t-auth-021", "correlation_id": "live-0047", "trace_id": "trace-live-0047", "span_id": "span-471", "message": "heartbeat ok", "metric": 28.36}
{"timestamp": "2025-12-04T02:44:02.203966+00:00", "level": "WARN", "service": "search", "thread_id": "t-search-022", "correlation_id": "live-0047", "trace_id": "trace-live-0047", "span_id": "span-472", "message": "cache miss spike", "metric": 85.71}
{"timestamp": "2025-12-04T02:44:02.354149+00:00", "level": "WARN", "service": "auth", "thread_id": "t-auth-023", "correlation_id": "live-0047", "trace_id": "trace-live-0047", "span_id": "span-473", "message": "cache miss spike", "metric": 31.01}
{"timestamp": "2025-12-04T02:44:02.504352+00:00", "level": "ERROR", "service": "ledger", "thread_id": "t-ledger-024", "correlation_id": "live-0047", "trace_id": "trace-live-0047", "span_id": "span-474", "message": "Database timeout", "metric": 97.8}
{"timestamp": "2025-12-04T02:44:02.654541+00:00", "level": "INFO", "service": "api", "thread_id": "t-api-025", "correlation_id": "live-0047", "trace_id": "trace-live-0047", "span_id": "span-475", "message": "heartbeat ok", "metric": 26.41}
{"timestamp": "2025-12-04T02:44:02.804697+00:00", "level": "WARN", "service": "ledger", "thread_id": "t-ledger-026", "correlation_id": "live-0047", "trace_id": "trace-live-0047", "span_id": "span-476", "message": "cache miss spike", "metric": 50.11}
{"timestamp": "2025-12-04T02:44:02.954857+00:00", "level": "INFO", "service": "search", "thread_id": "t-search-027", "correlation_id": "live-0047", "trace_id": "trace-live-0047", "span_id": "span-477", "message": "heartbeat ok", "metric": 13.23}
{"timestamp": "2025-12-04T02:44:03.105048+00:00", "level": "INFO", "service": "search", "thread_id": "t-search-028", "correlation_id": "live-0047", "trace_id": "trace-live-0047", "span_id": "span-478", "message": "heartbeat ok", "metric": 10.86}
{"timestamp": "2025-12-04T02:44:03.255223+00:00", "level": "WARN", "service": "api", "thread_id": "t-api-029", "correlation_id": "live-0047", "trace_id": "trace-live-0047", "span_id": "span-479", "message": "cache miss spike", "metric": 64.36}
{"timestamp": "2025-12-04T02:44:03.405372+00:00", "level": "INFO", "service": "search", "thread_id": "t-search-030", "correlation_id": "live-0048", "trace_id": "trace-live-0048", "span_id": "span-480", "message": "heartbeat ok", "metric": 33.97}
{"timestamp": "2025-12-04T02:44:03.555572+00:00", "level": "INFO", "service": "search", "thread_id": "t-search-031", "correlation_id": "live-0048", "trace_id": "trace-live-0048", "span_id": "span-481", "message": "heartbeat ok", "metric": 22.97}
{"timestamp": "2025-12-04T02:44:03.705742+00:00", "level": "INFO", "service": "api", "thread_id": "t-api-032", "correlation_id": "live-0048", "trace_id": "trace-live-0048", "span_id": "span-482", "message": "heartbeat ok", "metric": 40.3}
{"timestamp": "2025-12-04T02:44:03.855932+00:00", "level": "WARN", "service": "payments", "thread_id": "t-payments-033", "correlation_id": "live-0048", "trace_id": "trace-live-0048", "span_id": "span-483", "message": "cache miss spike", "metric": 39.98}
{"timestamp": "2025-12-04T02:44:04.006159+00:00", "level": "INFO", "service": "auth", "thread_id": "t-auth-034", "correlation_id": "live-0048", "trace_id": "trace-live-0048", "span_id": "span-484", "message": "heartbeat ok", "metric": 10.09}
{"timestamp": "2025-12-04T02:44:04.156345+00:00", "level": "INFO", "service": "ledger", "thread_id": "t-ledger-035", "correlation_id": "live-0048", "trace_id": "trace-live-0048", "span_id": "span-485", "message": "heartbeat ok", "metric": 50.53}
{"timestamp": "2025-12-04T02:44:04.306514+00:00", "level": "INFO", "service": "api", "thread_id": "t-api-036", "correlation_id": "live-0048", "trace_id": "trace-live-0048", "span_id": "span-486", "message": "heartbeat ok", "metric": 65.28}
{"timestamp": "2025-12-04T02:44:04.456677+00:00", "level": "INFO", "service": "payments", "thread_id": "t-payments-037", "correlation_id": "live-0048", "trace_id": "trace-live-0048", "span_id": "span-487", "message": "heartbeat ok", "metric": 69.64}
{"timestamp": "2025-12-04T02:44:04.606838+00:00", "level": "WARN", "service": "ledger", "thread_id": "t-ledger-038", "correlation_id": "live-0048", "trace_id": "trace-live-0048", "span_id": "span-488", "message": "cache miss spike", "metric": 88.38}
{"timestamp": "2025-12-04T02:44:04.757083+00:00", "level": "INFO", "service": "payments", "thread_id": "t-payments-039", "correlation_id": "live-0048", "trace_id": "trace-live-0048", "span_id": "span-489", "message": "heartbeat ok", "metric": 70.59}
{"timestamp": "2025-12-04T02:44:04.907259+00:00", "level": "INFO", "service": "search", "thread_id": "t-search-040", "correlation_id": "live-0049", "trace_id": "trace-live-0049", "span_id": "span-490", "message": "heartbeat ok", "metric": 35.58}
{"timestamp": "2025-12-04T02:44:05.057436+00:00", "level": "WARN", "service": "auth", "thread_id": "t-auth-041", "correlation_id": "live-0049", "trace_id": "trace-live-0049", "span_id": "span-491", "message": "cache miss spike", "metric": 19.53}
{"timestamp": "2025-12-04T02:44:05.207634+00:00", "level": "INFO", "service": "search", "thread_id": "t-search-042", "correlation_id": "live-0049", "trace_id": "trace-live-0049", "span_id": "span-492", "message": "heartbeat ok", "metric": 13.38}
{"timestamp": "2025-12-04T02:44:05.357808+00:00", "level": "WARN", "service": "auth", "thread_id": "t-auth-043", "correlation_id": "live-0049", "trace_id": "trace-live-0049", "span_id": "span-493", "message": "cache miss spike", "metric": 94.5}
{"timestamp": "2025-12-04T02:44:05.507985+00:00", "level": "INFO", "service": "ledger", "thread_id": "t-ledger-044", "correlation_id": "live-0049", "trace_id": "trace-live-0049", "span_id": "span-494", "message": "heartbeat ok", "metric": 53.95}
{"timestamp": "2025-12-04T02:44:05.658163+00:00", "level": "INFO", "service": "ledger", "thread_id": "t-ledger-045", "correlation_id": "live-0049", "trace_id": "trace-live-0049", "span_id": "span-495", "message": "heartbeat ok", "metric": 69.04}
{"timestamp": "2025-12-04T02:44:05.808340+00:00", "level": "INFO", "service": "ledger", "thread_id": "t-ledger-046", "correlation_id": "live-0049", "trace_id": "trace-live-0049", "span_id": "span-496", "message": "heartbeat ok", "metric": 44.77}
{"timestamp": "2025-12-04T02:44:05.958519+00:00", "level": "WARN", "service": "search", "thread_id": "t-search-047", "correlation_id": "live-0049", "trace_id": "trace-live-0049", "span_id": "span-497", "message": "cache miss spike", "metric": 15.13}
{"timestamp": "2025-12-04T02:44:06.108743+00:00", "level": "WARN", "service": "ledger", "thread_id": "t-ledger-048", "correlation_id": "live-0049", "trace_id": "trace-live-0049", "span_id": "span-498", "message": "cache miss spike", "metric": 64.91}
{"timestamp": "2025-12-04T02:44:06.258939+00:00", "level": "INFO", "service": "payments", "thread_id": "t-payments-049", "correlation_id": "live-0049", "trace_id": "trace-live-0049", "span_id": "span-499", "message": "heartbeat ok", "metric": 2.53}
{"timestamp": "2025-12-04T02:44:06.409145+00:00", "level": "INFO", "service": "search", "thread_id": "t-search-000", "correlation_id": "live-0050", "trace_id": "trace-live-0050", "span_id": "span-500", "message": "heartbeat ok", "metric": 69.76}
{"timestamp": "2025-12-04T02:44:06.559376+00:00", "level": "INFO", "service": "search", "thread_id": "t-search-001", "correlation_id": "live-0050", "trace_id": "trace-live-0050", "span_id": "span-501", "message": "heartbeat ok", "metric": 0.09}
{"timestamp": "2025-12-04T02:44:06.709569+00:00", "level": "INFO", "service": "payments", "thread_id": "t-payments-002", "correlation_id": "live-0050", "trace_id": "trace-live-0050", "span_id": "span-502", "message": "heartbeat ok", "metric": 31.33}
{"timestamp": "2025-12-04T02:44:06.859766+00:00", "level": "INFO", "service": "payments", "thread_id": "t-payments-003", "correlation_id": "live-0050", "trace_id": "trace-live-0050", "span_id": "span-503", "message": "heartbeat ok", "metric": 7.91}
{"timestamp": "2025-12-04T02:44:07.010053+00:00", "level": "WARN", "service": "payments", "thread_id": "t-payments-004", "correlation_id": "live-0050", "trace_id": "trace-live-0050", "span_id": "span-504", "message": "cache miss spike", "metric": 46.02}
{"timestamp": "2025-12-04T02:44:07.160381+00:00", "level": "WARN", "service": "ledger", "thread_id": "t-ledger-005", "correlation_id": "live-0050", "trace_id": "trace-live-0050", "span_id": "span-505", "message": "cache miss spike", "metric": 92.31}
{"timestamp": "2025-12-04T02:44:07.310621+00:00", "level": "INFO", "service": "api", "thread_id": "t-api-006", "correlation_id": "live-0050", "trace_id": "trace-live-0050", "span_id": "span-506", "message": "heartbeat ok", "metric": 45.43}
{"timestamp": "2025-12-04T02:44:07.460839+00:00", "level": "INFO", "service": "search", "thread_id": "t-search-007", "correlation_id": "live-0050", "trace_id": "trace-live-0050", "span_id": "span-507", "message": "heartbeat ok", "metric": 15.03}
{"timestamp": "2025-12-04T02:44:07.611080+00:00", "level": "ERROR", "service": "ledger", "thread_id": "t-ledger-008", "correlation_id": "live-0050", "trace_id": "trace-live-0050", "span_id": "span-508", "message": "Database timeout", "metric": 13.55}
{"timestamp": "2025-12-04T02:44:07.761241+00:00", "level": "WARN", "service": "ledger", "thread_id": "t-ledger-009", "correlation_id": "live-0050", "trace_id": "trace-live-0050", "span_id": "span-509", "message": "cache miss spike", "metric": 67.01}
{"timestamp": "2025-12-04T02:44:07.911425+00:00", "level": "INFO", "service": "payments", "thread_id": "t-payments-010", "correlation_id": "live-0051", "trace_id": "trace-live-0051", "span_id": "span-510", "message": "heartbeat ok", "metric": 71.58}
{"timestamp": "2025-12-04T02:44:08.061648+00:00", "level": "INFO", "service": "search", "thread_id": "t-search-011", "correlation_id": "live-0051", "trace_id": "trace-live-0051", "span_id": "span-511", "message": "heartbeat ok", "metric": 2.16}
{"timestamp": "2025-12-04T02:44:08.211977+00:00", "level": "ERROR", "service": "search", "thread_id": "t-search-012", "correlation_id": "live-0051", "trace_id": "trace-live-0051", "span_id": "span-512", "message": "Database timeout", "metric": 14.63}
{"timestamp": "2025-12-04T02:44:08.362241+00:00", "level": "INFO", "service": "api", "thread_id": "t-api-013", "correlation_id": "live-0051", "trace_id": "trace-live-0051", "span_id": "span-513", "message": "heartbeat ok", "metric": 14.17}
{"timestamp": "2025-12-04T02:44:08.512483+00:00", "level": "INFO", "service": "payments", "thread_id": "t-payments-014", "correlation_id": "live-0051", "trace_id": "trace-live-0051", "span_id": "span-514", "message": "heartbeat ok", "metric": 91.67}
{"timestamp": "2025-12-04T02:44:08.662664+00:00", "level": "INFO", "service": "search", "thread_id": "t-search-015", "correlation_id": "live-0051", "trace_id": "trace-live-0051", "span_id": "span-515", "message": "heartbeat ok", "metric": 28.02}
{"timestamp": "2025-12-04T02:44:08.812856+00:00", "level": "ERROR", "service": "api", "thread_id": "t-api-016", "correlation_id": "live-0051", "trace_id": "trace-live-0051", "span_id": "span-516", "message": "Database timeout", "metric": 6.33}
{"timestamp": "2025-12-04T02:44:08.963157+00:00", "level": "WARN", "service": "search", "thread_id": "t-search-017", "correlation_id": "live-0051", "trace_id": "trace-live-0051", "span_id": "span-517", "message": "cache miss spike", "metric": 37.86}
{"timestamp": "2025-12-04T02:44:09.113359+00:00", "level": "INFO", "service": "payments", "thread_id": "t-payments-018", "correlation_id": "live-0051", "trace_id": "trace-live-0051", "span_id": "span-518", "message": "heartbeat ok", "metric": 66.73}
{"timestamp": "2025-12-04T02:44:09.263529+00:00", "level": "INFO", "service": "payments", "thread_id": "t-payments-019", "correlation_id": "live-0051", "trace_id": "trace-live-0051", "span_id": "span-519", "message": "heartbeat ok", "metric": 94.77}
{"timestamp": "2025-12-04T02:44:09.413775+00:00", "level": "INFO", "service": "auth", "thread_id": "t-auth-020", "correlation_id": "live-0052", "trace_id": "trace-live-0052", "span_id": "span-520", "message": "heartbeat ok", "metric": 25.31}
{"timestamp": "2025-12-04T02:44:09.564132+00:00", "level": "INFO", "service": "api", "thread_id": "t-api-021", "correlation_id": "live-0052", "trace_id": "trace-live-0052", "span_id": "span-521", "message": "heartbeat ok", "metric": 60.41}
{"timestamp": "2025-12-04T02:44:09.714376+00:00", "level": "INFO", "service": "payments", "thread_id": "t-payments-022", "correlation_id": "live-0052", "trace_id": "trace-live-0052", "span_id": "span-522", "message": "heartbeat ok", "metric": 42.32}
{"timestamp": "2025-12-04T02:44:09.864555+00:00", "level": "INFO", "service": "ledger", "thread_id": "t-ledger-023", "correlation_id": "live-0052", "trace_id": "trace-live-0052", "span_id": "span-523", "message": "heartbeat ok", "metric": 83.51}
{"timestamp": "2025-12-04T02:44:10.014779+00:00", "level": "WARN", "service": "ledger", "thread_id": "t-ledger-024", "correlation_id": "live-0052", "trace_id": "trace-live-0052", "span_id": "span-524", "message": "cache miss spike", "metric": 95.54}
{"timestamp": "2025-12-04T02:44:10.164952+00:00", "level": "ERROR", "service": "ledger", "thread_id": "t-ledger-025", "correlation_id": "live-0052", "trace_id": "trace-live-0052", "span_id": "span-525", "message": "Database timeout", "metric": 95.94}
{"timestamp": "2025-12-04T02:44:10.315155+00:00", "level": "INFO", "service": "auth", "thread_id": "t-auth-026", "correlation_id": "live-0052", "trace_id": "trace-live-0052", "span_id": "span-526", "message": "heartbeat ok", "metric": 54.87}
{"timestamp": "2025-12-04T02:44:10.465347+00:00", "level": "INFO", "service": "search", "thread_id": "t-search-027", "correlation_id": "live-0052", "trace_id": "trace-live-0052", "span_id": "span-527", "message": "heartbeat ok", "metric": 5.11}
{"timestamp": "2025-12-04T02:44:10.615510+00:00", "level": "INFO", "service": "payments", "thread_id": "t-payments-028", "correlation_id": "live-0052", "trace_id": "trace-live-0052", "span_id": "span-528", "message": "heartbeat ok", "metric": 77.14}
{"timestamp": "2025-12-04T02:44:10.765696+00:00", "level": "INFO", "service": "api", "thread_id": "t-api-029", "correlation_id": "live-0052", "trace_id": "trace-live-0052", "span_id": "span-529", "message": "heartbeat ok", "metric": 21.16}
{"timestamp": "2025-12-04T02:44:10.915946+00:00", "level": "INFO", "service": "payments", "thread_id": "t-payments-030", "correlation_id": "live-0053", "trace_id": "trace-live-0053", "span_id": "span-530", "message": "heartbeat ok", "metric": 59.83}
{"timestamp": "2025-12-04T02:44:11.066150+00:00", "level": "INFO", "service": "search", "thread_id": "t-search-031", "correlation_id": "live-0053", "trace_id": "trace-live-0053", "span_id": "span-531", "message": "heartbeat ok", "metric": 16.0}
{"timestamp": "2025-12-04T02:44:11.216298+00:00", "level": "INFO", "service": "api", "thread_id": "t-api-032", "correlation_id": "live-0053", "trace_id": "trace-live-0053", "span_id": "span-532", "message": "heartbeat ok", "metric": 23.14}
{"timestamp": "2025-12-04T02:44:11.366541+00:00", "level": "WARN", "service": "ledger", "thread_id": "t-ledger-033", "correlation_id": "live-0053", "trace_id": "trace-live-0053", "span_id": "span-533", "message": "cache miss spike", "metric": 81.12}
{"timestamp": "2025-12-04T02:44:11.516782+00:00", "level": "INFO", "service": "auth", "thread_id": "t-auth-034", "correlation_id": "live-0053", "trace_id": "trace-live-0053", "span_id": "span-534", "message": "heartbeat ok", "metric": 33.2}
{"timestamp": "2025-12-04T02:44:11.666928+00:00", "level": "INFO", "service": "ledger", "thread_id": "t-ledger-035", "correlation_id": "live-0053", "trace_id": "trace-live-0053", "span_id": "span-535", "message": "heartbeat ok", "metric": 94.43}
{"timestamp": "2025-12-04T02:44:11.817076+00:00", "level": "INFO", "service": "auth", "thread_id": "t-auth-036", "correlation_id": "live-0053", "trace_id": "trace-live-0053", "span_id": "span-536", "message": "heartbeat ok", "metric": 15.99}
{"timestamp": "2025-12-04T02:44:11.967242+00:00", "level": "ERROR", "service": "ledger", "thread_id": "t-ledger-037", "correlation_id": "live-0053", "trace_id": "trace-live-0053", "span_id": "span-537", "message": "Database timeout", "metric": 70.97}
{"timestamp": "2025-12-04T02:44:12.117494+00:00", "level": "WARN", "service": "ledger", "thread_id": "t-ledger-038", "correlation_id": "live-0053", "trace_id": "trace-live-0053", "span_id": "span-538", "message": "cache miss spike", "metric": 91.58}
{"timestamp": "2025-12-04T02:44:12.267740+00:00", "level": "INFO", "service": "payments", "thread_id": "t-payments-039", "correlation_id": "live-0053", "trace_id": "trace-live-0053", "span_id": "span-539", "message": "heartbeat ok", "metric": 9.61}
{"timestamp": "2025-12-04T02:44:12.417960+00:00", "level": "INFO", "service": "ledger", "thread_id": "t-ledger-040", "correlation_id": "live-0054", "trace_id": "trace-live-0054", "span_id": "span-540", "message": "heartbeat ok", "metric": 49.62}
{"timestamp": "2025-12-04T02:44:12.568172+00:00", "level": "WARN", "service": "payments", "thread_id": "t-payments-041", "correlation_id": "live-0054", "trace_id": "trace-live-0054", "span_id": "span-541", "message": "cache miss spike", "metric": 35.15}
{"timestamp": "2025-12-04T02:44:12.718365+00:00", "level": "INFO", "service": "api", "thread_id": "t-api-042", "correlation_id": "live-0054", "trace_id": "trace-live-0054", "span_id": "span-542", "message": "heartbeat ok", "metric": 41.53}
{"timestamp": "2025-12-04T02:44:12.868562+00:00", "level": "INFO", "service": "payments", "thread_id": "t-payments-043", "correlation_id": "live-0054", "trace_id": "trace-live-0054", "span_id": "span-543", "message": "heartbeat ok", "metric": 57.35}
{"timestamp": "2025-12-04T02:44:13.018770+00:00", "level": "INFO", "service": "api", "thread_id": "t-api-044", "correlation_id": "live-0054", "trace_id": "trace-live-0054", "span_id": "span-544", "message": "heartbeat ok", "metric": 82.91}
{"timestamp": "2025-12-04T02:44:13.169026+00:00", "level": "ERROR", "service": "payments", "thread_id": "t-payments-045", "correlation_id": "live-0054", "trace_id": "trace-live-0054", "span_id": "span-545", "message": "Database timeout", "metric": 15.9}
{"timestamp": "2025-12-04T02:44:13.319344+00:00", "level": "INFO", "service": "search", "thread_id": "t-search-046", "correlation_id": "live-0054", "trace_id": "trace-live-0054", "span_id": "span-546", "message": "heartbeat ok", "metric": 49.54}
{"timestamp": "2025-12-04T02:44:13.469588+00:00", "level": "INFO", "service": "auth", "thread_id": "t-auth-047", "correlation_id": "live-0054", "trace_id": "trace-live-0054", "span_id": "span-547", "message": "heartbeat ok", "metric": 72.58}
{"timestamp": "2025-12-04T02:44:13.619864+00:00", "level": "INFO", "service": "payments", "thread_id": "t-payments-048", "correlation_id": "live-0054", "trace_id": "trace-live-0054", "span_id": "span-548", "message": "heartbeat ok", "metric": 36.21}
{"timestamp": "2025-12-04T02:44:13.770180+00:00", "level": "ERROR", "service": "search", "thread_id": "t-search-049", "correlation_id": "live-0054", "trace_id": "trace-live-0054", "span_id": "span-549", "message": "Database timeout", "metric": 51.6}
{"timestamp": "2025-12-04T02:44:13.920479+00:00", "level": "WARN", "service": "auth", "thread_id": "t-auth-000", "correlation_id": "live-0055", "trace_id": "trace-live-0055", "span_id": "span-550", "message": "cache miss spike", "metric": 85.66}
{"timestamp": "2025-12-04T02:44:14.070772+00:00", "level": "WARN", "service": "auth", "thread_id": "t-auth-001", "correlation_id": "live-0055", "trace_id": "trace-live-0055", "span_id": "span-551", "message": "cache miss spike", "metric": 2.45}
{"timestamp": "2025-12-04T02:44:14.221066+00:00", "level": "INFO", "service": "auth", "thread_id": "t-auth-002", "correlation_id": "live-0055", "trace_id": "trace-live-0055", "span_id": "span-552", "message": "heartbeat ok", "metric": 3.92}
{"timestamp": "2025-12-04T02:44:14.371266+00:00", "level": "INFO", "service": "ledger", "thread_id": "t-ledger-003", "correlation_id": "live-0055", "trace_id": "trace-live-0055", "span_id": "span-553", "message": "heartbeat ok", "metric": 54.57}
{"timestamp": "2025-12-04T02:44:14.521481+00:00", "level": "WARN", "service": "payments", "thread_id": "t-payments-004", "correlation_id": "live-0055", "trace_id": "trace-live-0055", "span_id": "span-554", "message": "cache miss spike", "metric": 93.08}
{"timestamp": "2025-12-04T02:44:14.671702+00:00", "level": "ERROR", "service": "search", "thread_id": "t-search-005", "correlation_id": "live-0055", "trace_id": "trace-live-0055", "span_id": "span-555", "message": "Database timeout", "metric": 69.38}
{"timestamp": "2025-12-04T02:44:14.821866+00:00", "level": "ERROR", "service": "api", "thread_id": "t-api-006", "correlation_id": "live-0055", "trace_id": "trace-live-0055", "span_id": "span-556", "message": "Database timeout", "metric": 20.15}
{"timestamp": "2025-12-04T02:44:14.972042+00:00", "level": "INFO", "service": "api", "thread_id": "t-api-007", "correlation_id": "live-0055", "trace_id": "trace-live-0055", "span_id": "span-557", "message": "heartbeat ok", "metric": 68.81}
{"timestamp": "2025-12-04T02:44:15.122273+00:00", "level": "INFO", "service": "ledger", "thread_id": "t-ledger-008", "correlation_id": "live-0055", "trace_id": "trace-live-0055", "span_id": "span-558", "message": "heartbeat ok", "metric": 2.09}
{"timestamp": "2025-12-04T02:44:15.272427+00:00", "level": "WARN", "service": "payments", "thread_id": "t-payments-009", "correlation_id": "live-0055", "trace_id": "trace-live-0055", "span_id": "span-559", "message": "cache miss spike", "metric": 45.25}
{"timestamp": "2025-12-04T02:44:15.422598+00:00", "level": "WARN", "service": "payments", "thread_id": "t-payments-010", "correlation_id": "live-0056", "trace_id": "trace-live-0056", "span_id": "span-560", "message": "cache miss spike", "metric": 87.12}
{"timestamp": "2025-12-04T02:44:15.572777+00:00", "level": "WARN", "service": "api", "thread_id": "t-api-011", "correlation_id": "live-0056", "trace_id": "trace-live-0056", "span_id": "span-561", "message": "cache miss spike", "metric": 69.13}
{"timestamp": "2025-12-04T02:44:15.723031+00:00", "level": "INFO", "service": "ledger", "thread_id": "t-ledger-012", "correlation_id": "live-0056", "trace_id": "trace-live-0056", "span_id": "span-562", "message": "heartbeat ok", "metric": 52.0}
{"timestamp": "2025-12-04T02:44:15.873281+00:00", "level": "INFO", "service": "api", "thread_id": "t-api-013", "correlation_id": "live-0056", "trace_id": "trace-live-0056", "span_id": "span-563", "message": "heartbeat ok", "metric": 26.67}
{"timestamp": "2025-12-04T02:44:16.023451+00:00", "level": "INFO", "service": "ledger", "thread_id": "t-ledger-014", "correlation_id": "live-0056", "trace_id": "trace-live-0056", "span_id": "span-564", "message": "heartbeat ok", "metric": 22.17}
{"timestamp": "2025-12-04T02:44:16.173620+00:00", "level": "WARN", "service": "auth", "thread_id": "t-auth-015", "correlation_id": "live-0056", "trace_id": "trace-live-0056", "span_id": "span-565", "message": "cache miss spike", "metric": 22.46}
{"timestamp": "2025-12-04T02:44:16.323872+00:00", "level": "INFO", "service": "ledger", "thread_id": "t-ledger-016", "correlation_id": "live-0056", "trace_id": "trace-live-0056", "span_id": "span-566", "message": "heartbeat ok", "metric": 77.05}
{"timestamp": "2025-12-04T02:44:16.474238+00:00", "level": "WARN", "service": "search", "thread_id": "t-search-017", "correlation_id": "live-0056", "trace_id": "trace-live-0056", "span_id": "span-567", "message": "cache miss spike", "metric": 10.79}
{"timestamp": "2025-12-04T02:44:16.624487+00:00", "level": "INFO", "service": "auth", "thread_id": "t-auth-018", "correlation_id": "live-0056", "trace_id": "trace-live-0056", "span_id": "span-568", "message": "heartbeat ok", "metric": 60.68}
{"timestamp": "2025-12-04T02:44:16.774706+00:00", "level": "INFO", "service": "auth", "thread_id": "t-auth-019", "correlation_id": "live-0056", "trace_id": "trace-live-0056", "span_id": "span-569", "message": "heartbeat ok", "metric": 66.88}
{"timestamp": "2025-12-04T02:44:16.924950+00:00", "level": "INFO", "service": "search", "thread_id": "t-search-020", "correlation_id": "live-0057", "trace_id": "trace-live-0057", "span_id": "span-570", "message": "heartbeat ok", "metric": 49.69}
{"timestamp": "2025-12-04T02:44:17.075161+00:00", "level": "INFO", "service": "payments", "thread_id": "t-payments-021", "correlation_id": "live-0057", "trace_id": "trace-live-0057", "span_id": "span-571", "message": "heartbeat ok", "metric": 40.45}
{"timestamp": "2025-12-04T02:44:17.225419+00:00", "level": "INFO", "service": "auth", "thread_id": "t-auth-022", "correlation_id": "live-0057", "trace_id": "trace-live-0057", "span_id": "span-572", "message": "heartbeat ok", "metric": 63.23}
{"timestamp": "2025-12-04T02:44:17.375663+00:00", "level": "INFO", "service": "api", "thread_id": "t-api-023", "correlation_id": "live-0057", "trace_id": "trace-live-0057", "span_id": "span-573", "message": "heartbeat ok", "metric": 39.54}
{"timestamp": "2025-12-04T02:44:17.525947+00:00", "level": "WARN", "service": "auth", "thread_id": "t-auth-024", "correlation_id": "live-0057", "trace_id": "trace-live-0057", "span_id": "span-574", "message": "cache miss spike", "metric": 41.72}
{"timestamp": "2025-12-04T02:44:17.676190+00:00", "level": "WARN", "service": "payments", "thread_id": "t-payments-025", "correlation_id": "live-0057", "trace_id": "trace-live-0057", "span_id": "span-575", "message": "cache miss spike", "metric": 20.98}
{"timestamp": "2025-12-04T02:44:17.826403+00:00", "level": "WARN", "service": "ledger", "thread_id": "t-ledger-026", "correlation_id": "live-0057", "trace_id": "trace-live-0057", "span_id": "span-576", "message": "cache miss spike", "metric": 41.35}
{"timestamp": "2025-12-04T02:44:17.976620+00:00", "level": "WARN", "service": "ledger", "thread_id": "t-ledger-027", "correlation_id": "live-0057", "trace_id": "trace-live-0057", "span_id": "span-577", "message": "cache miss spike", "metric": 58.65}
{"timestamp": "2025-12-04T02:44:18.126861+00:00", "level": "WARN", "service": "api", "thread_id": "t-api-028", "correlation_id": "live-0057", "trace_id": "trace-live-0057", "span_id": "span-578", "message": "cache miss spike", "metric": 66.44}
{"timestamp": "2025-12-04T02:44:18.277041+00:00", "level": "INFO", "service": "api", "thread_id": "t-api-029", "correlation_id": "live-0057", "trace_id": "trace-live-0057", "span_id": "span-579", "message": "heartbeat ok", "metric": 84.53}
{"timestamp": "2025-12-04T02:44:18.427227+00:00", "level": "INFO", "service": "auth", "thread_id": "t-auth-030", "correlation_id": "live-0058", "trace_id": "trace-live-0058", "span_id": "span-580", "message": "heartbeat ok", "metric": 36.57}
{"timestamp": "2025-12-04T02:44:18.577401+00:00", "level": "INFO", "service": "ledger", "thread_id": "t-ledger-031", "correlation_id": "live-0058", "trace_id": "trace-live-0058", "span_id": "span-581", "message": "heartbeat ok", "metric": 95.06}
{"timestamp": "2025-12-04T02:44:18.727626+00:00", "level": "INFO", "service": "auth", "thread_id": "t-auth-032", "correlation_id": "live-0058", "trace_id": "trace-live-0058", "span_id": "span-582", "message": "heartbeat ok", "metric": 13.14}
{"timestamp": "2025-12-04T02:44:18.877818+00:00", "level": "INFO", "service": "payments", "thread_id": "t-payments-033", "correlation_id": "live-0058", "trace_id": "trace-live-0058", "span_id": "span-583", "message": "heartbeat ok", "metric": 54.45}
{"timestamp": "2025-12-04T02:44:19.028058+00:00", "level": "WARN", "service": "auth", "thread_id": "t-auth-034", "correlation_id": "live-0058", "trace_id": "trace-live-0058", "span_id": "span-584", "message": "cache miss spike", "metric": 13.43}
{"timestamp": "2025-12-04T02:44:19.178279+00:00", "level": "INFO", "service": "api", "thread_id": "t-api-035", "correlation_id": "live-0058", "trace_id": "trace-live-0058", "span_id": "span-585", "message": "heartbeat ok", "metric": 57.73}
{"timestamp": "2025-12-04T02:44:19.328502+00:00", "level": "INFO", "service": "payments", "thread_id": "t-payments-036", "correlation_id": "live-0058", "trace_id": "trace-live-0058", "span_id": "span-586", "message": "heartbeat ok", "metric": 35.6}
{"timestamp": "2025-12-04T02:44:19.478736+00:00", "level": "INFO", "service": "api", "thread_id": "t-api-037", "correlation_id": "live-0058", "trace_id": "trace-live-0058", "span_id": "span-587", "message": "heartbeat ok", "metric": 39.12}
{"timestamp": "2025-12-04T02:44:19.628939+00:00", "level": "INFO", "service": "api", "thread_id": "t-api-038", "correlation_id": "live-0058", "trace_id": "trace-live-0058", "span_id": "span-588", "message": "heartbeat ok", "metric": 50.71}
{"timestamp": "2025-12-04T02:44:19.779145+00:00", "level": "INFO", "service": "search", "thread_id": "t-search-039", "correlation_id": "live-0058", "trace_id": "trace-live-0058", "span_id": "span-589", "message": "heartbeat ok", "metric": 97.24}
{"timestamp": "2025-12-04T02:44:19.929336+00:00", "level": "INFO", "service": "auth", "thread_id": "t-auth-040", "correlation_id": "live-0059", "trace_id": "trace-live-0059", "span_id": "span-590", "message": "heartbeat ok", "metric": 82.78}
{"timestamp": "2025-12-04T02:44:20.079481+00:00", "level": "INFO", "service": "payments", "thread_id": "t-payments-041", "correlation_id": "live-0059", "trace_id": "trace-live-0059", "span_id": "span-591", "message": "heartbeat ok", "metric": 25.07}
{"timestamp": "2025-12-04T02:44:20.229697+00:00", "level": "INFO", "service": "search", "thread_id": "t-search-042", "correlation_id": "live-0059", "trace_id": "trace-live-0059", "span_id": "span-592", "message": "heartbeat ok", "metric": 21.67}
{"timestamp": "2025-12-04T02:44:20.379949+00:00", "level": "INFO", "service": "payments", "thread_id": "t-payments-043", "correlation_id": "live-0059", "trace_id": "trace-live-0059", "span_id": "span-593", "message": "heartbeat ok", "metric": 31.5}
{"timestamp": "2025-12-04T02:44:20.530194+00:00", "level": "INFO", "service": "auth", "thread_id": "t-auth-044", "correlation_id": "live-0059", "trace_id": "trace-live-0059", "span_id": "span-594", "message": "heartbeat ok", "metric": 68.59}
{"timestamp": "2025-12-04T02:44:20.680426+00:00", "level": "INFO", "service": "search", "thread_id": "t-search-045", "correlation_id": "live-0059", "trace_id": "trace-live-0059", "span_id": "span-595", "message": "heartbeat ok", "metric": 13.68}
{"timestamp": "2025-12-04T02:44:20.830590+00:00", "level": "INFO", "service": "ledger", "thread_id": "t-ledger-046", "correlation_id": "live-0059", "trace_id": "trace-live-0059", "span_id": "span-596", "message": "heartbeat ok", "metric": 15.57}
{"timestamp": "2025-12-04T02:44:20.980872+00:00", "level": "INFO", "service": "ledger", "thread_id": "t-ledger-047", "correlation_id": "live-0059", "trace_id": "trace-live-0059", "span_id": "span-597", "message": "heartbeat ok", "metric": 25.46}
{"timestamp": "2025-12-04T02:44:21.131156+00:00", "level": "INFO", "service": "ledger", "thread_id": "t-ledger-048", "correlation_id": "live-0059", "trace_id": "trace-live-0059", "span_id": "span-598", "message": "heartbeat ok", "metric": 10.43}
{"timestamp": "2025-12-04T02:44:21.281455+00:00", "level": "INFO", "service": "payments", "thread_id": "t-payments-049", "correlation_id": "live-0059", "trace_id": "trace-live-0059", "span_id": "span-599", "message": "heartbeat ok", "metric": 46.97}
{"timestamp": "2025-12-04T02:44:21.431621+00:00", "level": "WARN", "service": "search", "thread_id": "t-search-000", "correlation_id": "live-0060", "trace_id": "trace-live-0060", "span_id": "span-600", "message": "cache miss spike", "metric": 16.45}
{"timestamp": "2025-12-04T02:44:21.581829+00:00", "level": "INFO", "service": "search", "thread_id": "t-search-001", "correlation_id": "live-0060", "trace_id": "trace-live-0060", "span_id": "span-601", "message": "heartbeat ok", "metric": 45.0}
{"timestamp": "2025-12-04T02:44:21.732101+00:00", "level": "INFO", "service": "payments", "thread_id": "t-payments-002", "correlation_id": "live-0060", "trace_id": "trace-live-0060", "span_id": "span-602", "message": "heartbeat ok", "metric": 41.76}
{"timestamp": "2025-12-04T02:44:21.882341+00:00", "level": "ERROR", "service": "api", "thread_id": "t-api-003", "correlation_id": "live-0060", "trace_id": "trace-live-0060", "span_id": "span-603", "message": "Database timeout", "metric": 40.98}
{"timestamp": "2025-12-04T02:44:22.032624+00:00", "level": "ERROR", "service": "payments", "thread_id": "t-payments-004", "correlation_id": "live-0060", "trace_id": "trace-live-0060", "span_id": "span-604", "message": "Database timeout", "metric": 30.25}
{"timestamp": "2025-12-04T02:44:22.182987+00:00", "level": "INFO", "service": "api", "thread_id": "t-api-005", "correlation_id": "live-0060", "trace_id": "trace-live-0060", "span_id": "span-605", "message": "heartbeat ok", "metric": 55.53}
{"timestamp": "2025-12-04T02:44:22.333296+00:00", "level": "INFO", "service": "api", "thread_id": "t-api-006", "correlation_id": "live-0060", "trace_id": "trace-live-0060", "span_id": "span-606", "message": "heartbeat ok", "metric": 56.77}
{"timestamp": "2025-12-04T02:44:22.483513+00:00", "level": "WARN", "service": "auth", "thread_id": "t-auth-007", "correlation_id": "live-0060", "trace_id": "trace-live-0060", "span_id": "span-607", "message": "cache miss spike", "metric": 45.75}
{"timestamp": "2025-12-04T02:44:22.633750+00:00", "level": "INFO", "service": "api", "thread_id": "t-api-008", "correlation_id": "live-0060", "trace_id": "trace-live-0060", "span_id": "span-608", "message": "heartbeat ok", "metric": 42.82}
{"timestamp": "2025-12-04T02:44:22.784028+00:00", "level": "WARN", "service": "ledger", "thread_id": "t-ledger-009", "correlation_id": "live-0060", "trace_id": "trace-live-0060", "span_id": "span-609", "message": "cache miss spike", "metric": 17.38}
{"timestamp": "2025-12-04T02:44:22.934259+00:00", "level": "INFO", "service": "payments", "thread_id": "t-payments-010", "correlation_id": "live-0061", "trace_id": "trace-live-0061", "span_id": "span-610", "message": "heartbeat ok", "metric": 49.28}
{"timestamp": "2025-12-04T02:44:23.084462+00:00", "level": "INFO", "service": "api", "thread_id": "t-api-011", "correlation_id": "live-0061", "trace_id": "trace-live-0061", "span_id": "span-611", "message": "heartbeat ok", "metric": 40.47}
{"timestamp": "2025-12-04T02:44:23.234737+00:00", "level": "WARN", "service": "api", "thread_id": "t-api-012", "correlation_id": "live-0061", "trace_id": "trace-live-0061", "span_id": "span-612", "message": "cache miss spike", "metric": 52.25}
{"timestamp": "2025-12-04T02:44:23.385052+00:00", "level": "INFO", "service": "search", "thread_id": "t-search-013", "correlation_id": "live-0061", "trace_id": "trace-live-0061", "span_id": "span-613", "message": "heartbeat ok", "metric": 17.94}
{"timestamp": "2025-12-04T02:44:23.535364+00:00", "level": "INFO", "service": "api", "thread_id": "t-api-014", "correlation_id": "live-0061", "trace_id": "trace-live-0061", "span_id": "span-614", "message": "heartbeat ok", "metric": 61.77}
{"timestamp": "2025-12-04T02:44:23.685591+00:00", "level": "ERROR", "service": "ledger", "thread_id": "t-ledger-015", "correlation_id": "live-0061", "trace_id": "trace-live-0061", "span_id": "span-615", "message": "Database timeout", "metric": 65.63}
{"timestamp": "2025-12-04T02:44:23.835760+00:00", "level": "INFO", "service": "ledger", "thread_id": "t-ledger-016", "correlation_id": "live-0061", "trace_id": "trace-live-0061", "span_id": "span-616", "message": "heartbeat ok", "metric": 88.15}
{"timestamp": "2025-12-04T02:44:23.985963+00:00", "level": "INFO", "service": "payments", "thread_id": "t-payments-017", "correlation_id": "live-0061", "trace_id": "trace-live-0061", "span_id": "span-617", "message": "heartbeat ok", "metric": 88.72}
{"timestamp": "2025-12-04T02:44:24.136152+00:00", "level": "WARN", "service": "api", "thread_id": "t-api-018", "correlation_id": "live-0061", "trace_id": "trace-live-0061", "span_id": "span-618", "message": "cache miss spike", "metric": 35.16}
{"timestamp": "2025-12-04T02:44:24.286411+00:00", "level": "INFO", "service": "auth", "thread_id": "t-auth-019", "correlation_id": "live-0061", "trace_id": "trace-live-0061", "span_id": "span-619", "message": "heartbeat ok", "metric": 26.06}
{"timestamp": "2025-12-04T02:44:24.436627+00:00", "level": "INFO", "service": "api", "thread_id": "t-api-020", "correlation_id": "live-0062", "trace_id": "trace-live-0062", "span_id": "span-620", "message": "heartbeat ok", "metric": 78.02}
{"timestamp": "2025-12-04T02:44:24.586879+00:00", "level": "ERROR", "service": "payments", "thread_id": "t-payments-021", "correlation_id": "live-0062", "trace_id": "trace-live-0062", "span_id": "span-621", "message": "Database timeout", "metric": 44.32}
{"timestamp": "2025-12-04T02:44:24.737036+00:00", "level": "ERROR", "service": "search", "thread_id": "t-search-022", "correlation_id": "live-0062", "trace_id": "trace-live-0062", "span_id": "span-622", "message": "Database timeout", "metric": 95.27}
{"timestamp": "2025-12-04T02:44:24.887198+00:00", "level": "WARN", "service": "payments", "thread_id": "t-payments-023", "correlation_id": "live-0062", "trace_id": "trace-live-0062", "span_id": "span-623", "message": "cache miss spike", "metric": 29.77}
{"timestamp": "2025-12-04T02:44:25.037340+00:00", "level": "WARN", "service": "api", "thread_id": "t-api-024", "correlation_id": "live-0062", "trace_id": "trace-live-0062", "span_id": "span-624", "message": "cache miss spike", "metric": 92.19}
{"timestamp": "2025-12-04T02:44:25.187553+00:00", "level": "INFO", "service": "api", "thread_id": "t-api-025", "correlation_id": "live-0062", "trace_id": "trace-live-0062", "span_id": "span-625", "message": "heartbeat ok", "metric": 70.04}
{"timestamp": "2025-12-04T02:44:25.337864+00:00", "level": "ERROR", "service": "api", "thread_id": "t-api-026", "correlation_id": "live-0062", "trace_id": "trace-live-0062", "span_id": "span-626", "message": "Database timeout", "metric": 25.72}
{"timestamp": "2025-12-04T02:44:25.488199+00:00", "level": "INFO", "service": "ledger", "thread_id": "t-ledger-027", "correlation_id": "live-0062", "trace_id": "trace-live-0062", "span_id": "span-627", "message": "heartbeat ok", "metric": 81.59}
{"timestamp": "2025-12-04T02:44:25.638487+00:00", "level": "WARN", "service": "payments", "thread_id": "t-payments-028", "correlation_id": "live-0062", "trace_id": "trace-live-0062", "span_id": "span-628", "message": "cache miss spike", "metric": 15.11}
{"timestamp": "2025-12-04T02:44:25.788809+00:00", "level": "ERROR", "service": "search", "thread_id": "t-search-029", "correlation_id": "live-0062", "trace_id": "trace-live-0062", "span_id": "span-629", "message": "Database timeout", "metric": 55.63}
{"timestamp": "2025-12-04T02:44:25.939165+00:00", "level": "WARN", "service": "auth", "thread_id": "t-auth-030", "correlation_id": "live-0063", "trace_id": "trace-live-0063", "span_id": "span-630", "message": "cache miss spike", "metric": 24.29}
{"timestamp": "2025-12-04T02:44:26.089431+00:00", "level": "INFO", "service": "search", "thread_id": "t-search-031", "correlation_id": "live-0063", "trace_id": "trace-live-0063", "span_id": "span-631", "message": "heartbeat ok", "metric": 71.46}
{"timestamp": "2025-12-04T02:44:26.239686+00:00", "level": "INFO", "service": "search", "thread_id": "t-search-032", "correlation_id": "live-0063", "trace_id": "trace-live-0063", "span_id": "span-632", "message": "heartbeat ok", "metric": 36.26}
{"timestamp": "2025-12-04T02:44:26.390008+00:00", "level": "ERROR", "service": "api", "thread_id": "t-api-033", "correlation_id": "live-0063", "trace_id": "trace-live-0063", "span_id": "span-633", "message": "Database timeout", "metric": 41.09}
{"timestamp": "2025-12-04T02:44:26.540293+00:00", "level": "INFO", "service": "ledger", "thread_id": "t-ledger-034", "correlation_id": "live-0063", "trace_id": "trace-live-0063", "span_id": "span-634", "message": "heartbeat ok", "metric": 58.64}
{"timestamp": "2025-12-04T02:44:26.690469+00:00", "level": "WARN", "service": "ledger", "thread_id": "t-ledger-035", "correlation_id": "live-0063", "trace_id": "trace-live-0063", "span_id": "span-635", "message": "cache miss spike", "metric": 51.92}
{"timestamp": "2025-12-04T02:44:26.840690+00:00", "level": "INFO", "service": "api", "thread_id": "t-api-036", "correlation_id": "live-0063", "trace_id": "trace-live-0063", "span_id": "span-636", "message": "heartbeat ok", "metric": 97.26}
{"timestamp": "2025-12-04T02:44:26.990912+00:00", "level": "INFO", "service": "ledger", "thread_id": "t-ledger-037", "correlation_id": "live-0063", "trace_id": "trace-live-0063", "span_id": "span-637", "message": "heartbeat ok", "metric": 21.34}
{"timestamp": "2025-12-04T02:44:27.141160+00:00", "level": "WARN", "service": "auth", "thread_id": "t-auth-038", "correlation_id": "live-0063", "trace_id": "trace-live-0063", "span_id": "span-638", "message": "cache miss spike", "metric": 42.18}
{"timestamp": "2025-12-04T02:44:27.291470+00:00", "level": "INFO", "service": "auth", "thread_id": "t-auth-039", "correlation_id": "live-0063", "trace_id": "trace-live-0063", "span_id": "span-639", "message": "heartbeat ok", "metric": 70.95}
{"timestamp": "2025-12-04T02:44:27.441718+00:00", "level": "INFO", "service": "search", "thread_id": "t-search-040", "correlation_id": "live-0064", "trace_id": "trace-live-0064", "span_id": "span-640", "message": "heartbeat ok", "metric": 6.31}
{"timestamp": "2025-12-04T02:44:27.591895+00:00", "level": "INFO", "service": "payments", "thread_id": "t-payments-041", "correlation_id": "live-0064", "trace_id": "trace-live-0064", "span_id": "span-641", "message": "heartbeat ok", "metric": 7.85}
{"timestamp": "2025-12-04T02:44:27.742084+00:00", "level": "INFO", "service": "payments", "thread_id": "t-payments-042", "correlation_id": "live-0064", "trace_id": "trace-live-0064", "span_id": "span-642", "message": "heartbeat ok", "metric": 97.23}
{"timestamp": "2025-12-04T02:44:27.892370+00:00", "level": "INFO", "service": "auth", "thread_id": "t-auth-043", "correlation_id": "live-0064", "trace_id": "trace-live-0064", "span_id": "span-643", "message": "heartbeat ok", "metric": 72.26}
{"timestamp": "2025-12-04T02:44:28.042683+00:00", "level": "ERROR", "service": "search", "thread_id": "t-search-044", "correlation_id": "live-0064", "trace_id": "trace-live-0064", "span_id": "span-644", "message": "Database timeout", "metric": 22.92}
{"timestamp": "2025-12-04T02:44:28.192957+00:00", "level": "INFO", "service": "api", "thread_id": "t-api-045", "correlation_id": "live-0064", "trace_id": "trace-live-0064", "span_id": "span-645", "message": "heartbeat ok", "metric": 31.42}
{"timestamp": "2025-12-04T02:44:28.343176+00:00", "level": "WARN", "service": "search", "thread_id": "t-search-046", "correlation_id": "live-0064", "trace_id": "trace-live-0064", "span_id": "span-646", "message": "cache miss spike", "metric": 28.64}
{"timestamp": "2025-12-04T02:44:28.493455+00:00", "level": "ERROR", "service": "auth", "thread_id": "t-auth-047", "correlation_id": "live-0064", "trace_id": "trace-live-0064", "span_id": "span-647", "message": "Database timeout", "metric": 69.63}
{"timestamp": "2025-12-04T02:44:28.643693+00:00", "level": "INFO", "service": "payments", "thread_id": "t-payments-048", "correlation_id": "live-0064", "trace_id": "trace-live-0064", "span_id": "span-648", "message": "heartbeat ok", "metric": 25.22}
{"timestamp": "2025-12-04T02:44:28.793884+00:00", "level": "INFO", "service": "auth", "thread_id": "t-auth-049", "correlation_id": "live-0064", "trace_id": "trace-live-0064", "span_id": "span-649", "message": "heartbeat ok", "metric": 95.03}
{"timestamp": "2025-12-04T02:44:28.944130+00:00", "level": "INFO", "service": "ledger", "thread_id": "t-ledger-000", "correlation_id": "live-0065", "trace_id": "trace-live-0065", "span_id": "span-650", "message": "heartbeat ok", "metric": 31.96}
{"timestamp": "2025-12-04T02:44:29.094401+00:00", "level": "INFO", "service": "payments", "thread_id": "t-payments-001", "correlation_id": "live-0065", "trace_id": "trace-live-0065", "span_id": "span-651", "message": "heartbeat ok", "metric": 60.63}
{"timestamp": "2025-12-04T02:44:29.244639+00:00", "level": "INFO", "service": "search", "thread_id": "t-search-002", "correlation_id": "live-0065", "trace_id": "trace-live-0065", "span_id": "span-652", "message": "heartbeat ok", "metric": 91.85}
{"timestamp": "2025-12-04T02:44:29.394881+00:00", "level": "ERROR", "service": "api", "thread_id": "t-api-003", "correlation_id": "live-0065", "trace_id": "trace-live-0065", "span_id": "span-653", "message": "Database timeout", "metric": 81.89}
{"timestamp": "2025-12-04T02:44:29.545139+00:00", "level": "INFO", "service": "auth", "thread_id": "t-auth-004", "correlation_id": "live-0065", "trace_id": "trace-live-0065", "span_id": "span-654", "message": "heartbeat ok", "metric": 19.68}
{"timestamp": "2025-12-04T02:44:29.695296+00:00", "level": "WARN", "service": "search", "thread_id": "t-search-005", "correlation_id": "live-0065", "trace_id": "trace-live-0065", "span_id": "span-655", "message": "cache miss spike", "metric": 67.84}
{"timestamp": "2025-12-04T02:44:29.845459+00:00", "level": "WARN", "service": "search", "thread_id": "t-search-006", "correlation_id": "live-0065", "trace_id": "trace-live-0065", "span_id": "span-656", "message": "cache miss spike", "metric": 38.38}
{"timestamp": "2025-12-04T02:44:29.995637+00:00", "level": "INFO", "service": "search", "thread_id": "t-search-007", "correlation_id": "live-0065", "trace_id": "trace-live-0065", "span_id": "span-657", "message": "heartbeat ok", "metric": 24.26}
{"timestamp": "2025-12-04T02:44:30.145820+00:00", "level": "INFO", "service": "auth", "thread_id": "t-auth-008", "correlation_id": "live-0065", "trace_id": "trace-live-0065", "span_id": "span-658", "message": "heartbeat ok", "metric": 34.26}
{"timestamp": "2025-12-04T02:44:30.296036+00:00", "level": "INFO", "service": "search", "thread_id": "t-search-009", "correlation_id": "live-0065", "trace_id": "trace-live-0065", "span_id": "span-659", "message": "heartbeat ok", "metric": 89.56}
{"timestamp": "2025-12-04T02:44:30.446253+00:00", "level": "INFO", "service": "api", "thread_id": "t-api-010", "correlation_id": "live-0066", "trace_id": "trace-live-0066", "span_id": "span-660", "message": "heartbeat ok", "metric": 88.87}
{"timestamp": "2025-12-04T02:44:30.596463+00:00", "level": "INFO", "service": "api", "thread_id": "t-api-011", "correlation_id": "live-0066", "trace_id": "trace-live-0066", "span_id": "span-661", "message": "heartbeat ok", "metric": 58.12}
{"timestamp": "2025-12-04T02:44:30.746624+00:00", "level": "INFO", "service": "api", "thread_id": "t-api-012", "correlation_id": "live-0066", "trace_id": "trace-live-0066", "span_id": "span-662", "message": "heartbeat ok", "metric": 85.11}
{"timestamp": "2025-12-04T02:44:30.896857+00:00", "level": "INFO", "service": "ledger", "thread_id": "t-ledger-013", "correlation_id": "live-0066", "trace_id": "trace-live-0066", "span_id": "span-663", "message": "heartbeat ok", "metric": 61.68}
{"timestamp": "2025-12-04T02:44:31.047136+00:00", "level": "ERROR", "service": "ledger", "thread_id": "t-ledger-014", "correlation_id": "live-0066", "trace_id": "trace-live-0066", "span_id": "span-664", "message": "Database timeout", "metric": 52.79}
{"timestamp": "2025-12-04T02:44:31.197338+00:00", "level": "INFO", "service": "api", "thread_id": "t-api-015", "correlation_id": "live-0066", "trace_id": "trace-live-0066", "span_id": "span-665", "message": "heartbeat ok", "metric": 5.02}
{"timestamp": "2025-12-04T02:44:31.347541+00:00", "level": "WARN", "service": "ledger", "thread_id": "t-ledger-016", "correlation_id": "live-0066", "trace_id": "trace-live-0066", "span_id": "span-666", "message": "cache miss spike", "metric": 13.92}
{"timestamp": "2025-12-04T02:44:31.497838+00:00", "level": "INFO", "service": "search", "thread_id": "t-search-017", "correlation_id": "live-0066", "trace_id": "trace-live-0066", "span_id": "span-667", "message": "heartbeat ok", "metric": 54.72}
{"timestamp": "2025-12-04T02:44:31.648124+00:00", "level": "INFO", "service": "auth", "thread_id": "t-auth-018", "correlation_id": "live-0066", "trace_id": "trace-live-0066", "span_id": "span-668", "message": "heartbeat ok", "metric": 33.05}
{"timestamp": "2025-12-04T02:44:31.798352+00:00", "level": "INFO", "service": "api", "thread_id": "t-api-019", "correlation_id": "live-0066", "trace_id": "trace-live-0066", "span_id": "span-669", "message": "heartbeat ok", "metric": 96.13}
{"timestamp": "2025-12-04T02:44:31.948594+00:00", "level": "INFO", "service": "search", "thread_id": "t-search-020", "correlation_id": "live-0067", "trace_id": "trace-live-0067", "span_id": "span-670", "message": "heartbeat ok", "metric": 71.17}
{"timestamp": "2025-12-04T02:44:32.098788+00:00", "level": "INFO", "service": "api", "thread_id": "t-api-021", "correlation_id": "live-0067", "trace_id": "trace-live-0067", "span_id": "span-671", "message": "heartbeat ok", "metric": 11.21}
{"timestamp": "2025-12-04T02:44:32.249040+00:00", "level": "INFO", "service": "api", "thread_id": "t-api-022", "correlation_id": "live-0067", "trace_id": "trace-live-0067", "span_id": "span-672", "message": "heartbeat ok", "metric": 44.3}
{"timestamp": "2025-12-04T02:44:32.399369+00:00", "level": "INFO", "service": "payments", "thread_id": "t-payments-023", "correlation_id": "live-0067", "trace_id": "trace-live-0067", "span_id": "span-673", "message": "heartbeat ok", "metric": 27.96}
{"timestamp": "2025-12-04T02:44:32.549635+00:00", "level": "INFO", "service": "payments", "thread_id": "t-payments-024", "correlation_id": "live-0067", "trace_id": "trace-live-0067", "span_id": "span-674", "message": "heartbeat ok", "metric": 61.01}
{"timestamp": "2025-12-04T02:44:32.699948+00:00", "level": "INFO", "service": "search", "thread_id": "t-search-025", "correlation_id": "live-0067", "trace_id": "trace-live-0067", "span_id": "span-675", "message": "heartbeat ok", "metric": 62.65}
{"timestamp": "2025-12-04T02:44:32.850232+00:00", "level": "INFO", "service": "api", "thread_id": "t-api-026", "correlation_id": "live-0067", "trace_id": "trace-live-0067", "span_id": "span-676", "message": "heartbeat ok", "metric": 74.06}
{"timestamp": "2025-12-04T02:44:33.000419+00:00", "level": "INFO", "service": "api", "thread_id": "t-api-027", "correlation_id": "live-0067", "trace_id": "trace-live-0067", "span_id": "span-677", "message": "heartbeat ok", "metric": 78.71}
{"timestamp": "2025-12-04T02:44:33.150634+00:00", "level": "INFO", "service": "ledger", "thread_id": "t-ledger-028", "correlation_id": "live-0067", "trace_id": "trace-live-0067", "span_id": "span-678", "message": "heartbeat ok", "metric": 46.3}
{"timestamp": "2025-12-04T02:44:33.300932+00:00", "level": "INFO", "service": "payments", "thread_id": "t-payments-029", "correlation_id": "live-0067", "trace_id": "trace-live-0067", "span_id": "span-679", "message": "heartbeat ok", "metric": 53.83}
{"timestamp": "2025-12-04T02:44:33.451197+00:00", "level": "INFO", "service": "ledger", "thread_id": "t-ledger-030", "correlation_id": "live-0068", "trace_id": "trace-live-0068", "span_id": "span-680", "message": "heartbeat ok", "metric": 57.38}
{"timestamp": "2025-12-04T02:44:33.601430+00:00", "level": "INFO", "service": "auth", "thread_id": "t-auth-031", "correlation_id": "live-0068", "trace_id": "trace-live-0068", "span_id": "span-681", "message": "heartbeat ok", "metric": 36.85}
{"timestamp": "2025-12-04T02:44:33.751613+00:00", "level": "INFO", "service": "search", "thread_id": "t-search-032", "correlation_id": "live-0068", "trace_id": "trace-live-0068", "span_id": "span-682", "message": "heartbeat ok", "metric": 39.51}
{"timestamp": "2025-12-04T02:44:33.901778+00:00", "level": "INFO", "service": "api", "thread_id": "t-api-033", "correlation_id": "live-0068", "trace_id": "trace-live-0068", "span_id": "span-683", "message": "heartbeat ok", "metric": 60.56}
{"timestamp": "2025-12-04T02:44:34.051959+00:00", "level": "WARN", "service": "ledger", "thread_id": "t-ledger-034", "correlation_id": "live-0068", "trace_id": "trace-live-0068", "span_id": "span-684", "message": "cache miss spike", "metric": 0.21}
{"timestamp": "2025-12-04T02:44:34.202178+00:00", "level": "WARN", "service": "search", "thread_id": "t-search-035", "correlation_id": "live-0068", "trace_id": "trace-live-0068", "span_id": "span-685", "message": "cache miss spike", "metric": 37.34}
{"timestamp": "2025-12-04T02:44:34.352379+00:00", "level": "INFO", "service": "ledger", "thread_id": "t-ledger-036", "correlation_id": "live-0068", "trace_id": "trace-live-0068", "span_id": "span-686", "message": "heartbeat ok", "metric": 56.35}
{"timestamp": "2025-12-04T02:44:34.502524+00:00", "level": "INFO", "service": "search", "thread_id": "t-search-037", "correlation_id": "live-0068", "trace_id": "trace-live-0068", "span_id": "span-687", "message": "heartbeat ok", "metric": 58.32}
{"timestamp": "2025-12-04T02:44:34.652729+00:00", "level": "INFO", "service": "api", "thread_id": "t-api-038", "correlation_id": "live-0068", "trace_id": "trace-live-0068", "span_id": "span-688", "message": "heartbeat ok", "metric": 81.88}
{"timestamp": "2025-12-04T02:44:34.802962+00:00", "level": "INFO", "service": "payments", "thread_id": "t-payments-039", "correlation_id": "live-0068", "trace_id": "trace-live-0068", "span_id": "span-689", "message": "heartbeat ok", "metric": 97.47}
{"timestamp": "2025-12-04T02:44:34.953121+00:00", "level": "INFO", "service": "payments", "thread_id": "t-payments-040", "correlation_id": "live-0069", "trace_id": "trace-live-0069", "span_id": "span-690", "message": "heartbeat ok", "metric": 11.29}
{"timestamp": "2025-12-04T02:44:35.103329+00:00", "level": "INFO", "service": "auth", "thread_id": "t-auth-041", "correlation_id": "live-0069", "trace_id": "trace-live-0069", "span_id": "span-691", "message": "heartbeat ok", "metric": 38.2}
{"timestamp": "2025-12-04T02:44:35.253651+00:00", "level": "INFO", "service": "payments", "thread_id": "t-payments-042", "correlation_id": "live-0069", "trace_id": "trace-live-0069", "span_id": "span-692", "message": "heartbeat ok", "metric": 81.52}
{"timestamp": "2025-12-04T02:44:35.403893+00:00", "level": "INFO", "service": "auth", "thread_id": "t-auth-043", "correlation_id": "live-0069", "trace_id": "trace-live-0069", "span_id": "span-693", "message": "heartbeat ok", "metric": 52.68}
{"timestamp": "2025-12-04T02:44:35.554138+00:00", "level": "WARN", "service": "search", "thread_id": "t-search-044", "correlation_id": "live-0069", "trace_id": "trace-live-0069", "span_id": "span-694", "message": "cache miss spike", "metric": 21.02}
{"timestamp": "2025-12-04T02:44:35.704369+00:00", "level": "INFO", "service": "auth", "thread_id": "t-auth-045", "correlation_id": "live-0069", "trace_id": "trace-live-0069", "span_id": "span-695", "message": "heartbeat ok", "metric": 0.86}
{"timestamp": "2025-12-04T02:44:35.854581+00:00", "level": "ERROR", "service": "ledger", "thread_id": "t-ledger-046", "correlation_id": "live-0069", "trace_id": "trace-live-0069", "span_id": "span-696", "message": "Database timeout", "metric": 25.2}
{"timestamp": "2025-12-04T02:44:36.004831+00:00", "level": "INFO", "service": "payments", "thread_id": "t-payments-047", "correlation_id": "live-0069", "trace_id": "trace-live-0069", "span_id": "span-697", "message": "heartbeat ok", "metric": 9.38}
{"timestamp": "2025-12-04T02:44:36.155181+00:00", "level": "INFO", "service": "ledger", "thread_id": "t-ledger-048", "correlation_id": "live-0069", "trace_id": "trace-live-0069", "span_id": "span-698", "message": "heartbeat ok", "metric": 64.34}
{"timestamp": "2025-12-04T02:44:36.305459+00:00", "level": "INFO", "service": "payments", "thread_id": "t-payments-049", "correlation_id": "live-0069", "trace_id": "trace-live-0069", "span_id": "span-699", "message": "heartbeat ok", "metric": 19.04}
{"timestamp": "2025-12-04T02:44:36.455838+00:00", "level": "INFO", "service": "ledger", "thread_id": "t-ledger-000", "correlation_id": "live-0070", "trace_id": "trace-live-0070", "span_id": "span-700", "message": "heartbeat ok", "metric": 33.99}
{"timestamp": "2025-12-04T02:44:36.606230+00:00", "level": "INFO", "service": "payments", "thread_id": "t-payments-001", "correlation_id": "live-0070", "trace_id": "trace-live-0070", "span_id": "span-701", "message": "heartbeat ok", "metric": 2.72}
{"timestamp": "2025-12-04T02:44:36.756511+00:00", "level": "INFO", "service": "payments", "thread_id": "t-payments-002", "correlation_id": "live-0070", "trace_id": "trace-live-0070", "span_id": "span-702", "message": "heartbeat ok", "metric": 93.71}
{"timestamp": "2025-12-04T02:44:36.906730+00:00", "level": "INFO", "service": "payments", "thread_id": "t-payments-003", "correlation_id": "live-0070", "trace_id": "trace-live-0070", "span_id": "span-703", "message": "heartbeat ok", "metric": 61.22}
{"timestamp": "2025-12-04T02:44:37.056978+00:00", "level": "WARN", "service": "ledger", "thread_id": "t-ledger-004", "correlation_id": "live-0070", "trace_id": "trace-live-0070", "span_id": "span-704", "message": "cache miss spike", "metric": 49.08}
{"timestamp": "2025-12-04T02:44:37.207170+00:00", "level": "INFO", "service": "ledger", "thread_id": "t-ledger-005", "correlation_id": "live-0070", "trace_id": "trace-live-0070", "span_id": "span-705", "message": "heartbeat ok", "metric": 61.77}
{"timestamp": "2025-12-04T02:44:37.357402+00:00", "level": "INFO", "service": "payments", "thread_id": "t-payments-006", "correlation_id": "live-0070", "trace_id": "trace-live-0070", "span_id": "span-706", "message": "heartbeat ok", "metric": 27.85}
{"timestamp": "2025-12-04T02:44:37.507643+00:00", "level": "WARN", "service": "search", "thread_id": "t-search-007", "correlation_id": "live-0070", "trace_id": "trace-live-0070", "span_id": "span-707", "message": "cache miss spike", "metric": 30.67}
{"timestamp": "2025-12-04T02:44:37.657876+00:00", "level": "ERROR", "service": "api", "thread_id": "t-api-008", "correlation_id": "live-0070", "trace_id": "trace-live-0070", "span_id": "span-708", "message": "Database timeout", "metric": 0.99}
{"timestamp": "2025-12-04T02:44:37.808140+00:00", "level": "ERROR", "service": "ledger", "thread_id": "t-ledger-009", "correlation_id": "live-0070", "trace_id": "trace-live-0070", "span_id": "span-709", "message": "Database timeout", "metric": 52.4}
{"timestamp": "2025-12-04T02:44:37.958324+00:00", "level": "WARN", "service": "payments", "thread_id": "t-payments-010", "correlation_id": "live-0071", "trace_id": "trace-live-0071", "span_id": "span-710", "message": "cache miss spike", "metric": 20.65}
{"timestamp": "2025-12-04T02:44:38.108549+00:00", "level": "INFO", "service": "payments", "thread_id": "t-payments-011", "correlation_id": "live-0071", "trace_id": "trace-live-0071", "span_id": "span-711", "message": "heartbeat ok", "metric": 22.1}
{"timestamp": "2025-12-04T02:44:38.258858+00:00", "level": "WARN", "service": "auth", "thread_id": "t-auth-012", "correlation_id": "live-0071", "trace_id": "trace-live-0071", "span_id": "span-712", "message": "cache miss spike", "metric": 13.93}
{"timestamp": "2025-12-04T02:44:38.409082+00:00", "level": "INFO", "service": "auth", "thread_id": "t-auth-013", "correlation_id": "live-0071", "trace_id": "trace-live-0071", "span_id": "span-713", "message": "heartbeat ok", "metric": 26.8}
{"timestamp": "2025-12-04T02:44:38.559283+00:00", "level": "ERROR", "service": "payments", "thread_id": "t-payments-014", "correlation_id": "live-0071", "trace_id": "trace-live-0071", "span_id": "span-714", "message": "Database timeout", "metric": 10.44}
{"timestamp": "2025-12-04T02:44:38.709514+00:00", "level": "WARN", "service": "api", "thread_id": "t-api-015", "correlation_id": "live-0071", "trace_id": "trace-live-0071", "span_id": "span-715", "message": "cache miss spike", "metric": 62.64}
{"timestamp": "2025-12-04T02:44:38.859661+00:00", "level": "INFO", "service": "api", "thread_id": "t-api-016", "correlation_id": "live-0071", "trace_id": "trace-live-0071", "span_id": "span-716", "message": "heartbeat ok", "metric": 72.77}
{"timestamp": "2025-12-04T02:44:39.009828+00:00", "level": "ERROR", "service": "auth", "thread_id": "t-auth-017", "correlation_id": "live-0071", "trace_id": "trace-live-0071", "span_id": "span-717", "message": "Database timeout", "metric": 34.36}
{"timestamp": "2025-12-04T02:44:39.159934+00:00", "level": "INFO", "service": "auth", "thread_id": "t-auth-018", "correlation_id": "live-0071", "trace_id": "trace-live-0071", "span_id": "span-718", "message": "heartbeat ok", "metric": 92.76}
{"timestamp": "2025-12-04T02:44:39.310112+00:00", "level": "INFO", "service": "auth", "thread_id": "t-auth-019", "correlation_id": "live-0071", "trace_id": "trace-live-0071", "span_id": "span-719", "message": "heartbeat ok", "metric": 98.54}
{"timestamp": "2025-12-04T02:44:39.460344+00:00", "level": "INFO", "service": "ledger", "thread_id": "t-ledger-020", "correlation_id": "live-0072", "trace_id": "trace-live-0072", "span_id": "span-720", "message": "heartbeat ok", "metric": 28.63}
{"timestamp": "2025-12-04T02:44:39.610621+00:00", "level": "ERROR", "service": "auth", "thread_id": "t-auth-021", "correlation_id": "live-0072", "trace_id": "trace-live-0072", "span_id": "span-721", "message": "Database timeout", "metric": 45.28}
{"timestamp": "2025-12-04T02:44:39.760945+00:00", "level": "INFO", "service": "payments", "thread_id": "t-payments-022", "correlation_id": "live-0072", "trace_id": "trace-live-0072", "span_id": "span-722", "message": "heartbeat ok", "metric": 67.75}
{"timestamp": "2025-12-04T02:44:39.911158+00:00", "level": "INFO", "service": "auth", "thread_id": "t-auth-023", "correlation_id": "live-0072", "trace_id": "trace-live-0072", "span_id": "span-723", "message": "heartbeat ok", "metric": 9.53}
{"timestamp": "2025-12-04T02:44:40.061324+00:00", "level": "INFO", "service": "search", "thread_id": "t-search-024", "correlation_id": "live-0072", "trace_id": "trace-live-0072", "span_id": "span-724", "message": "heartbeat ok", "metric": 97.26}
{"timestamp": "2025-12-04T02:44:40.211511+00:00", "level": "WARN", "service": "api", "thread_id": "t-api-025", "correlation_id": "live-0072", "trace_id": "trace-live-0072", "span_id": "span-725", "message": "cache miss spike", "metric": 59.07}
{"timestamp": "2025-12-04T02:44:40.361740+00:00", "level": "INFO", "service": "api", "thread_id": "t-api-026", "correlation_id": "live-0072", "trace_id": "trace-live-0072", "span_id": "span-726", "message": "heartbeat ok", "metric": 76.37}
{"timestamp": "2025-12-04T02:44:40.511974+00:00", "level": "INFO", "service": "api", "thread_id": "t-api-027", "correlation_id": "live-0072", "trace_id": "trace-live-0072", "span_id": "span-727", "message": "heartbeat ok", "metric": 52.31}
{"timestamp": "2025-12-04T02:44:40.662166+00:00", "level": "INFO", "service": "auth", "thread_id": "t-auth-028", "correlation_id": "live-0072", "trace_id": "trace-live-0072", "span_id": "span-728", "message": "heartbeat ok", "metric": 45.44}
{"timestamp": "2025-12-04T02:44:40.812422+00:00", "level": "WARN", "service": "api", "thread_id": "t-api-029", "correlation_id": "live-0072", "trace_id": "trace-live-0072", "span_id": "span-729", "message": "cache miss spike", "metric": 3.44}
{"timestamp": "2025-12-04T02:44:40.962643+00:00", "level": "INFO", "service": "auth", "thread_id": "t-auth-030", "correlation_id": "live-0073", "trace_id": "trace-live-0073", "span_id": "span-730", "message": "heartbeat ok", "metric": 52.35}
{"timestamp": "2025-12-04T02:44:41.112943+00:00", "level": "INFO", "service": "search", "thread_id": "t-search-031", "correlation_id": "live-0073", "trace_id": "trace-live-0073", "span_id": "span-731", "message": "heartbeat ok", "metric": 56.09}
{"timestamp": "2025-12-04T02:44:41.263201+00:00", "level": "INFO", "service": "api", "thread_id": "t-api-032", "correlation_id": "live-0073", "trace_id": "trace-live-0073", "span_id": "span-732", "message": "heartbeat ok", "metric": 88.43}
{"timestamp": "2025-12-04T02:44:41.413430+00:00", "level": "INFO", "service": "payments", "thread_id": "t-payments-033", "correlation_id": "live-0073", "trace_id": "trace-live-0073", "span_id": "span-733", "message": "heartbeat ok", "metric": 70.7}
{"timestamp": "2025-12-04T02:44:41.563704+00:00", "level": "WARN", "service": "payments", "thread_id": "t-payments-034", "correlation_id": "live-0073", "trace_id": "trace-live-0073", "span_id": "span-734", "message": "cache miss spike", "metric": 89.71}
{"timestamp": "2025-12-04T02:44:41.713934+00:00", "level": "WARN", "service": "auth", "thread_id": "t-auth-035", "correlation_id": "live-0073", "trace_id": "trace-live-0073", "span_id": "span-735", "message": "cache miss spike", "metric": 7.47}
{"timestamp": "2025-12-04T02:44:41.864140+00:00", "level": "WARN", "service": "payments", "thread_id": "t-payments-036", "correlation_id": "live-0073", "trace_id": "trace-live-0073", "span_id": "span-736", "message": "cache miss spike", "metric": 2.49}
{"timestamp": "2025-12-04T02:44:42.014397+00:00", "level": "WARN", "service": "auth", "thread_id": "t-auth-037", "correlation_id": "live-0073", "trace_id": "trace-live-0073", "span_id": "span-737", "message": "cache miss spike", "metric": 82.31}
{"timestamp": "2025-12-04T02:44:42.164581+00:00", "level": "INFO", "service": "api", "thread_id": "t-api-038", "correlation_id": "live-0073", "trace_id": "trace-live-0073", "span_id": "span-738", "message": "heartbeat ok", "metric": 61.05}
{"timestamp": "2025-12-04T02:44:42.314776+00:00", "level": "INFO", "service": "api", "thread_id": "t-api-039", "correlation_id": "live-0073", "trace_id": "trace-live-0073", "span_id": "span-739", "message": "heartbeat ok", "metric": 92.01}
{"timestamp": "2025-12-04T02:44:42.464958+00:00", "level": "ERROR", "service": "auth", "thread_id": "t-auth-040", "correlation_id": "live-0074", "trace_id": "trace-live-0074", "span_id": "span-740", "message": "Database timeout", "metric": 13.33}
{"timestamp": "2025-12-04T02:44:42.615166+00:00", "level": "ERROR", "service": "payments", "thread_id": "t-payments-041", "correlation_id": "live-0074", "trace_id": "trace-live-0074", "span_id": "span-741", "message": "Database timeout", "metric": 92.67}
{"timestamp": "2025-12-04T02:44:42.765390+00:00", "level": "INFO", "service": "auth", "thread_id": "t-auth-042", "correlation_id": "live-0074", "trace_id": "trace-live-0074", "span_id": "span-742", "message": "heartbeat ok", "metric": 46.93}
{"timestamp": "2025-12-04T02:44:42.915652+00:00", "level": "WARN", "service": "payments", "thread_id": "t-payments-043", "correlation_id": "live-0074", "trace_id": "trace-live-0074", "span_id": "span-743", "message": "cache miss spike", "metric": 99.94}
{"timestamp": "2025-12-04T02:44:43.065826+00:00", "level": "INFO", "service": "auth", "thread_id": "t-auth-044", "correlation_id": "live-0074", "trace_id": "trace-live-0074", "span_id": "span-744", "message": "heartbeat ok", "metric": 82.84}
{"timestamp": "2025-12-04T02:44:43.215981+00:00", "level": "WARN", "service": "auth", "thread_id": "t-auth-045", "correlation_id": "live-0074", "trace_id": "trace-live-0074", "span_id": "span-745", "message": "cache miss spike", "metric": 38.26}
{"timestamp": "2025-12-04T02:44:43.366199+00:00", "level": "INFO", "service": "ledger", "thread_id": "t-ledger-046", "correlation_id": "live-0074", "trace_id": "trace-live-0074", "span_id": "span-746", "message": "heartbeat ok", "metric": 50.6}
{"timestamp": "2025-12-04T02:44:43.516487+00:00", "level": "INFO", "service": "api", "thread_id": "t-api-047", "correlation_id": "live-0074", "trace_id": "trace-live-0074", "span_id": "span-747", "message": "heartbeat ok", "metric": 74.71}
{"timestamp": "2025-12-04T02:44:43.666742+00:00", "level": "INFO", "service": "api", "thread_id": "t-api-048", "correlation_id": "live-0074", "trace_id": "trace-live-0074", "span_id": "span-748", "message": "heartbeat ok", "metric": 54.49}
{"timestamp": "2025-12-04T02:44:43.816986+00:00", "level": "WARN", "service": "auth", "thread_id": "t-auth-049", "correlation_id": "live-0074", "trace_id": "trace-live-0074", "span_id": "span-749", "message": "cache miss spike", "metric": 22.27}
{"timestamp": "2025-12-04T02:44:43.967159+00:00", "level": "ERROR", "service": "ledger", "thread_id": "t-ledger-000", "correlation_id": "live-0075", "trace_id": "trace-live-0075", "span_id": "span-750", "message": "Database timeout", "metric": 29.83}
{"timestamp": "2025-12-04T02:44:44.117348+00:00", "level": "ERROR", "service": "api", "thread_id": "t-api-001", "correlation_id": "live-0075", "trace_id": "trace-live-0075", "span_id": "span-751", "message": "Database timeout", "metric": 98.83}
{"timestamp": "2025-12-04T02:44:44.267603+00:00", "level": "INFO", "service": "search", "thread_id": "t-search-002", "correlation_id": "live-0075", "trace_id": "trace-live-0075", "span_id": "span-752", "message": "heartbeat ok", "metric": 34.57}
{"timestamp": "2025-12-04T02:44:44.417879+00:00", "level": "INFO", "service": "api", "thread_id": "t-api-003", "correlation_id": "live-0075", "trace_id": "trace-live-0075", "span_id": "span-753", "message": "heartbeat ok", "metric": 31.44}
{"timestamp": "2025-12-04T02:44:44.568237+00:00", "level": "WARN", "service": "payments", "thread_id": "t-payments-004", "correlation_id": "live-0075", "trace_id": "trace-live-0075", "span_id": "span-754", "message": "cache miss spike", "metric": 28.83}
{"timestamp": "2025-12-04T02:44:44.718491+00:00", "level": "INFO", "service": "search", "thread_id": "t-search-005", "correlation_id": "live-0075", "trace_id": "trace-live-0075", "span_id": "span-755", "message": "heartbeat ok", "metric": 58.95}
{"timestamp": "2025-12-04T02:44:44.868740+00:00", "level": "INFO", "service": "ledger", "thread_id": "t-ledger-006", "correlation_id": "live-0075", "trace_id": "trace-live-0075", "span_id": "span-756", "message": "heartbeat ok", "metric": 54.04}
{"timestamp": "2025-12-04T02:44:45.018954+00:00", "level": "ERROR", "service": "api", "thread_id": "t-api-007", "correlation_id": "live-0075", "trace_id": "trace-live-0075", "span_id": "span-757", "message": "Database timeout", "metric": 56.06}
{"timestamp": "2025-12-04T02:44:45.169274+00:00", "level": "INFO", "service": "auth", "thread_id": "t-auth-008", "correlation_id": "live-0075", "trace_id": "trace-live-0075", "span_id": "span-758", "message": "heartbeat ok", "metric": 26.5}
{"timestamp": "2025-12-04T02:44:45.319604+00:00", "level": "INFO", "service": "search", "thread_id": "t-search-009", "correlation_id": "live-0075", "trace_id": "trace-live-0075", "span_id": "span-759", "message": "heartbeat ok", "metric": 1.82}
{"timestamp": "2025-12-04T02:44:45.469964+00:00", "level": "INFO", "service": "ledger", "thread_id": "t-ledger-010", "correlation_id": "live-0076", "trace_id": "trace-live-0076", "span_id": "span-760", "message": "heartbeat ok", "metric": 37.98}
{"timestamp": "2025-12-04T02:44:45.620177+00:00", "level": "INFO", "service": "api", "thread_id": "t-api-011", "correlation_id": "live-0076", "trace_id": "trace-live-0076", "span_id": "span-761", "message": "heartbeat ok", "metric": 82.37}
{"timestamp": "2025-12-04T02:44:45.770403+00:00", "level": "INFO", "service": "api", "thread_id": "t-api-012", "correlation_id": "live-0076", "trace_id": "trace-live-0076", "span_id": "span-762", "message": "heartbeat ok", "metric": 16.74}
{"timestamp": "2025-12-04T02:44:45.920659+00:00", "level": "ERROR", "service": "payments", "thread_id": "t-payments-013", "correlation_id": "live-0076", "trace_id": "trace-live-0076", "span_id": "span-763", "message": "Database timeout", "metric": 52.58}
{"timestamp": "2025-12-04T02:44:46.070967+00:00", "level": "INFO", "service": "auth", "thread_id": "t-auth-014", "correlation_id": "live-0076", "trace_id": "trace-live-0076", "span_id": "span-764", "message": "heartbeat ok", "metric": 3.23}
{"timestamp": "2025-12-04T02:44:46.221223+00:00", "level": "ERROR", "service": "auth", "thread_id": "t-auth-015", "correlation_id": "live-0076", "trace_id": "trace-live-0076", "span_id": "span-765", "message": "Database timeout", "metric": 7.07}
{"timestamp": "2025-12-04T02:44:46.371390+00:00", "level": "INFO", "service": "api", "thread_id": "t-api-016", "correlation_id": "live-0076", "trace_id": "trace-live-0076", "span_id": "span-766", "message": "heartbeat ok", "metric": 92.45}
{"timestamp": "2025-12-04T02:44:46.521639+00:00", "level": "INFO", "service": "search", "thread_id": "t-search-017", "correlation_id": "live-0076", "trace_id": "trace-live-0076", "span_id": "span-767", "message": "heartbeat ok", "metric": 62.34}
{"timestamp": "2025-12-04T02:44:46.671885+00:00", "level": "INFO", "service": "auth", "thread_id": "t-auth-018", "correlation_id": "live-0076", "trace_id": "trace-live-0076", "span_id": "span-768", "message": "heartbeat ok", "metric": 52.55}
{"timestamp": "2025-12-04T02:44:46.822216+00:00", "level": "INFO", "service": "search", "thread_id": "t-search-019", "correlation_id": "live-0076", "trace_id": "trace-live-0076", "span_id": "span-769", "message": "heartbeat ok", "metric": 1.21}
{"timestamp": "2025-12-04T02:44:46.972455+00:00", "level": "INFO", "service": "api", "thread_id": "t-api-020", "correlation_id": "live-0077", "trace_id": "trace-live-0077", "span_id": "span-770", "message": "heartbeat ok", "metric": 22.76}
{"timestamp": "2025-12-04T02:44:47.122695+00:00", "level": "INFO", "service": "ledger", "thread_id": "t-ledger-021", "correlation_id": "live-0077", "trace_id": "trace-live-0077", "span_id": "span-771", "message": "heartbeat ok", "metric": 45.32}
{"timestamp": "2025-12-04T02:44:47.272872+00:00", "level": "WARN", "service": "search", "thread_id": "t-search-022", "correlation_id": "live-0077", "trace_id": "trace-live-0077", "span_id": "span-772", "message": "cache miss spike", "metric": 81.52}
{"timestamp": "2025-12-04T02:44:47.423117+00:00", "level": "INFO", "service": "ledger", "thread_id": "t-ledger-023", "correlation_id": "live-0077", "trace_id": "trace-live-0077", "span_id": "span-773", "message": "heartbeat ok", "metric": 2.79}
{"timestamp": "2025-12-04T02:44:47.573344+00:00", "level": "INFO", "service": "ledger", "thread_id": "t-ledger-024", "correlation_id": "live-0077", "trace_id": "trace-live-0077", "span_id": "span-774", "message": "heartbeat ok", "metric": 54.15}
{"timestamp": "2025-12-04T02:44:47.723528+00:00", "level": "INFO", "service": "search", "thread_id": "t-search-025", "correlation_id": "live-0077", "trace_id": "trace-live-0077", "span_id": "span-775", "message": "heartbeat ok", "metric": 88.32}
{"timestamp": "2025-12-04T02:44:47.873710+00:00", "level": "INFO", "service": "auth", "thread_id": "t-auth-026", "correlation_id": "live-0077", "trace_id": "trace-live-0077", "span_id": "span-776", "message": "heartbeat ok", "metric": 62.2}
{"timestamp": "2025-12-04T02:44:48.023949+00:00", "level": "INFO", "service": "api", "thread_id": "t-api-027", "correlation_id": "live-0077", "trace_id": "trace-live-0077", "span_id": "span-777", "message": "heartbeat ok", "metric": 33.58}
{"timestamp": "2025-12-04T02:44:48.174185+00:00", "level": "INFO", "service": "ledger", "thread_id": "t-ledger-028", "correlation_id": "live-0077", "trace_id": "trace-live-0077", "span_id": "span-778", "message": "heartbeat ok", "metric": 25.16}
{"timestamp": "2025-12-04T02:44:48.324428+00:00", "level": "ERROR", "service": "auth", "thread_id": "t-auth-029", "correlation_id": "live-0077", "trace_id": "trace-live-0077", "span_id": "span-779", "message": "Database timeout", "metric": 4.5}
{"timestamp": "2025-12-04T02:44:48.474790+00:00", "level": "INFO", "service": "payments", "thread_id": "t-payments-030", "correlation_id": "live-0078", "trace_id": "trace-live-0078", "span_id": "span-780", "message": "heartbeat ok", "metric": 23.56}
{"timestamp": "2025-12-04T02:44:48.625031+00:00", "level": "WARN", "service": "api", "thread_id": "t-api-031", "correlation_id": "live-0078", "trace_id": "trace-live-0078", "span_id": "span-781", "message": "cache miss spike", "metric": 7.34}
{"timestamp": "2025-12-04T02:44:48.775226+00:00", "level": "WARN", "service": "auth", "thread_id": "t-auth-032", "correlation_id": "live-0078", "trace_id": "trace-live-0078", "span_id": "span-782", "message": "cache miss spike", "metric": 1.11}
{"timestamp": "2025-12-04T02:44:48.925421+00:00", "level": "INFO", "service": "ledger", "thread_id": "t-ledger-033", "correlation_id": "live-0078", "trace_id": "trace-live-0078", "span_id": "span-783", "message": "heartbeat ok", "metric": 42.45}
{"timestamp": "2025-12-04T02:44:49.075653+00:00", "level": "ERROR", "service": "auth", "thread_id": "t-auth-034", "correlation_id": "live-0078", "trace_id": "trace-live-0078", "span_id": "span-784", "message": "Database timeout", "metric": 10.85}
{"timestamp": "2025-12-04T02:44:49.225943+00:00", "level": "INFO", "service": "ledger", "thread_id": "t-ledger-035", "correlation_id": "live-0078", "trace_id": "trace-live-0078", "span_id": "span-785", "message": "heartbeat ok", "metric": 57.81}
{"timestamp": "2025-12-04T02:44:49.376163+00:00", "level": "INFO", "service": "search", "thread_id": "t-search-036", "correlation_id": "live-0078", "trace_id": "trace-live-0078", "span_id": "span-786", "message": "heartbeat ok", "metric": 25.24}
{"timestamp": "2025-12-04T02:44:49.526456+00:00", "level": "INFO", "service": "auth", "thread_id": "t-auth-037", "correlation_id": "live-0078", "trace_id": "trace-live-0078", "span_id": "span-787", "message": "heartbeat ok", "metric": 46.81}
{"timestamp": "2025-12-04T02:44:49.676758+00:00", "level": "WARN", "service": "auth", "thread_id": "t-auth-038", "correlation_id": "live-0078", "trace_id": "trace-live-0078", "span_id": "span-788", "message": "cache miss spike", "metric": 60.56}
{"timestamp": "2025-12-04T02:44:49.827024+00:00", "level": "INFO", "service": "auth", "thread_id": "t-auth-039", "correlation_id": "live-0078", "trace_id": "trace-live-0078", "span_id": "span-789", "message": "heartbeat ok", "metric": 46.95}
{"timestamp": "2025-12-04T02:44:49.977184+00:00", "level": "WARN", "service": "ledger", "thread_id": "t-ledger-040", "correlation_id": "live-0079", "trace_id": "trace-live-0079", "span_id": "span-790", "message": "cache miss spike", "metric": 0.52}
{"timestamp": "2025-12-04T02:44:50.127428+00:00", "level": "ERROR", "service": "search", "thread_id": "t-search-041", "correlation_id": "live-0079", "trace_id": "trace-live-0079", "span_id": "span-791", "message": "Database timeout", "metric": 27.1}
{"timestamp": "2025-12-04T02:44:50.277714+00:00", "level": "INFO", "service": "search", "thread_id": "t-search-042", "correlation_id": "live-0079", "trace_id": "trace-live-0079", "span_id": "span-792", "message": "heartbeat ok", "metric": 11.07}
{"timestamp": "2025-12-04T02:44:50.428029+00:00", "level": "INFO", "service": "search", "thread_id": "t-search-043", "correlation_id": "live-0079", "trace_id": "trace-live-0079", "span_id": "span-793", "message": "heartbeat ok", "metric": 41.53}
{"timestamp": "2025-12-04T02:44:50.578308+00:00", "level": "INFO", "service": "auth", "thread_id": "t-auth-044", "correlation_id": "live-0079", "trace_id": "trace-live-0079", "span_id": "span-794", "message": "heartbeat ok", "metric": 97.9}
{"timestamp": "2025-12-04T02:44:50.728545+00:00", "level": "INFO", "service": "payments", "thread_id": "t-payments-045", "correlation_id": "live-0079", "trace_id": "trace-live-0079", "span_id": "span-795", "message": "heartbeat ok", "metric": 98.53}
{"timestamp": "2025-12-04T02:44:50.878804+00:00", "level": "INFO", "service": "auth", "thread_id": "t-auth-046", "correlation_id": "live-0079", "trace_id": "trace-live-0079", "span_id": "span-796", "message": "heartbeat ok", "metric": 92.29}
{"timestamp": "2025-12-04T02:44:51.029123+00:00", "level": "WARN", "service": "api", "thread_id": "t-api-047", "correlation_id": "live-0079", "trace_id": "trace-live-0079", "span_id": "span-797", "message": "cache miss spike", "metric": 24.58}
{"timestamp": "2025-12-04T02:44:51.179380+00:00", "level": "WARN", "service": "api", "thread_id": "t-api-048", "correlation_id": "live-0079", "trace_id": "trace-live-0079", "span_id": "span-798", "message": "cache miss spike", "metric": 10.16}
{"timestamp": "2025-12-04T02:44:51.329542+00:00", "level": "INFO", "service": "search", "thread_id": "t-search-049", "correlation_id": "live-0079", "trace_id": "trace-live-0079", "span_id": "span-799", "message": "heartbeat ok", "metric": 8.02}
{"timestamp": "2025-12-04T02:44:51.479696+00:00", "level": "WARN", "service": "ledger", "thread_id": "t-ledger-000", "correlation_id": "live-0080", "trace_id": "trace-live-0080", "span_id": "span-800", "message": "cache miss spike", "metric": 34.06}
{"timestamp": "2025-12-04T02:44:51.629931+00:00", "level": "INFO", "service": "payments", "thread_id": "t-payments-001", "correlation_id": "live-0080", "trace_id": "trace-live-0080", "span_id": "span-801", "message": "heartbeat ok", "metric": 46.24}
{"timestamp": "2025-12-04T02:44:51.780226+00:00", "level": "INFO", "service": "payments", "thread_id": "t-payments-002", "correlation_id": "live-0080", "trace_id": "trace-live-0080", "span_id": "span-802", "message": "heartbeat ok", "metric": 89.41}
{"timestamp": "2025-12-04T02:44:51.930523+00:00", "level": "INFO", "service": "payments", "thread_id": "t-payments-003", "correlation_id": "live-0080", "trace_id": "trace-live-0080", "span_id": "span-803", "message": "heartbeat ok", "metric": 12.12}
{"timestamp": "2025-12-04T02:44:52.080802+00:00", "level": "INFO", "service": "payments", "thread_id": "t-payments-004", "correlation_id": "live-0080", "trace_id": "trace-live-0080", "span_id": "span-804", "message": "heartbeat ok", "metric": 2.09}
{"timestamp": "2025-12-04T02:44:52.231070+00:00", "level": "ERROR", "service": "ledger", "thread_id": "t-ledger-005", "correlation_id": "live-0080", "trace_id": "trace-live-0080", "span_id": "span-805", "message": "Database timeout", "metric": 25.13}
{"timestamp": "2025-12-04T02:44:52.381251+00:00", "level": "INFO", "service": "payments", "thread_id": "t-payments-006", "correlation_id": "live-0080", "trace_id": "trace-live-0080", "span_id": "span-806", "message": "heartbeat ok", "metric": 9.32}
{"timestamp": "2025-12-04T02:44:52.531492+00:00", "level": "INFO", "service": "api", "thread_id": "t-api-007", "correlation_id": "live-0080", "trace_id": "trace-live-0080", "span_id": "span-807", "message": "heartbeat ok", "metric": 92.32}
{"timestamp": "2025-12-04T02:44:52.681846+00:00", "level": "INFO", "service": "ledger", "thread_id": "t-ledger-008", "correlation_id": "live-0080", "trace_id": "trace-live-0080", "span_id": "span-808", "message": "heartbeat ok", "metric": 12.37}
{"timestamp": "2025-12-04T02:44:52.832092+00:00", "level": "INFO", "service": "auth", "thread_id": "t-auth-009", "correlation_id": "live-0080", "trace_id": "trace-live-0080", "span_id": "span-809", "message": "heartbeat ok", "metric": 51.17}
{"timestamp": "2025-12-04T02:44:52.982339+00:00", "level": "WARN", "service": "api", "thread_id": "t-api-010", "correlation_id": "live-0081", "trace_id": "trace-live-0081", "span_id": "span-810", "message": "cache miss spike", "metric": 21.91}
{"timestamp": "2025-12-04T02:44:53.132585+00:00", "level": "INFO", "service": "auth", "thread_id": "t-auth-011", "correlation_id": "live-0081", "trace_id": "trace-live-0081", "span_id": "span-811", "message": "heartbeat ok", "metric": 96.57}
{"timestamp": "2025-12-04T02:44:53.282786+00:00", "level": "INFO", "service": "auth", "thread_id": "t-auth-012", "correlation_id": "live-0081", "trace_id": "trace-live-0081", "span_id": "span-812", "message": "heartbeat ok", "metric": 69.41}
{"timestamp": "2025-12-04T02:44:53.432982+00:00", "level": "INFO", "service": "auth", "thread_id": "t-auth-013", "correlation_id": "live-0081", "trace_id": "trace-live-0081", "span_id": "span-813", "message": "heartbeat ok", "metric": 70.15}
{"timestamp": "2025-12-04T02:44:53.583263+00:00", "level": "INFO", "service": "api", "thread_id": "t-api-014", "correlation_id": "live-0081", "trace_id": "trace-live-0081", "span_id": "span-814", "message": "heartbeat ok", "metric": 40.45}
{"timestamp": "2025-12-04T02:44:53.733557+00:00", "level": "INFO", "service": "ledger", "thread_id": "t-ledger-015", "correlation_id": "live-0081", "trace_id": "trace-live-0081", "span_id": "span-815", "message": "heartbeat ok", "metric": 29.18}
{"timestamp": "2025-12-04T02:44:53.883852+00:00", "level": "INFO", "service": "search", "thread_id": "t-search-016", "correlation_id": "live-0081", "trace_id": "trace-live-0081", "span_id": "span-816", "message": "heartbeat ok", "metric": 21.73}
{"timestamp": "2025-12-04T02:44:54.034143+00:00", "level": "INFO", "service": "search", "thread_id": "t-search-017", "correlation_id": "live-0081", "trace_id": "trace-live-0081", "span_id": "span-817", "message": "heartbeat ok", "metric": 92.29}
{"timestamp": "2025-12-04T02:44:54.184382+00:00", "level": "INFO", "service": "search", "thread_id": "t-search-018", "correlation_id": "live-0081", "trace_id": "trace-live-0081", "span_id": "span-818", "message": "heartbeat ok", "metric": 6.47}
{"timestamp": "2025-12-04T02:44:54.334534+00:00", "level": "INFO", "service": "payments", "thread_id": "t-payments-019", "correlation_id": "live-0081", "trace_id": "trace-live-0081", "span_id": "span-819", "message": "heartbeat ok", "metric": 6.57}
{"timestamp": "2025-12-04T02:44:54.484830+00:00", "level": "INFO", "service": "ledger", "thread_id": "t-ledger-020", "correlation_id": "live-0082", "trace_id": "trace-live-0082", "span_id": "span-820", "message": "heartbeat ok", "metric": 99.11}
{"timestamp": "2025-12-04T02:44:54.635141+00:00", "level": "ERROR", "service": "auth", "thread_id": "t-auth-021", "correlation_id": "live-0082", "trace_id": "trace-live-0082", "span_id": "span-821", "message": "Database timeout", "metric": 5.26}
{"timestamp": "2025-12-04T02:44:54.785334+00:00", "level": "ERROR", "service": "auth", "thread_id": "t-auth-022", "correlation_id": "live-0082", "trace_id": "trace-live-0082", "span_id": "span-822", "message": "Database timeout", "metric": 39.35}
{"timestamp": "2025-12-04T02:44:54.935567+00:00", "level": "INFO", "service": "auth", "thread_id": "t-auth-023", "correlation_id": "live-0082", "trace_id": "trace-live-0082", "span_id": "span-823", "message": "heartbeat ok", "metric": 2.08}
{"timestamp": "2025-12-04T02:44:55.085827+00:00", "level": "ERROR", "service": "search", "thread_id": "t-search-024", "correlation_id": "live-0082", "trace_id": "trace-live-0082", "span_id": "span-824", "message": "Database timeout", "metric": 34.93}
{"timestamp": "2025-12-04T02:44:55.236074+00:00", "level": "INFO", "service": "api", "thread_id": "t-api-025", "correlation_id": "live-0082", "trace_id": "trace-live-0082", "span_id": "span-825", "message": "heartbeat ok", "metric": 26.82}
{"timestamp": "2025-12-04T02:44:55.386326+00:00", "level": "ERROR", "service": "api", "thread_id": "t-api-026", "correlation_id": "live-0082", "trace_id": "trace-live-0082", "span_id": "span-826", "message": "Database timeout", "metric": 26.02}
{"timestamp": "2025-12-04T02:44:55.536557+00:00", "level": "WARN", "service": "auth", "thread_id": "t-auth-027", "correlation_id": "live-0082", "trace_id": "trace-live-0082", "span_id": "span-827", "message": "cache miss spike", "metric": 97.41}
{"timestamp": "2025-12-04T02:44:55.686741+00:00", "level": "INFO", "service": "auth", "thread_id": "t-auth-028", "correlation_id": "live-0082", "trace_id": "trace-live-0082", "span_id": "span-828", "message": "heartbeat ok", "metric": 15.65}
{"timestamp": "2025-12-04T02:44:55.836990+00:00", "level": "INFO", "service": "auth", "thread_id": "t-auth-029", "correlation_id": "live-0082", "trace_id": "trace-live-0082", "span_id": "span-829", "message": "heartbeat ok", "metric": 37.38}
{"timestamp": "2025-12-04T02:44:55.987256+00:00", "level": "INFO", "service": "payments", "thread_id": "t-payments-030", "correlation_id": "live-0083", "trace_id": "trace-live-0083", "span_id": "span-830", "message": "heartbeat ok", "metric": 23.99}
{"timestamp": "2025-12-04T02:44:56.137453+00:00", "level": "INFO", "service": "api", "thread_id": "t-api-031", "correlation_id": "live-0083", "trace_id": "trace-live-0083", "span_id": "span-831", "message": "heartbeat ok", "metric": 11.46}
{"timestamp": "2025-12-04T02:44:56.287677+00:00", "level": "INFO", "service": "auth", "thread_id": "t-auth-032", "correlation_id": "live-0083", "trace_id": "trace-live-0083", "span_id": "span-832", "message": "heartbeat ok", "metric": 3.34}
{"timestamp": "2025-12-04T02:44:56.437879+00:00", "level": "WARN", "service": "search", "thread_id": "t-search-033", "correlation_id": "live-0083", "trace_id": "trace-live-0083", "span_id": "span-833", "message": "cache miss spike", "metric": 84.06}
{"timestamp": "2025-12-04T02:44:56.588116+00:00", "level": "INFO", "service": "auth", "thread_id": "t-auth-034", "correlation_id": "live-0083", "trace_id": "trace-live-0083", "span_id": "span-834", "message": "heartbeat ok", "metric": 78.43}
{"timestamp": "2025-12-04T02:44:56.738423+00:00", "level": "INFO", "service": "ledger", "thread_id": "t-ledger-035", "correlation_id": "live-0083", "trace_id": "trace-live-0083", "span_id": "span-835", "message": "heartbeat ok", "metric": 4.08}
{"timestamp": "2025-12-04T02:44:56.888655+00:00", "level": "INFO", "service": "payments", "thread_id": "t-payments-036", "correlation_id": "live-0083", "trace_id": "trace-live-0083", "span_id": "span-836", "message": "heartbeat ok", "metric": 32.1}
{"timestamp": "2025-12-04T02:44:57.038833+00:00", "level": "WARN", "service": "api", "thread_id": "t-api-037", "correlation_id": "live-0083", "trace_id": "trace-live-0083", "span_id": "span-837", "message": "cache miss spike", "metric": 96.09}
{"timestamp": "2025-12-04T02:44:57.189032+00:00", "level": "INFO", "service": "ledger", "thread_id": "t-ledger-038", "correlation_id": "live-0083", "trace_id": "trace-live-0083", "span_id": "span-838", "message": "heartbeat ok", "metric": 87.01}
{"timestamp": "2025-12-04T02:44:57.339266+00:00", "level": "WARN", "service": "ledger", "thread_id": "t-ledger-039", "correlation_id": "live-0083", "trace_id": "trace-live-0083", "span_id": "span-839", "message": "cache miss spike", "metric": 96.34}
{"timestamp": "2025-12-04T02:44:57.489507+00:00", "level": "ERROR", "service": "api", "thread_id": "t-api-040", "correlation_id": "live-0084", "trace_id": "trace-live-0084", "span_id": "span-840", "message": "Database timeout", "metric": 12.95}
{"timestamp": "2025-12-04T02:44:57.639784+00:00", "level": "INFO", "service": "auth", "thread_id": "t-auth-041", "correlation_id": "live-0084", "trace_id": "trace-live-0084", "span_id": "span-841", "message": "heartbeat ok", "metric": 41.01}
{"timestamp": "2025-12-04T02:44:57.790012+00:00", "level": "INFO", "service": "payments", "thread_id": "t-payments-042", "correlation_id": "live-0084", "trace_id": "trace-live-0084", "span_id": "span-842", "message": "heartbeat ok", "metric": 24.18}
{"timestamp": "2025-12-04T02:44:57.940231+00:00", "level": "INFO", "service": "api", "thread_id": "t-api-043", "correlation_id": "live-0084", "trace_id": "trace-live-0084", "span_id": "span-843", "message": "heartbeat ok", "metric": 47.38}
{"timestamp": "2025-12-04T02:44:58.090376+00:00", "level": "WARN", "service": "payments", "thread_id": "t-payments-044", "correlation_id": "live-0084", "trace_id": "trace-live-0084", "span_id": "span-844", "message": "cache miss spike", "metric": 26.08}
{"timestamp": "2025-12-04T02:44:58.240577+00:00", "level": "WARN", "service": "payments", "thread_id": "t-payments-045", "correlation_id": "live-0084", "trace_id": "trace-live-0084", "span_id": "span-845", "message": "cache miss spike", "metric": 9.56}
{"timestamp": "2025-12-04T02:44:58.390866+00:00", "level": "INFO", "service": "auth", "thread_id": "t-auth-046", "correlation_id": "live-0084", "trace_id": "trace-live-0084", "span_id": "span-846", "message": "heartbeat ok", "metric": 21.79}
{"timestamp": "2025-12-04T02:44:58.541138+00:00", "level": "INFO", "service": "auth", "thread_id": "t-auth-047", "correlation_id": "live-0084", "trace_id": "trace-live-0084", "span_id": "span-847", "message": "heartbeat ok", "metric": 23.43}
{"timestamp": "2025-12-04T02:44:58.691470+00:00", "level": "ERROR", "service": "auth", "thread_id": "t-auth-048", "correlation_id": "live-0084", "trace_id": "trace-live-0084", "span_id": "span-848", "message": "Database timeout", "metric": 88.22}
{"timestamp": "2025-12-04T02:44:58.841715+00:00", "level": "INFO", "service": "payments", "thread_id": "t-payments-049", "correlation_id": "live-0084", "trace_id": "trace-live-0084", "span_id": "span-849", "message": "heartbeat ok", "metric": 32.17}
{"timestamp": "2025-12-04T02:44:58.991971+00:00", "level": "INFO", "service": "ledger", "thread_id": "t-ledger-000", "correlation_id": "live-0085", "trace_id": "trace-live-0085", "span_id": "span-850", "message": "heartbeat ok", "metric": 69.6}
{"timestamp": "2025-12-04T02:44:59.142191+00:00", "level": "WARN", "service": "payments", "thread_id": "t-payments-001", "correlation_id": "live-0085", "trace_id": "trace-live-0085", "span_id": "span-851", "message": "cache miss spike", "metric": 62.29}
{"timestamp": "2025-12-04T02:44:59.292332+00:00", "level": "WARN", "service": "payments", "thread_id": "t-payments-002", "correlation_id": "live-0085", "trace_id": "trace-live-0085", "span_id": "span-852", "message": "cache miss spike", "metric": 92.22}
{"timestamp": "2025-12-04T02:44:59.442477+00:00", "level": "INFO", "service": "payments", "thread_id": "t-payments-003", "correlation_id": "live-0085", "trace_id": "trace-live-0085", "span_id": "span-853", "message": "heartbeat ok", "metric": 4.88}
{"timestamp": "2025-12-04T02:44:59.592705+00:00", "level": "INFO", "service": "ledger", "thread_id": "t-ledger-004", "correlation_id": "live-0085", "trace_id": "trace-live-0085", "span_id": "span-854", "message": "heartbeat ok", "metric": 72.03}
{"timestamp": "2025-12-04T02:44:59.742951+00:00", "level": "ERROR", "service": "ledger", "thread_id": "t-ledger-005", "correlation_id": "live-0085", "trace_id": "trace-live-0085", "span_id": "span-855", "message": "Database timeout", "metric": 9.69}
{"timestamp": "2025-12-04T02:44:59.893211+00:00", "level": "INFO", "service": "ledger", "thread_id": "t-ledger-006", "correlation_id": "live-0085", "trace_id": "trace-live-0085", "span_id": "span-856", "message": "heartbeat ok", "metric": 80.49}
{"timestamp": "2025-12-04T02:45:00.043468+00:00", "level": "WARN", "service": "auth", "thread_id": "t-auth-007", "correlation_id": "live-0085", "trace_id": "trace-live-0085", "span_id": "span-857", "message": "cache miss spike", "metric": 63.18}
{"timestamp": "2025-12-04T02:45:00.193717+00:00", "level": "ERROR", "service": "ledger", "thread_id": "t-ledger-008", "correlation_id": "live-0085", "trace_id": "trace-live-0085", "span_id": "span-858", "message": "Database timeout", "metric": 42.68}
{"timestamp": "2025-12-04T02:45:00.343978+00:00", "level": "INFO", "service": "ledger", "thread_id": "t-ledger-009", "correlation_id": "live-0085", "trace_id": "trace-live-0085", "span_id": "span-859", "message": "heartbeat ok", "metric": 10.35}
{"timestamp": "2025-12-04T02:45:00.494239+00:00", "level": "INFO", "service": "api", "thread_id": "t-api-010", "correlation_id": "live-0086", "trace_id": "trace-live-0086", "span_id": "span-860", "message": "heartbeat ok", "metric": 93.19}
{"timestamp": "2025-12-04T02:45:00.644484+00:00", "level": "INFO", "service": "payments", "thread_id": "t-payments-011", "correlation_id": "live-0086", "trace_id": "trace-live-0086", "span_id": "span-861", "message": "heartbeat ok", "metric": 64.94}
{"timestamp": "2025-12-04T02:45:00.794716+00:00", "level": "WARN", "service": "api", "thread_id": "t-api-012", "correlation_id": "live-0086", "trace_id": "trace-live-0086", "span_id": "span-862", "message": "cache miss spike", "metric": 37.02}
{"timestamp": "2025-12-04T02:45:00.944962+00:00", "level": "INFO", "service": "search", "thread_id": "t-search-013", "correlation_id": "live-0086", "trace_id": "trace-live-0086", "span_id": "span-863", "message": "heartbeat ok", "metric": 28.86}
{"timestamp": "2025-12-04T02:45:01.095177+00:00", "level": "WARN", "service": "ledger", "thread_id": "t-ledger-014", "correlation_id": "live-0086", "trace_id": "trace-live-0086", "span_id": "span-864", "message": "cache miss spike", "metric": 78.15}
{"timestamp": "2025-12-04T02:45:01.245427+00:00", "level": "WARN", "service": "search", "thread_id": "t-search-015", "correlation_id": "live-0086", "trace_id": "trace-live-0086", "span_id": "span-865", "message": "cache miss spike", "metric": 81.81}
{"timestamp": "2025-12-04T02:45:01.395697+00:00", "level": "INFO", "service": "auth", "thread_id": "t-auth-016", "correlation_id": "live-0086", "trace_id": "trace-live-0086", "span_id": "span-866", "message": "heartbeat ok", "metric": 25.1}
{"timestamp": "2025-12-04T02:45:01.545987+00:00", "level": "INFO", "service": "api", "thread_id": "t-api-017", "correlation_id": "live-0086", "trace_id": "trace-live-0086", "span_id": "span-867", "message": "heartbeat ok", "metric": 15.8}
{"timestamp": "2025-12-04T02:45:01.696227+00:00", "level": "INFO", "service": "payments", "thread_id": "t-payments-018", "correlation_id": "live-0086", "trace_id": "trace-live-0086", "span_id": "span-868", "message": "heartbeat ok", "metric": 18.17}
{"timestamp": "2025-12-04T02:45:01.846499+00:00", "level": "INFO", "service": "auth", "thread_id": "t-auth-019", "correlation_id": "live-0086", "trace_id": "trace-live-0086", "span_id": "span-869", "message": "heartbeat ok", "metric": 40.74}
{"timestamp": "2025-12-04T02:45:01.996796+00:00", "level": "WARN", "service": "search", "thread_id": "t-search-020", "correlation_id": "live-0087", "trace_id": "trace-live-0087", "span_id": "span-870", "message": "cache miss spike", "metric": 80.45}
{"timestamp": "2025-12-04T02:45:02.147007+00:00", "level": "INFO", "service": "api", "thread_id": "t-api-021", "correlation_id": "live-0087", "trace_id": "trace-live-0087", "span_id": "span-871", "message": "heartbeat ok", "metric": 80.77}
{"timestamp": "2025-12-04T02:45:02.297211+00:00", "level": "WARN", "service": "api", "thread_id": "t-api-022", "correlation_id": "live-0087", "trace_id": "trace-live-0087", "span_id": "span-872", "message": "cache miss spike", "metric": 19.62}
{"timestamp": "2025-12-04T02:45:02.447396+00:00", "level": "INFO", "service": "ledger", "thread_id": "t-ledger-023", "correlation_id": "live-0087", "trace_id": "trace-live-0087", "span_id": "span-873", "message": "heartbeat ok", "metric": 86.44}
{"timestamp": "2025-12-04T02:45:02.597648+00:00", "level": "INFO", "service": "payments", "thread_id": "t-payments-024", "correlation_id": "live-0087", "trace_id": "trace-live-0087", "span_id": "span-874", "message": "heartbeat ok", "metric": 75.95}
{"timestamp": "2025-12-04T02:45:02.747873+00:00", "level": "INFO", "service": "search", "thread_id": "t-search-025", "correlation_id": "live-0087", "trace_id": "trace-live-0087", "span_id": "span-875", "message": "heartbeat ok", "metric": 42.13}
{"timestamp": "2025-12-04T02:45:02.898081+00:00", "level": "WARN", "service": "payments", "thread_id": "t-payments-026", "correlation_id": "live-0087", "trace_id": "trace-live-0087", "span_id": "span-876", "message": "cache miss spike", "metric": 37.41}
{"timestamp": "2025-12-04T02:45:03.048285+00:00", "level": "INFO", "service": "search", "thread_id": "t-search-027", "correlation_id": "live-0087", "trace_id": "trace-live-0087", "span_id": "span-877", "message": "heartbeat ok", "metric": 43.35}
{"timestamp": "2025-12-04T02:45:03.198571+00:00", "level": "INFO", "service": "ledger", "thread_id": "t-ledger-028", "correlation_id": "live-0087", "trace_id": "trace-live-0087", "span_id": "span-878", "message": "heartbeat ok", "metric": 93.42}
{"timestamp": "2025-12-04T02:45:03.348791+00:00", "level": "INFO", "service": "auth", "thread_id": "t-auth-029", "correlation_id": "live-0087", "trace_id": "trace-live-0087", "span_id": "span-879", "message": "heartbeat ok", "metric": 33.7}
{"timestamp": "2025-12-04T02:45:03.499017+00:00", "level": "WARN", "service": "payments", "thread_id": "t-payments-030", "correlation_id": "live-0088", "trace_id": "trace-live-0088", "span_id": "span-880", "message": "cache miss spike", "metric": 40.05}
{"timestamp": "2025-12-04T02:45:03.649230+00:00", "level": "INFO", "service": "ledger", "thread_id": "t-ledger-031", "correlation_id": "live-0088", "trace_id": "trace-live-0088", "span_id": "span-881", "message": "heartbeat ok", "metric": 36.62}
{"timestamp": "2025-12-04T02:45:03.799376+00:00", "level": "INFO", "service": "search", "thread_id": "t-search-032", "correlation_id": "live-0088", "trace_id": "trace-live-0088", "span_id": "span-882", "message": "heartbeat ok", "metric": 52.27}
{"timestamp": "2025-12-04T02:45:03.949576+00:00", "level": "INFO", "service": "api", "thread_id": "t-api-033", "correlation_id": "live-0088", "trace_id": "trace-live-0088", "span_id": "span-883", "message": "heartbeat ok", "metric": 16.14}
{"timestamp": "2025-12-04T02:45:04.099823+00:00", "level": "WARN", "service": "auth", "thread_id": "t-auth-034", "correlation_id": "live-0088", "trace_id": "trace-live-0088", "span_id": "span-884", "message": "cache miss spike", "metric": 94.96}
{"timestamp": "2025-12-04T02:45:04.250026+00:00", "level": "INFO", "service": "auth", "thread_id": "t-auth-035", "correlation_id": "live-0088", "trace_id": "trace-live-0088", "span_id": "span-885", "message": "heartbeat ok", "metric": 61.61}
{"timestamp": "2025-12-04T02:45:04.400285+00:00", "level": "INFO", "service": "ledger", "thread_id": "t-ledger-036", "correlation_id": "live-0088", "trace_id": "trace-live-0088", "span_id": "span-886", "message": "heartbeat ok", "metric": 1.35}
{"timestamp": "2025-12-04T02:45:04.550546+00:00", "level": "INFO", "service": "auth", "thread_id": "t-auth-037", "correlation_id": "live-0088", "trace_id": "trace-live-0088", "span_id": "span-887", "message": "heartbeat ok", "metric": 1.04}
{"timestamp": "2025-12-04T02:45:04.700836+00:00", "level": "INFO", "service": "ledger", "thread_id": "t-ledger-038", "correlation_id": "live-0088", "trace_id": "trace-live-0088", "span_id": "span-888", "message": "heartbeat ok", "metric": 15.13}
{"timestamp": "2025-12-04T02:45:04.851101+00:00", "level": "INFO", "service": "auth", "thread_id": "t-auth-039", "correlation_id": "live-0088", "trace_id": "trace-live-0088", "span_id": "span-889", "message": "heartbeat ok", "metric": 63.07}
{"timestamp": "2025-12-04T02:45:05.001308+00:00", "level": "INFO", "service": "api", "thread_id": "t-api-040", "correlation_id": "live-0089", "trace_id": "trace-live-0089", "span_id": "span-890", "message": "heartbeat ok", "metric": 40.96}
{"timestamp": "2025-12-04T02:45:05.151502+00:00", "level": "INFO", "service": "auth", "thread_id": "t-auth-041", "correlation_id": "live-0089", "trace_id": "trace-live-0089", "span_id": "span-891", "message": "heartbeat ok", "metric": 15.68}
{"timestamp": "2025-12-04T02:45:05.301659+00:00", "level": "WARN", "service": "ledger", "thread_id": "t-ledger-042", "correlation_id": "live-0089", "trace_id": "trace-live-0089", "span_id": "span-892", "message": "cache miss spike", "metric": 22.83}
{"timestamp": "2025-12-04T02:45:05.451844+00:00", "level": "INFO", "service": "api", "thread_id": "t-api-043", "correlation_id": "live-0089", "trace_id": "trace-live-0089", "span_id": "span-893", "message": "heartbeat ok", "metric": 50.36}
{"timestamp": "2025-12-04T02:45:05.602033+00:00", "level": "INFO", "service": "auth", "thread_id": "t-auth-044", "correlation_id": "live-0089", "trace_id": "trace-live-0089", "span_id": "span-894", "message": "heartbeat ok", "metric": 40.81}
{"timestamp": "2025-12-04T02:45:05.752345+00:00", "level": "INFO", "service": "search", "thread_id": "t-search-045", "correlation_id": "live-0089", "trace_id": "trace-live-0089", "span_id": "span-895", "message": "heartbeat ok", "metric": 4.29}
{"timestamp": "2025-12-04T02:45:05.902576+00:00", "level": "WARN", "service": "search", "thread_id": "t-search-046", "correlation_id": "live-0089", "trace_id": "trace-live-0089", "span_id": "span-896", "message": "cache miss spike", "metric": 43.19}
{"timestamp": "2025-12-04T02:45:06.052832+00:00", "level": "INFO", "service": "auth", "thread_id": "t-auth-047", "correlation_id": "live-0089", "trace_id": "trace-live-0089", "span_id": "span-897", "message": "heartbeat ok", "metric": 59.32}
{"timestamp": "2025-12-04T02:45:06.203023+00:00", "level": "WARN", "service": "auth", "thread_id": "t-auth-048", "correlation_id": "live-0089", "trace_id": "trace-live-0089", "span_id": "span-898", "message": "cache miss spike", "metric": 78.35}
{"timestamp": "2025-12-04T02:45:06.353290+00:00", "level": "ERROR", "service": "search", "thread_id": "t-search-049", "correlation_id": "live-0089", "trace_id": "trace-live-0089", "span_id": "span-899", "message": "Database timeout", "metric": 57.28}
{"timestamp": "2025-12-04T02:45:06.503562+00:00", "level": "INFO", "service": "api", "thread_id": "t-api-000", "correlation_id": "live-0090", "trace_id": "trace-live-0090", "span_id": "span-900", "message": "heartbeat ok", "metric": 60.32}
{"timestamp": "2025-12-04T02:45:06.653881+00:00", "level": "INFO", "service": "auth", "thread_id": "t-auth-001", "correlation_id": "live-0090", "trace_id": "trace-live-0090", "span_id": "span-901", "message": "heartbeat ok", "metric": 2.27}
{"timestamp": "2025-12-04T02:45:06.804154+00:00", "level": "INFO", "service": "ledger", "thread_id": "t-ledger-002", "correlation_id": "live-0090", "trace_id": "trace-live-0090", "span_id": "span-902", "message": "heartbeat ok", "metric": 14.29}
{"timestamp": "2025-12-04T02:45:06.954325+00:00", "level": "INFO", "service": "search", "thread_id": "t-search-003", "correlation_id": "live-0090", "trace_id": "trace-live-0090", "span_id": "span-903", "message": "heartbeat ok", "metric": 11.24}
{"timestamp": "2025-12-04T02:45:07.104584+00:00", "level": "WARN", "service": "ledger", "thread_id": "t-ledger-004", "correlation_id": "live-0090", "trace_id": "trace-live-0090", "span_id": "span-904", "message": "cache miss spike", "metric": 30.69}
{"timestamp": "2025-12-04T02:45:07.254919+00:00", "level": "ERROR", "service": "payments", "thread_id": "t-payments-005", "correlation_id": "live-0090", "trace_id": "trace-live-0090", "span_id": "span-905", "message": "Database timeout", "metric": 81.71}
{"timestamp": "2025-12-04T02:45:07.405235+00:00", "level": "WARN", "service": "auth", "thread_id": "t-auth-006", "correlation_id": "live-0090", "trace_id": "trace-live-0090", "span_id": "span-906", "message": "cache miss spike", "metric": 55.69}
{"timestamp": "2025-12-04T02:45:07.555515+00:00", "level": "INFO", "service": "api", "thread_id": "t-api-007", "correlation_id": "live-0090", "trace_id": "trace-live-0090", "span_id": "span-907", "message": "heartbeat ok", "metric": 47.11}
{"timestamp": "2025-12-04T02:45:07.705734+00:00", "level": "WARN", "service": "auth", "thread_id": "t-auth-008", "correlation_id": "live-0090", "trace_id": "trace-live-0090", "span_id": "span-908", "message": "cache miss spike", "metric": 57.9}
{"timestamp": "2025-12-04T02:45:07.855991+00:00", "level": "INFO", "service": "ledger", "thread_id": "t-ledger-009", "correlation_id": "live-0090", "trace_id": "trace-live-0090", "span_id": "span-909", "message": "heartbeat ok", "metric": 92.72}
{"timestamp": "2025-12-04T02:45:08.006240+00:00", "level": "INFO", "service": "payments", "thread_id": "t-payments-010", "correlation_id": "live-0091", "trace_id": "trace-live-0091", "span_id": "span-910", "message": "heartbeat ok", "metric": 40.22}
{"timestamp": "2025-12-04T02:45:08.156525+00:00", "level": "INFO", "service": "api", "thread_id": "t-api-011", "correlation_id": "live-0091", "trace_id": "trace-live-0091", "span_id": "span-911", "message": "heartbeat ok", "metric": 96.89}
{"timestamp": "2025-12-04T02:45:08.306799+00:00", "level": "INFO", "service": "auth", "thread_id": "t-auth-012", "correlation_id": "live-0091", "trace_id": "trace-live-0091", "span_id": "span-912", "message": "heartbeat ok", "metric": 10.87}
{"timestamp": "2025-12-04T02:45:08.457017+00:00", "level": "INFO", "service": "auth", "thread_id": "t-auth-013", "correlation_id": "live-0091", "trace_id": "trace-live-0091", "span_id": "span-913", "message": "heartbeat ok", "metric": 83.51}
{"timestamp": "2025-12-04T02:45:08.607258+00:00", "level": "INFO", "service": "ledger", "thread_id": "t-ledger-014", "correlation_id": "live-0091", "trace_id": "trace-live-0091", "span_id": "span-914", "message": "heartbeat ok", "metric": 82.81}
{"timestamp": "2025-12-04T02:45:08.757496+00:00", "level": "INFO", "service": "search", "thread_id": "t-search-015", "correlation_id": "live-0091", "trace_id": "trace-live-0091", "span_id": "span-915", "message": "heartbeat ok", "metric": 16.67}
{"timestamp": "2025-12-04T02:45:08.907739+00:00", "level": "ERROR", "service": "ledger", "thread_id": "t-ledger-016", "correlation_id": "live-0091", "trace_id": "trace-live-0091", "span_id": "span-916", "message": "Database timeout", "metric": 59.69}
{"timestamp": "2025-12-04T02:45:09.058042+00:00", "level": "ERROR", "service": "api", "thread_id": "t-api-017", "correlation_id": "live-0091", "trace_id": "trace-live-0091", "span_id": "span-917", "message": "Database timeout", "metric": 37.65}
{"timestamp": "2025-12-04T02:45:09.208303+00:00", "level": "WARN", "service": "search", "thread_id": "t-search-018", "correlation_id": "live-0091", "trace_id": "trace-live-0091", "span_id": "span-918", "message": "cache miss spike", "metric": 76.0}
{"timestamp": "2025-12-04T02:45:09.358489+00:00", "level": "INFO", "service": "payments", "thread_id": "t-payments-019", "correlation_id": "live-0091", "trace_id": "trace-live-0091", "span_id": "span-919", "message": "heartbeat ok", "metric": 50.51}
{"timestamp": "2025-12-04T02:45:09.508689+00:00", "level": "INFO", "service": "search", "thread_id": "t-search-020", "correlation_id": "live-0092", "trace_id": "trace-live-0092", "span_id": "span-920", "message": "heartbeat ok", "metric": 46.56}
{"timestamp": "2025-12-04T02:45:09.658941+00:00", "level": "INFO", "service": "ledger", "thread_id": "t-ledger-021", "correlation_id": "live-0092", "trace_id": "trace-live-0092", "span_id": "span-921", "message": "heartbeat ok", "metric": 6.69}
{"timestamp": "2025-12-04T02:45:09.809210+00:00", "level": "WARN", "service": "auth", "thread_id": "t-auth-022", "correlation_id": "live-0092", "trace_id": "trace-live-0092", "span_id": "span-922", "message": "cache miss spike", "metric": 34.93}
{"timestamp": "2025-12-04T02:45:09.959406+00:00", "level": "INFO", "service": "ledger", "thread_id": "t-ledger-023", "correlation_id": "live-0092", "trace_id": "trace-live-0092", "span_id": "span-923", "message": "heartbeat ok", "metric": 53.88}
{"timestamp": "2025-12-04T02:45:10.109602+00:00", "level": "INFO", "service": "ledger", "thread_id": "t-ledger-024", "correlation_id": "live-0092", "trace_id": "trace-live-0092", "span_id": "span-924", "message": "heartbeat ok", "metric": 95.54}
{"timestamp": "2025-12-04T02:45:10.259880+00:00", "level": "ERROR", "service": "ledger", "thread_id": "t-ledger-025", "correlation_id": "live-0092", "trace_id": "trace-live-0092", "span_id": "span-925", "message": "Database timeout", "metric": 34.15}
{"timestamp": "2025-12-04T02:45:10.410164+00:00", "level": "INFO", "service": "search", "thread_id": "t-search-026", "correlation_id": "live-0092", "trace_id": "trace-live-0092", "span_id": "span-926", "message": "heartbeat ok", "metric": 49.64}
{"timestamp": "2025-12-04T02:45:10.560366+00:00", "level": "INFO", "service": "ledger", "thread_id": "t-ledger-027", "correlation_id": "live-0092", "trace_id": "trace-live-0092", "span_id": "span-927", "message": "heartbeat ok", "metric": 16.41}
{"timestamp": "2025-12-04T02:45:10.710643+00:00", "level": "INFO", "service": "api", "thread_id": "t-api-028", "correlation_id": "live-0092", "trace_id": "trace-live-0092", "span_id": "span-928", "message": "heartbeat ok", "metric": 26.52}
{"timestamp": "2025-12-04T02:45:10.860876+00:00", "level": "INFO", "service": "ledger", "thread_id": "t-ledger-029", "correlation_id": "live-0092", "trace_id": "trace-live-0092", "span_id": "span-929", "message": "heartbeat ok", "metric": 91.35}
{"timestamp": "2025-12-04T02:45:11.011127+00:00", "level": "WARN", "service": "payments", "thread_id": "t-payments-030", "correlation_id": "live-0093", "trace_id": "trace-live-0093", "span_id": "span-930", "message": "cache miss spike", "metric": 73.29}
{"timestamp": "2025-12-04T02:45:11.161434+00:00", "level": "INFO", "service": "payments", "thread_id": "t-payments-031", "correlation_id": "live-0093", "trace_id": "trace-live-0093", "span_id": "span-931", "message": "heartbeat ok", "metric": 74.71}
{"timestamp": "2025-12-04T02:45:11.311746+00:00", "level": "INFO", "service": "search", "thread_id": "t-search-032", "correlation_id": "live-0093", "trace_id": "trace-live-0093", "span_id": "span-932", "message": "heartbeat ok", "metric": 26.47}
{"timestamp": "2025-12-04T02:45:11.462002+00:00", "level": "INFO", "service": "search", "thread_id": "t-search-033", "correlation_id": "live-0093", "trace_id": "trace-live-0093", "span_id": "span-933", "message": "heartbeat ok", "metric": 63.17}
{"timestamp": "2025-12-04T02:45:11.612179+00:00", "level": "INFO", "service": "ledger", "thread_id": "t-ledger-034", "correlation_id": "live-0093", "trace_id": "trace-live-0093", "span_id": "span-934", "message": "heartbeat ok", "metric": 56.68}
{"timestamp": "2025-12-04T02:45:11.762431+00:00", "level": "INFO", "service": "payments", "thread_id": "t-payments-035", "correlation_id": "live-0093", "trace_id": "trace-live-0093", "span_id": "span-935", "message": "heartbeat ok", "metric": 66.51}
{"timestamp": "2025-12-04T02:45:11.912713+00:00", "level": "INFO", "service": "payments", "thread_id": "t-payments-036", "correlation_id": "live-0093", "trace_id": "trace-live-0093", "span_id": "span-936", "message": "heartbeat ok", "metric": 84.36}
{"timestamp": "2025-12-04T02:45:12.062955+00:00", "level": "INFO", "service": "api", "thread_id": "t-api-037", "correlation_id": "live-0093", "trace_id": "trace-live-0093", "span_id": "span-937", "message": "heartbeat ok", "metric": 34.35}
{"timestamp": "2025-12-04T02:45:12.213184+00:00", "level": "WARN", "service": "api", "thread_id": "t-api-038", "correlation_id": "live-0093", "trace_id": "trace-live-0093", "span_id": "span-938", "message": "cache miss spike", "metric": 42.46}
{"timestamp": "2025-12-04T02:45:12.363410+00:00", "level": "INFO", "service": "api", "thread_id": "t-api-039", "correlation_id": "live-0093", "trace_id": "trace-live-0093", "span_id": "span-939", "message": "heartbeat ok", "metric": 86.36}
{"timestamp": "2025-12-04T02:45:12.513625+00:00", "level": "ERROR", "service": "api", "thread_id": "t-api-040", "correlation_id": "live-0094", "trace_id": "trace-live-0094", "span_id": "span-940", "message": "Database timeout", "metric": 0.47}
{"timestamp": "2025-12-04T02:45:12.663928+00:00", "level": "INFO", "service": "auth", "thread_id": "t-auth-041", "correlation_id": "live-0094", "trace_id": "trace-live-0094", "span_id": "span-941", "message": "heartbeat ok", "metric": 27.64}
{"timestamp": "2025-12-04T02:45:12.814167+00:00", "level": "INFO", "service": "payments", "thread_id": "t-payments-042", "correlation_id": "live-0094", "trace_id": "trace-live-0094", "span_id": "span-942", "message": "heartbeat ok", "metric": 65.33}
{"timestamp": "2025-12-04T02:45:12.964412+00:00", "level": "WARN", "service": "payments", "thread_id": "t-payments-043", "correlation_id": "live-0094", "trace_id": "trace-live-0094", "span_id": "span-943", "message": "cache miss spike", "metric": 3.28}
{"timestamp": "2025-12-04T02:45:13.114666+00:00", "level": "INFO", "service": "search", "thread_id": "t-search-044", "correlation_id": "live-0094", "trace_id": "trace-live-0094", "span_id": "span-944", "message": "heartbeat ok", "metric": 56.42}
{"timestamp": "2025-12-04T02:45:13.264886+00:00", "level": "INFO", "service": "auth", "thread_id": "t-auth-045", "correlation_id": "live-0094", "trace_id": "trace-live-0094", "span_id": "span-945", "message": "heartbeat ok", "metric": 91.39}
{"timestamp": "2025-12-04T02:45:13.415138+00:00", "level": "INFO", "service": "search", "thread_id": "t-search-046", "correlation_id": "live-0094", "trace_id": "trace-live-0094", "span_id": "span-946", "message": "heartbeat ok", "metric": 16.43}
{"timestamp": "2025-12-04T02:45:13.565340+00:00", "level": "INFO", "service": "api", "thread_id": "t-api-047", "correlation_id": "live-0094", "trace_id": "trace-live-0094", "span_id": "span-947", "message": "heartbeat ok", "metric": 11.44}
{"timestamp": "2025-12-04T02:45:13.715521+00:00", "level": "INFO", "service": "payments", "thread_id": "t-payments-048", "correlation_id": "live-0094", "trace_id": "trace-live-0094", "span_id": "span-948", "message": "heartbeat ok", "metric": 87.73}
{"timestamp": "2025-12-04T02:45:13.865694+00:00", "level": "ERROR", "service": "api", "thread_id": "t-api-049", "correlation_id": "live-0094", "trace_id": "trace-live-0094", "span_id": "span-949", "message": "Database timeout", "metric": 23.87}
{"timestamp": "2025-12-04T02:45:14.015955+00:00", "level": "INFO", "service": "auth", "thread_id": "t-auth-000", "correlation_id": "live-0095", "trace_id": "trace-live-0095", "span_id": "span-950", "message": "heartbeat ok", "metric": 39.75}
{"timestamp": "2025-12-04T02:45:14.166196+00:00", "level": "INFO", "service": "search", "thread_id": "t-search-001", "correlation_id": "live-0095", "trace_id": "trace-live-0095", "span_id": "span-951", "message": "heartbeat ok", "metric": 82.36}
{"timestamp": "2025-12-04T02:45:14.316436+00:00", "level": "INFO", "service": "ledger", "thread_id": "t-ledger-002", "correlation_id": "live-0095", "trace_id": "trace-live-0095", "span_id": "span-952", "message": "heartbeat ok", "metric": 78.2}
{"timestamp": "2025-12-04T02:45:14.466733+00:00", "level": "INFO", "service": "payments", "thread_id": "t-payments-003", "correlation_id": "live-0095", "trace_id": "trace-live-0095", "span_id": "span-953", "message": "heartbeat ok", "metric": 45.98}
{"timestamp": "2025-12-04T02:45:14.616991+00:00", "level": "INFO", "service": "auth", "thread_id": "t-auth-004", "correlation_id": "live-0095", "trace_id": "trace-live-0095", "span_id": "span-954", "message": "heartbeat ok", "metric": 76.89}
{"timestamp": "2025-12-04T02:45:14.767294+00:00", "level": "INFO", "service": "ledger", "thread_id": "t-ledger-005", "correlation_id": "live-0095", "trace_id": "trace-live-0095", "span_id": "span-955", "message": "heartbeat ok", "metric": 90.72}
{"timestamp": "2025-12-04T02:45:14.917509+00:00", "level": "INFO", "service": "api", "thread_id": "t-api-006", "correlation_id": "live-0095", "trace_id": "trace-live-0095", "span_id": "span-956", "message": "heartbeat ok", "metric": 85.93}
{"timestamp": "2025-12-04T02:45:15.067717+00:00", "level": "WARN", "service": "api", "thread_id": "t-api-007", "correlation_id": "live-0095", "trace_id": "trace-live-0095", "span_id": "span-957", "message": "cache miss spike", "metric": 82.9}
{"timestamp": "2025-12-04T02:45:15.217924+00:00", "level": "INFO", "service": "ledger", "thread_id": "t-ledger-008", "correlation_id": "live-0095", "trace_id": "trace-live-0095", "span_id": "span-958", "message": "heartbeat ok", "metric": 43.97}
{"timestamp": "2025-12-04T02:45:15.368111+00:00", "level": "INFO", "service": "search", "thread_id": "t-search-009", "correlation_id": "live-0095", "trace_id": "trace-live-0095", "span_id": "span-959", "message": "heartbeat ok", "metric": 63.03}
{"timestamp": "2025-12-04T02:45:15.518356+00:00", "level": "INFO", "service": "payments", "thread_id": "t-payments-010", "correlation_id": "live-0096", "trace_id": "trace-live-0096", "span_id": "span-960", "message": "heartbeat ok", "metric": 54.17}
{"timestamp": "2025-12-04T02:45:15.668552+00:00", "level": "INFO", "service": "payments", "thread_id": "t-payments-011", "correlation_id": "live-0096", "trace_id": "trace-live-0096", "span_id": "span-961", "message": "heartbeat ok", "metric": 15.7}
{"timestamp": "2025-12-04T02:45:15.818802+00:00", "level": "INFO", "service": "payments", "thread_id": "t-payments-012", "correlation_id": "live-0096", "trace_id": "trace-live-0096", "span_id": "span-962", "message": "heartbeat ok", "metric": 35.5}
{"timestamp": "2025-12-04T02:45:15.969074+00:00", "level": "INFO", "service": "payments", "thread_id": "t-payments-013", "correlation_id": "live-0096", "trace_id": "trace-live-0096", "span_id": "span-963", "message": "heartbeat ok", "metric": 74.25}
{"timestamp": "2025-12-04T02:45:16.119229+00:00", "level": "INFO", "service": "api", "thread_id": "t-api-014", "correlation_id": "live-0096", "trace_id": "trace-live-0096", "span_id": "span-964", "message": "heartbeat ok", "metric": 28.95}
{"timestamp": "2025-12-04T02:45:16.269408+00:00", "level": "WARN", "service": "ledger", "thread_id": "t-ledger-015", "correlation_id": "live-0096", "trace_id": "trace-live-0096", "span_id": "span-965", "message": "cache miss spike", "metric": 91.54}
{"timestamp": "2025-12-04T02:45:16.419644+00:00", "level": "WARN", "service": "search", "thread_id": "t-search-016", "correlation_id": "live-0096", "trace_id": "trace-live-0096", "span_id": "span-966", "message": "cache miss spike", "metric": 82.98}
{"timestamp": "2025-12-04T02:45:16.569963+00:00", "level": "INFO", "service": "search", "thread_id": "t-search-017", "correlation_id": "live-0096", "trace_id": "trace-live-0096", "span_id": "span-967", "message": "heartbeat ok", "metric": 31.47}
{"timestamp": "2025-12-04T02:45:16.720234+00:00", "level": "INFO", "service": "search", "thread_id": "t-search-018", "correlation_id": "live-0096", "trace_id": "trace-live-0096", "span_id": "span-968", "message": "heartbeat ok", "metric": 99.82}
{"timestamp": "2025-12-04T02:45:16.870494+00:00", "level": "WARN", "service": "search", "thread_id": "t-search-019", "correlation_id": "live-0096", "trace_id": "trace-live-0096", "span_id": "span-969", "message": "cache miss spike", "metric": 61.75}
{"timestamp": "2025-12-04T02:45:17.020677+00:00", "level": "INFO", "service": "api", "thread_id": "t-api-020", "correlation_id": "live-0097", "trace_id": "trace-live-0097", "span_id": "span-970", "message": "heartbeat ok", "metric": 24.88}
{"timestamp": "2025-12-04T02:45:17.170820+00:00", "level": "INFO", "service": "payments", "thread_id": "t-payments-021", "correlation_id": "live-0097", "trace_id": "trace-live-0097", "span_id": "span-971", "message": "heartbeat ok", "metric": 61.71}
{"timestamp": "2025-12-04T02:45:17.321080+00:00", "level": "INFO", "service": "auth", "thread_id": "t-auth-022", "correlation_id": "live-0097", "trace_id": "trace-live-0097", "span_id": "span-972", "message": "heartbeat ok", "metric": 54.23}
{"timestamp": "2025-12-04T02:45:17.471337+00:00", "level": "ERROR", "service": "ledger", "thread_id": "t-ledger-023", "correlation_id": "live-0097", "trace_id": "trace-live-0097", "span_id": "span-973", "message": "Database timeout", "metric": 75.73}
{"timestamp": "2025-12-04T02:45:17.621513+00:00", "level": "INFO", "service": "auth", "thread_id": "t-auth-024", "correlation_id": "live-0097", "trace_id": "trace-live-0097", "span_id": "span-974", "message": "heartbeat ok", "metric": 43.92}
{"timestamp": "2025-12-04T02:45:17.771763+00:00", "level": "ERROR", "service": "search", "thread_id": "t-search-025", "correlation_id": "live-0097", "trace_id": "trace-live-0097", "span_id": "span-975", "message": "Database timeout", "metric": 47.2}
{"timestamp": "2025-12-04T02:45:17.921998+00:00", "level": "INFO", "service": "payments", "thread_id": "t-payments-026", "correlation_id": "live-0097", "trace_id": "trace-live-0097", "span_id": "span-976", "message": "heartbeat ok", "metric": 5.83}
{"timestamp": "2025-12-04T02:45:18.072330+00:00", "level": "INFO", "service": "payments", "thread_id": "t-payments-027", "correlation_id": "live-0097", "trace_id": "trace-live-0097", "span_id": "span-977", "message": "heartbeat ok", "metric": 49.37}
{"timestamp": "2025-12-04T02:45:18.222599+00:00", "level": "WARN", "service": "search", "thread_id": "t-search-028", "correlation_id": "live-0097", "trace_id": "trace-live-0097", "span_id": "span-978", "message": "cache miss spike", "metric": 57.98}
{"timestamp": "2025-12-04T02:45:18.372764+00:00", "level": "INFO", "service": "api", "thread_id": "t-api-029", "correlation_id": "live-0097", "trace_id": "trace-live-0097", "span_id": "span-979", "message": "heartbeat ok", "metric": 35.78}
{"timestamp": "2025-12-04T02:45:18.522985+00:00", "level": "INFO", "service": "api", "thread_id": "t-api-030", "correlation_id": "live-0098", "trace_id": "trace-live-0098", "span_id": "span-980", "message": "heartbeat ok", "metric": 37.19}
{"timestamp": "2025-12-04T02:45:18.673184+00:00", "level": "WARN", "service": "search", "thread_id": "t-search-031", "correlation_id": "live-0098", "trace_id": "trace-live-0098", "span_id": "span-981", "message": "cache miss spike", "metric": 65.98}
{"timestamp": "2025-12-04T02:45:18.823372+00:00", "level": "INFO", "service": "payments", "thread_id": "t-payments-032", "correlation_id": "live-0098", "trace_id": "trace-live-0098", "span_id": "span-982", "message": "heartbeat ok", "metric": 37.42}
{"timestamp": "2025-12-04T02:45:18.973620+00:00", "level": "WARN", "service": "search", "thread_id": "t-search-033", "correlation_id": "live-0098", "trace_id": "trace-live-0098", "span_id": "span-983", "message": "cache miss spike", "metric": 81.17}
{"timestamp": "2025-12-04T02:45:19.123841+00:00", "level": "INFO", "service": "ledger", "thread_id": "t-ledger-034", "correlation_id": "live-0098", "trace_id": "trace-live-0098", "span_id": "span-984", "message": "heartbeat ok", "metric": 84.27}
{"timestamp": "2025-12-04T02:45:19.274073+00:00", "level": "WARN", "service": "api", "thread_id": "t-api-035", "correlation_id": "live-0098", "trace_id": "trace-live-0098", "span_id": "span-985", "message": "cache miss spike", "metric": 20.64}
{"timestamp": "2025-12-04T02:45:19.424343+00:00", "level": "INFO", "service": "api", "thread_id": "t-api-036", "correlation_id": "live-0098", "trace_id": "trace-live-0098", "span_id": "span-986", "message": "heartbeat ok", "metric": 27.92}
{"timestamp": "2025-12-04T02:45:19.574629+00:00", "level": "INFO", "service": "auth", "thread_id": "t-auth-037", "correlation_id": "live-0098", "trace_id": "trace-live-0098", "span_id": "span-987", "message": "heartbeat ok", "metric": 13.82}
{"timestamp": "2025-12-04T02:45:19.724843+00:00", "level": "INFO", "service": "payments", "thread_id": "t-payments-038", "correlation_id": "live-0098", "trace_id": "trace-live-0098", "span_id": "span-988", "message": "heartbeat ok", "metric": 60.77}
{"timestamp": "2025-12-04T02:45:19.875089+00:00", "level": "INFO", "service": "payments", "thread_id": "t-payments-039", "correlation_id": "live-0098", "trace_id": "trace-live-0098", "span_id": "span-989", "message": "heartbeat ok", "metric": 54.3}
{"timestamp": "2025-12-04T02:45:20.025353+00:00", "level": "INFO", "service": "ledger", "thread_id": "t-ledger-040", "correlation_id": "live-0099", "trace_id": "trace-live-0099", "span_id": "span-990", "message": "heartbeat ok", "metric": 36.0}
{"timestamp": "2025-12-04T02:45:20.175597+00:00", "level": "INFO", "service": "payments", "thread_id": "t-payments-041", "correlation_id": "live-0099", "trace_id": "trace-live-0099", "span_id": "span-991", "message": "heartbeat ok", "metric": 54.39}
{"timestamp": "2025-12-04T02:45:20.325743+00:00", "level": "INFO", "service": "ledger", "thread_id": "t-ledger-042", "correlation_id": "live-0099", "trace_id": "trace-live-0099", "span_id": "span-992", "message": "heartbeat ok", "metric": 99.65}
{"timestamp": "2025-12-04T02:45:20.475914+00:00", "level": "INFO", "service": "search", "thread_id": "t-search-043", "correlation_id": "live-0099", "trace_id": "trace-live-0099", "span_id": "span-993", "message": "heartbeat ok", "metric": 74.86}
{"timestamp": "2025-12-04T02:45:20.626085+00:00", "level": "INFO", "service": "search", "thread_id": "t-search-044", "correlation_id": "live-0099", "trace_id": "trace-live-0099", "span_id": "span-994", "message": "heartbeat ok", "metric": 31.83}
{"timestamp": "2025-12-04T02:45:20.776233+00:00", "level": "INFO", "service": "payments", "thread_id": "t-payments-045", "correlation_id": "live-0099", "trace_id": "trace-live-0099", "span_id": "span-995", "message": "heartbeat ok", "metric": 11.53}
{"timestamp": "2025-12-04T02:45:20.926382+00:00", "level": "INFO", "service": "api", "thread_id": "t-api-046", "correlation_id": "live-0099", "trace_id": "trace-live-0099", "span_id": "span-996", "message": "heartbeat ok", "metric": 92.05}
{"timestamp": "2025-12-04T02:45:21.076526+00:00", "level": "INFO", "service": "ledger", "thread_id": "t-ledger-047", "correlation_id": "live-0099", "trace_id": "trace-live-0099", "span_id": "span-997", "message": "heartbeat ok", "metric": 4.72}
{"timestamp": "2025-12-04T02:45:21.226703+00:00", "level": "WARN", "service": "payments", "thread_id": "t-payments-048", "correlation_id": "live-0099", "trace_id": "trace-live-0099", "span_id": "span-998", "message": "cache miss spike", "metric": 29.95}
{"timestamp": "2025-12-04T02:45:21.377262+00:00", "level": "INFO", "service": "api", "thread_id": "t-api-049", "correlation_id": "live-0099", "trace_id": "trace-live-0099", "span_id": "span-999", "message": "heartbeat ok", "metric": 85.43}
{"timestamp": "2025-12-04T02:45:21.527436+00:00", "level": "ERROR", "service": "auth", "thread_id": "t-auth-000", "correlation_id": "live-0100", "trace_id": "trace-live-0100", "span_id": "span-1000", "message": "Database timeout", "metric": 4.2}
{"timestamp": "2025-12-04T02:45:21.677593+00:00", "level": "ERROR", "service": "ledger", "thread_id": "t-ledger-001", "correlation_id": "live-0100", "trace_id": "trace-live-0100", "span_id": "span-1001", "message": "Database timeout", "metric": 12.84}
{"timestamp": "2025-12-04T02:45:21.827748+00:00", "level": "INFO", "service": "search", "thread_id": "t-search-002", "correlation_id": "live-0100", "trace_id": "trace-live-0100", "span_id": "span-1002", "message": "heartbeat ok", "metric": 60.41}
{"timestamp": "2025-12-04T02:45:21.977929+00:00", "level": "INFO", "service": "search", "thread_id": "t-search-003", "correlation_id": "live-0100", "trace_id": "trace-live-0100", "span_id": "span-1003", "message": "heartbeat ok", "metric": 95.54}
{"timestamp": "2025-12-04T02:45:22.128063+00:00", "level": "ERROR", "service": "api", "thread_id": "t-api-004", "correlation_id": "live-0100", "trace_id": "trace-live-0100", "span_id": "span-1004", "message": "Database timeout", "metric": 47.81}
{"timestamp": "2025-12-04T02:45:22.278229+00:00", "level": "INFO", "service": "ledger", "thread_id": "t-ledger-005", "correlation_id": "live-0100", "trace_id": "trace-live-0100", "span_id": "span-1005", "message": "heartbeat ok", "metric": 1.88}
{"timestamp": "2025-12-04T02:45:22.428391+00:00", "level": "ERROR", "service": "ledger", "thread_id": "t-ledger-006", "correlation_id": "live-0100", "trace_id": "trace-live-0100", "span_id": "span-1006", "message": "Database timeout", "metric": 57.72}
{"timestamp": "2025-12-04T02:45:22.578553+00:00", "level": "INFO", "service": "ledger", "thread_id": "t-ledger-007", "correlation_id": "live-0100", "trace_id": "trace-live-0100", "span_id": "span-1007", "message": "heartbeat ok", "metric": 37.47}
{"timestamp": "2025-12-04T02:45:22.728755+00:00", "level": "INFO", "service": "ledger", "thread_id": "t-ledger-008", "correlation_id": "live-0100", "trace_id": "trace-live-0100", "span_id": "span-1008", "message": "heartbeat ok", "metric": 48.91}
{"timestamp": "2025-12-04T02:45:22.878948+00:00", "level": "INFO", "service": "auth", "thread_id": "t-auth-009", "correlation_id": "live-0100", "trace_id": "trace-live-0100", "span_id": "span-1009", "message": "heartbeat ok", "metric": 2.74}
{"timestamp": "2025-12-04T02:45:23.029131+00:00", "level": "WARN", "service": "ledger", "thread_id": "t-ledger-010", "correlation_id": "live-0101", "trace_id": "trace-live-0101", "span_id": "span-1010", "message": "cache miss spike", "metric": 48.93}
{"timestamp": "2025-12-04T02:45:23.179372+00:00", "level": "INFO", "service": "auth", "thread_id": "t-auth-011", "correlation_id": "live-0101", "trace_id": "trace-live-0101", "span_id": "span-1011", "message": "heartbeat ok", "metric": 53.3}
{"timestamp": "2025-12-04T02:45:23.329648+00:00", "level": "ERROR", "service": "ledger", "thread_id": "t-ledger-012", "correlation_id": "live-0101", "trace_id": "trace-live-0101", "span_id": "span-1012", "message": "Database timeout", "metric": 91.38}
{"timestamp": "2025-12-04T02:45:23.479937+00:00", "level": "INFO", "service": "auth", "thread_id": "t-auth-013", "correlation_id": "live-0101", "trace_id": "trace-live-0101", "span_id": "span-1013", "message": "heartbeat ok", "metric": 95.9}
{"timestamp": "2025-12-04T02:45:23.630167+00:00", "level": "INFO", "service": "ledger", "thread_id": "t-ledger-014", "correlation_id": "live-0101", "trace_id": "trace-live-0101", "span_id": "span-1014", "message": "heartbeat ok", "metric": 81.91}
{"timestamp": "2025-12-04T02:45:23.780388+00:00", "level": "WARN", "service": "auth", "thread_id": "t-auth-015", "correlation_id": "live-0101", "trace_id": "trace-live-0101", "span_id": "span-1015", "message": "cache miss spike", "metric": 48.86}
{"timestamp": "2025-12-04T02:45:23.930703+00:00", "level": "WARN", "service": "payments", "thread_id": "t-payments-016", "correlation_id": "live-0101", "trace_id": "trace-live-0101", "span_id": "span-1016", "message": "cache miss spike", "metric": 73.3}
{"timestamp": "2025-12-04T02:45:24.081019+00:00", "level": "INFO", "service": "ledger", "thread_id": "t-ledger-017", "correlation_id": "live-0101", "trace_id": "trace-live-0101", "span_id": "span-1017", "message": "heartbeat ok", "metric": 51.29}
{"timestamp": "2025-12-04T02:45:24.231349+00:00", "level": "INFO", "service": "ledger", "thread_id": "t-ledger-018", "correlation_id": "live-0101", "trace_id": "trace-live-0101", "span_id": "span-1018", "message": "heartbeat ok", "metric": 72.35}
{"timestamp": "2025-12-04T02:45:24.381575+00:00", "level": "WARN", "service": "payments", "thread_id": "t-payments-019", "correlation_id": "live-0101", "trace_id": "trace-live-0101", "span_id": "span-1019", "message": "cache miss spike", "metric": 75.14}
{"timestamp": "2025-12-04T02:45:24.531731+00:00", "level": "WARN", "service": "payments", "thread_id": "t-payments-020", "correlation_id": "live-0102", "trace_id": "trace-live-0102", "span_id": "span-1020", "message": "cache miss spike", "metric": 18.95}
{"timestamp": "2025-12-04T02:45:24.682026+00:00", "level": "ERROR", "service": "search", "thread_id": "t-search-021", "correlation_id": "live-0102", "trace_id": "trace-live-0102", "span_id": "span-1021", "message": "Database timeout", "metric": 91.79}
{"timestamp": "2025-12-04T02:45:24.832311+00:00", "level": "WARN", "service": "api", "thread_id": "t-api-022", "correlation_id": "live-0102", "trace_id": "trace-live-0102", "span_id": "span-1022", "message": "cache miss spike", "metric": 83.23}
{"timestamp": "2025-12-04T02:45:24.982510+00:00", "level": "INFO", "service": "api", "thread_id": "t-api-023", "correlation_id": "live-0102", "trace_id": "trace-live-0102", "span_id": "span-1023", "message": "heartbeat ok", "metric": 36.81}
{"timestamp": "2025-12-04T02:45:25.132751+00:00", "level": "INFO", "service": "search", "thread_id": "t-search-024", "correlation_id": "live-0102", "trace_id": "trace-live-0102", "span_id": "span-1024", "message": "heartbeat ok", "metric": 10.44}
{"timestamp": "2025-12-04T02:45:25.283083+00:00", "level": "INFO", "service": "api", "thread_id": "t-api-025", "correlation_id": "live-0102", "trace_id": "trace-live-0102", "span_id": "span-1025", "message": "heartbeat ok", "metric": 79.3}
{"timestamp": "2025-12-04T02:45:25.433320+00:00", "level": "INFO", "service": "search", "thread_id": "t-search-026", "correlation_id": "live-0102", "trace_id": "trace-live-0102", "span_id": "span-1026", "message": "heartbeat ok", "metric": 31.09}
{"timestamp": "2025-12-04T02:45:25.583641+00:00", "level": "WARN", "service": "search", "thread_id": "t-search-027", "correlation_id": "live-0102", "trace_id": "trace-live-0102", "span_id": "span-1027", "message": "cache miss spike", "metric": 76.3}
{"timestamp": "2025-12-04T02:45:25.733964+00:00", "level": "ERROR", "service": "ledger", "thread_id": "t-ledger-028", "correlation_id": "live-0102", "trace_id": "trace-live-0102", "span_id": "span-1028", "message": "Database timeout", "metric": 14.75}
{"timestamp": "2025-12-04T02:45:25.884212+00:00", "level": "WARN", "service": "api", "thread_id": "t-api-029", "correlation_id": "live-0102", "trace_id": "trace-live-0102", "span_id": "span-1029", "message": "cache miss spike", "metric": 98.57}
{"timestamp": "2025-12-04T02:45:26.034428+00:00", "level": "INFO", "service": "api", "thread_id": "t-api-030", "correlation_id": "live-0103", "trace_id": "trace-live-0103", "span_id": "span-1030", "message": "heartbeat ok", "metric": 35.53}
{"timestamp": "2025-12-04T02:45:26.184652+00:00", "level": "INFO", "service": "ledger", "thread_id": "t-ledger-031", "correlation_id": "live-0103", "trace_id": "trace-live-0103", "span_id": "span-1031", "message": "heartbeat ok", "metric": 6.67}
{"timestamp": "2025-12-04T02:45:26.334851+00:00", "level": "INFO", "service": "api", "thread_id": "t-api-032", "correlation_id": "live-0103", "trace_id": "trace-live-0103", "span_id": "span-1032", "message": "heartbeat ok", "metric": 52.06}
{"timestamp": "2025-12-04T02:45:26.485065+00:00", "level": "INFO", "service": "api", "thread_id": "t-api-033", "correlation_id": "live-0103", "trace_id": "trace-live-0103", "span_id": "span-1033", "message": "heartbeat ok", "metric": 22.49}
{"timestamp": "2025-12-04T02:45:26.635251+00:00", "level": "WARN", "service": "payments", "thread_id": "t-payments-034", "correlation_id": "live-0103", "trace_id": "trace-live-0103", "span_id": "span-1034", "message": "cache miss spike", "metric": 47.84}
{"timestamp": "2025-12-04T02:45:26.785439+00:00", "level": "WARN", "service": "api", "thread_id": "t-api-035", "correlation_id": "live-0103", "trace_id": "trace-live-0103", "span_id": "span-1035", "message": "cache miss spike", "metric": 91.13}
{"timestamp": "2025-12-04T02:45:26.935644+00:00", "level": "INFO", "service": "auth", "thread_id": "t-auth-036", "correlation_id": "live-0103", "trace_id": "trace-live-0103", "span_id": "span-1036", "message": "heartbeat ok", "metric": 10.11}
{"timestamp": "2025-12-04T02:45:27.085872+00:00", "level": "WARN", "service": "payments", "thread_id": "t-payments-037", "correlation_id": "live-0103", "trace_id": "trace-live-0103", "span_id": "span-1037", "message": "cache miss spike", "metric": 9.98}
{"timestamp": "2025-12-04T02:45:27.236052+00:00", "level": "INFO", "service": "auth", "thread_id": "t-auth-038", "correlation_id": "live-0103", "trace_id": "trace-live-0103", "span_id": "span-1038", "message": "heartbeat ok", "metric": 44.85}
{"timestamp": "2025-12-04T02:45:27.386270+00:00", "level": "INFO", "service": "api", "thread_id": "t-api-039", "correlation_id": "live-0103", "trace_id": "trace-live-0103", "span_id": "span-1039", "message": "heartbeat ok", "metric": 29.05}
{"timestamp": "2025-12-04T02:45:27.536462+00:00", "level": "INFO", "service": "api", "thread_id": "t-api-040", "correlation_id": "live-0104", "trace_id": "trace-live-0104", "span_id": "span-1040", "message": "heartbeat ok", "metric": 32.05}
{"timestamp": "2025-12-04T02:45:27.686692+00:00", "level": "WARN", "service": "ledger", "thread_id": "t-ledger-041", "correlation_id": "live-0104", "trace_id": "trace-live-0104", "span_id": "span-1041", "message": "cache miss spike", "metric": 22.62}
{"timestamp": "2025-12-04T02:45:27.836924+00:00", "level": "INFO", "service": "payments", "thread_id": "t-payments-042", "correlation_id": "live-0104", "trace_id": "trace-live-0104", "span_id": "span-1042", "message": "heartbeat ok", "metric": 44.38}
{"timestamp": "2025-12-04T02:45:27.987224+00:00", "level": "INFO", "service": "ledger", "thread_id": "t-ledger-043", "correlation_id": "live-0104", "trace_id": "trace-live-0104", "span_id": "span-1043", "message": "heartbeat ok", "metric": 78.29}
{"timestamp": "2025-12-04T02:45:28.137547+00:00", "level": "INFO", "service": "auth", "thread_id": "t-auth-044", "correlation_id": "live-0104", "trace_id": "trace-live-0104", "span_id": "span-1044", "message": "heartbeat ok", "metric": 89.55}
{"timestamp": "2025-12-04T02:45:28.287857+00:00", "level": "INFO", "service": "search", "thread_id": "t-search-045", "correlation_id": "live-0104", "trace_id": "trace-live-0104", "span_id": "span-1045", "message": "heartbeat ok", "metric": 20.09}
{"timestamp": "2025-12-04T02:45:28.438149+00:00", "level": "INFO", "service": "auth", "thread_id": "t-auth-046", "correlation_id": "live-0104", "trace_id": "trace-live-0104", "span_id": "span-1046", "message": "heartbeat ok", "metric": 33.56}
{"timestamp": "2025-12-04T02:45:28.588309+00:00", "level": "WARN", "service": "payments", "thread_id": "t-payments-047", "correlation_id": "live-0104", "trace_id": "trace-live-0104", "span_id": "span-1047", "message": "cache miss spike", "metric": 92.57}
{"timestamp": "2025-12-04T02:45:28.738492+00:00", "level": "INFO", "service": "api", "thread_id": "t-api-048", "correlation_id": "live-0104", "trace_id": "trace-live-0104", "span_id": "span-1048", "message": "heartbeat ok", "metric": 60.94}
{"timestamp": "2025-12-04T02:45:28.888722+00:00", "level": "ERROR", "service": "search", "thread_id": "t-search-049", "correlation_id": "live-0104", "trace_id": "trace-live-0104", "span_id": "span-1049", "message": "Database timeout", "metric": 45.34}
{"timestamp": "2025-12-04T02:45:29.038892+00:00", "level": "INFO", "service": "ledger", "thread_id": "t-ledger-000", "correlation_id": "live-0105", "trace_id": "trace-live-0105", "span_id": "span-1050", "message": "heartbeat ok", "metric": 67.75}
{"timestamp": "2025-12-04T02:45:29.189145+00:00", "level": "INFO", "service": "auth", "thread_id": "t-auth-001", "correlation_id": "live-0105", "trace_id": "trace-live-0105", "span_id": "span-1051", "message": "heartbeat ok", "metric": 47.52}
{"timestamp": "2025-12-04T02:45:29.339407+00:00", "level": "INFO", "service": "search", "thread_id": "t-search-002", "correlation_id": "live-0105", "trace_id": "trace-live-0105", "span_id": "span-1052", "message": "heartbeat ok", "metric": 30.51}
{"timestamp": "2025-12-04T02:45:29.489698+00:00", "level": "INFO", "service": "ledger", "thread_id": "t-ledger-003", "correlation_id": "live-0105", "trace_id": "trace-live-0105", "span_id": "span-1053", "message": "heartbeat ok", "metric": 54.84}
{"timestamp": "2025-12-04T02:45:29.640050+00:00", "level": "INFO", "service": "auth", "thread_id": "t-auth-004", "correlation_id": "live-0105", "trace_id": "trace-live-0105", "span_id": "span-1054", "message": "heartbeat ok", "metric": 66.59}
{"timestamp": "2025-12-04T02:45:29.790312+00:00", "level": "INFO", "service": "search", "thread_id": "t-search-005", "correlation_id": "live-0105", "trace_id": "trace-live-0105", "span_id": "span-1055", "message": "heartbeat ok", "metric": 83.98}
{"timestamp": "2025-12-04T02:45:29.940502+00:00", "level": "INFO", "service": "payments", "thread_id": "t-payments-006", "correlation_id": "live-0105", "trace_id": "trace-live-0105", "span_id": "span-1056", "message": "heartbeat ok", "metric": 83.03}
{"timestamp": "2025-12-04T02:45:30.090702+00:00", "level": "INFO", "service": "ledger", "thread_id": "t-ledger-007", "correlation_id": "live-0105", "trace_id": "trace-live-0105", "span_id": "span-1057", "message": "heartbeat ok", "metric": 85.54}
{"timestamp": "2025-12-04T02:45:30.240864+00:00", "level": "INFO", "service": "api", "thread_id": "t-api-008", "correlation_id": "live-0105", "trace_id": "trace-live-0105", "span_id": "span-1058", "message": "heartbeat ok", "metric": 61.26}
{"timestamp": "2025-12-04T02:45:30.391065+00:00", "level": "INFO", "service": "ledger", "thread_id": "t-ledger-009", "correlation_id": "live-0105", "trace_id": "trace-live-0105", "span_id": "span-1059", "message": "heartbeat ok", "metric": 47.73}
{"timestamp": "2025-12-04T02:45:30.541258+00:00", "level": "WARN", "service": "ledger", "thread_id": "t-ledger-010", "correlation_id": "live-0106", "trace_id": "trace-live-0106", "span_id": "span-1060", "message": "cache miss spike", "metric": 79.83}
{"timestamp": "2025-12-04T02:45:30.691609+00:00", "level": "INFO", "service": "payments", "thread_id": "t-payments-011", "correlation_id": "live-0106", "trace_id": "trace-live-0106", "span_id": "span-1061", "message": "heartbeat ok", "metric": 38.03}
{"timestamp": "2025-12-04T02:45:30.841965+00:00", "level": "INFO", "service": "api", "thread_id": "t-api-012", "correlation_id": "live-0106", "trace_id": "trace-live-0106", "span_id": "span-1062", "message": "heartbeat ok", "metric": 17.01}
{"timestamp": "2025-12-04T02:45:30.992130+00:00", "level": "ERROR", "service": "auth", "thread_id": "t-auth-013", "correlation_id": "live-0106", "trace_id": "trace-live-0106", "span_id": "span-1063", "message": "Database timeout", "metric": 61.08}
{"timestamp": "2025-12-04T02:45:31.142352+00:00", "level": "INFO", "service": "payments", "thread_id": "t-payments-014", "correlation_id": "live-0106", "trace_id": "trace-live-0106", "span_id": "span-1064", "message": "heartbeat ok", "metric": 81.78}
{"timestamp": "2025-12-04T02:45:31.292567+00:00", "level": "INFO", "service": "api", "thread_id": "t-api-015", "correlation_id": "live-0106", "trace_id": "trace-live-0106", "span_id": "span-1065", "message": "heartbeat ok", "metric": 40.16}
{"timestamp": "2025-12-04T02:45:31.442815+00:00", "level": "INFO", "service": "payments", "thread_id": "t-payments-016", "correlation_id": "live-0106", "trace_id": "trace-live-0106", "span_id": "span-1066", "message": "heartbeat ok", "metric": 22.7}
{"timestamp": "2025-12-04T02:45:31.593105+00:00", "level": "INFO", "service": "auth", "thread_id": "t-auth-017", "correlation_id": "live-0106", "trace_id": "trace-live-0106", "span_id": "span-1067", "message": "heartbeat ok", "metric": 0.72}
{"timestamp": "2025-12-04T02:45:31.743276+00:00", "level": "INFO", "service": "payments", "thread_id": "t-payments-018", "correlation_id": "live-0106", "trace_id": "trace-live-0106", "span_id": "span-1068", "message": "heartbeat ok", "metric": 29.41}
{"timestamp": "2025-12-04T02:45:31.893478+00:00", "level": "INFO", "service": "api", "thread_id": "t-api-019", "correlation_id": "live-0106", "trace_id": "trace-live-0106", "span_id": "span-1069", "message": "heartbeat ok", "metric": 74.44}
{"timestamp": "2025-12-04T02:45:32.043668+00:00", "level": "INFO", "service": "payments", "thread_id": "t-payments-020", "correlation_id": "live-0107", "trace_id": "trace-live-0107", "span_id": "span-1070", "message": "heartbeat ok", "metric": 8.66}
{"timestamp": "2025-12-04T02:45:32.193856+00:00", "level": "INFO", "service": "search", "thread_id": "t-search-021", "correlation_id": "live-0107", "trace_id": "trace-live-0107", "span_id": "span-1071", "message": "heartbeat ok", "metric": 1.63}
{"timestamp": "2025-12-04T02:45:32.344063+00:00", "level": "INFO", "service": "ledger", "thread_id": "t-ledger-022", "correlation_id": "live-0107", "trace_id": "trace-live-0107", "span_id": "span-1072", "message": "heartbeat ok", "metric": 60.4}
{"timestamp": "2025-12-04T02:45:32.494249+00:00", "level": "WARN", "service": "search", "thread_id": "t-search-023", "correlation_id": "live-0107", "trace_id": "trace-live-0107", "span_id": "span-1073", "message": "cache miss spike", "metric": 24.38}
{"timestamp": "2025-12-04T02:45:32.644423+00:00", "level": "INFO", "service": "payments", "thread_id": "t-payments-024", "correlation_id": "live-0107", "trace_id": "trace-live-0107", "span_id": "span-1074", "message": "heartbeat ok", "metric": 41.34}
{"timestamp": "2025-12-04T02:45:32.794592+00:00", "level": "INFO", "service": "api", "thread_id": "t-api-025", "correlation_id": "live-0107", "trace_id": "trace-live-0107", "span_id": "span-1075", "message": "heartbeat ok", "metric": 91.55}
{"timestamp": "2025-12-04T02:45:32.944770+00:00", "level": "INFO", "service": "search", "thread_id": "t-search-026", "correlation_id": "live-0107", "trace_id": "trace-live-0107", "span_id": "span-1076", "message": "heartbeat ok", "metric": 36.95}
{"timestamp": "2025-12-04T02:45:33.094958+00:00", "level": "INFO", "service": "payments", "thread_id": "t-payments-027", "correlation_id": "live-0107", "trace_id": "trace-live-0107", "span_id": "span-1077", "message": "heartbeat ok", "metric": 38.38}
{"timestamp": "2025-12-04T02:45:33.245101+00:00", "level": "INFO", "service": "api", "thread_id": "t-api-028", "correlation_id": "live-0107", "trace_id": "trace-live-0107", "span_id": "span-1078", "message": "heartbeat ok", "metric": 39.92}
{"timestamp": "2025-12-04T02:45:33.395326+00:00", "level": "WARN", "service": "auth", "thread_id": "t-auth-029", "correlation_id": "live-0107", "trace_id": "trace-live-0107", "span_id": "span-1079", "message": "cache miss spike", "metric": 12.06}
{"timestamp": "2025-12-04T02:45:33.545583+00:00", "level": "WARN", "service": "api", "thread_id": "t-api-030", "correlation_id": "live-0108", "trace_id": "trace-live-0108", "span_id": "span-1080", "message": "cache miss spike", "metric": 79.19}
{"timestamp": "2025-12-04T02:45:33.695805+00:00", "level": "INFO", "service": "payments", "thread_id": "t-payments-031", "correlation_id": "live-0108", "trace_id": "trace-live-0108", "span_id": "span-1081", "message": "heartbeat ok", "metric": 14.42}
{"timestamp": "2025-12-04T02:45:33.845965+00:00", "level": "WARN", "service": "api", "thread_id": "t-api-032", "correlation_id": "live-0108", "trace_id": "trace-live-0108", "span_id": "span-1082", "message": "cache miss spike", "metric": 89.71}
{"timestamp": "2025-12-04T02:45:33.996204+00:00", "level": "INFO", "service": "api", "thread_id": "t-api-033", "correlation_id": "live-0108", "trace_id": "trace-live-0108", "span_id": "span-1083", "message": "heartbeat ok", "metric": 44.55}
{"timestamp": "2025-12-04T02:45:34.146425+00:00", "level": "INFO", "service": "api", "thread_id": "t-api-034", "correlation_id": "live-0108", "trace_id": "trace-live-0108", "span_id": "span-1084", "message": "heartbeat ok", "metric": 89.55}
{"timestamp": "2025-12-04T02:45:34.296670+00:00", "level": "WARN", "service": "api", "thread_id": "t-api-035", "correlation_id": "live-0108", "trace_id": "trace-live-0108", "span_id": "span-1085", "message": "cache miss spike", "metric": 70.35}
{"timestamp": "2025-12-04T02:45:34.446970+00:00", "level": "INFO", "service": "api", "thread_id": "t-api-036", "correlation_id": "live-0108", "trace_id": "trace-live-0108", "span_id": "span-1086", "message": "heartbeat ok", "metric": 74.28}
{"timestamp": "2025-12-04T02:45:34.597207+00:00", "level": "INFO", "service": "auth", "thread_id": "t-auth-037", "correlation_id": "live-0108", "trace_id": "trace-live-0108", "span_id": "span-1087", "message": "heartbeat ok", "metric": 46.8}
{"timestamp": "2025-12-04T02:45:34.747425+00:00", "level": "WARN", "service": "auth", "thread_id": "t-auth-038", "correlation_id": "live-0108", "trace_id": "trace-live-0108", "span_id": "span-1088", "message": "cache miss spike", "metric": 46.36}
{"timestamp": "2025-12-04T02:45:34.897670+00:00", "level": "INFO", "service": "auth", "thread_id": "t-auth-039", "correlation_id": "live-0108", "trace_id": "trace-live-0108", "span_id": "span-1089", "message": "heartbeat ok", "metric": 74.1}
{"timestamp": "2025-12-04T02:45:35.047891+00:00", "level": "INFO", "service": "search", "thread_id": "t-search-040", "correlation_id": "live-0109", "trace_id": "trace-live-0109", "span_id": "span-1090", "message": "heartbeat ok", "metric": 44.52}
{"timestamp": "2025-12-04T02:45:35.198185+00:00", "level": "INFO", "service": "ledger", "thread_id": "t-ledger-041", "correlation_id": "live-0109", "trace_id": "trace-live-0109", "span_id": "span-1091", "message": "heartbeat ok", "metric": 27.99}
{"timestamp": "2025-12-04T02:45:35.348467+00:00", "level": "WARN", "service": "payments", "thread_id": "t-payments-042", "correlation_id": "live-0109", "trace_id": "trace-live-0109", "span_id": "span-1092", "message": "cache miss spike", "metric": 2.36}
{"timestamp": "2025-12-04T02:45:35.498763+00:00", "level": "INFO", "service": "auth", "thread_id": "t-auth-043", "correlation_id": "live-0109", "trace_id": "trace-live-0109", "span_id": "span-1093", "message": "heartbeat ok", "metric": 36.2}
{"timestamp": "2025-12-04T02:45:35.649020+00:00", "level": "INFO", "service": "search", "thread_id": "t-search-044", "correlation_id": "live-0109", "trace_id": "trace-live-0109", "span_id": "span-1094", "message": "heartbeat ok", "metric": 16.94}
{"timestamp": "2025-12-04T02:45:35.799249+00:00", "level": "INFO", "service": "search", "thread_id": "t-search-045", "correlation_id": "live-0109", "trace_id": "trace-live-0109", "span_id": "span-1095", "message": "heartbeat ok", "metric": 81.67}
{"timestamp": "2025-12-04T02:45:35.949464+00:00", "level": "INFO", "service": "search", "thread_id": "t-search-046", "correlation_id": "live-0109", "trace_id": "trace-live-0109", "span_id": "span-1096", "message": "heartbeat ok", "metric": 33.76}
{"timestamp": "2025-12-04T02:45:36.099629+00:00", "level": "INFO", "service": "search", "thread_id": "t-search-047", "correlation_id": "live-0109", "trace_id": "trace-live-0109", "span_id": "span-1097", "message": "heartbeat ok", "metric": 59.31}
{"timestamp": "2025-12-04T02:45:36.249813+00:00", "level": "INFO", "service": "payments", "thread_id": "t-payments-048", "correlation_id": "live-0109", "trace_id": "trace-live-0109", "span_id": "span-1098", "message": "heartbeat ok", "metric": 46.69}
{"timestamp": "2025-12-04T02:45:36.400098+00:00", "level": "WARN", "service": "payments", "thread_id": "t-payments-049", "correlation_id": "live-0109", "trace_id": "trace-live-0109", "span_id": "span-1099", "message": "cache miss spike", "metric": 44.74}
{"timestamp": "2025-12-04T02:45:36.550394+00:00", "level": "INFO", "service": "payments", "thread_id": "t-payments-000", "correlation_id": "live-0110", "trace_id": "trace-live-0110", "span_id": "span-1100", "message": "heartbeat ok", "metric": 42.38}
{"timestamp": "2025-12-04T02:45:36.700685+00:00", "level": "INFO", "service": "search", "thread_id": "t-search-001", "correlation_id": "live-0110", "trace_id": "trace-live-0110", "span_id": "span-1101", "message": "heartbeat ok", "metric": 23.37}
{"timestamp": "2025-12-04T02:45:36.850887+00:00", "level": "WARN", "service": "ledger", "thread_id": "t-ledger-002", "correlation_id": "live-0110", "trace_id": "trace-live-0110", "span_id": "span-1102", "message": "cache miss spike", "metric": 42.19}
{"timestamp": "2025-12-04T02:45:37.001059+00:00", "level": "INFO", "service": "ledger", "thread_id": "t-ledger-003", "correlation_id": "live-0110", "trace_id": "trace-live-0110", "span_id": "span-1103", "message": "heartbeat ok", "metric": 65.1}
{"timestamp": "2025-12-04T02:45:37.151314+00:00", "level": "INFO", "service": "search", "thread_id": "t-search-004", "correlation_id": "live-0110", "trace_id": "trace-live-0110", "span_id": "span-1104", "message": "heartbeat ok", "metric": 82.79}
{"timestamp": "2025-12-04T02:45:37.301606+00:00", "level": "INFO", "service": "ledger", "thread_id": "t-ledger-005", "correlation_id": "live-0110", "trace_id": "trace-live-0110", "span_id": "span-1105", "message": "heartbeat ok", "metric": 57.77}
{"timestamp": "2025-12-04T02:45:37.451852+00:00", "level": "INFO", "service": "auth", "thread_id": "t-auth-006", "correlation_id": "live-0110", "trace_id": "trace-live-0110", "span_id": "span-1106", "message": "heartbeat ok", "metric": 55.8}
{"timestamp": "2025-12-04T02:45:37.602045+00:00", "level": "WARN", "service": "api", "thread_id": "t-api-007", "correlation_id": "live-0110", "trace_id": "trace-live-0110", "span_id": "span-1107", "message": "cache miss spike", "metric": 21.22}
{"timestamp": "2025-12-04T02:45:37.752241+00:00", "level": "WARN", "service": "search", "thread_id": "t-search-008", "correlation_id": "live-0110", "trace_id": "trace-live-0110", "span_id": "span-1108", "message": "cache miss spike", "metric": 91.46}
{"timestamp": "2025-12-04T02:45:37.902467+00:00", "level": "ERROR", "service": "api", "thread_id": "t-api-009", "correlation_id": "live-0110", "trace_id": "trace-live-0110", "span_id": "span-1109", "message": "Database timeout", "metric": 65.68}
{"timestamp": "2025-12-04T02:45:38.052694+00:00", "level": "INFO", "service": "ledger", "thread_id": "t-ledger-010", "correlation_id": "live-0111", "trace_id": "trace-live-0111", "span_id": "span-1110", "message": "heartbeat ok", "metric": 86.75}
{"timestamp": "2025-12-04T02:45:38.202933+00:00", "level": "INFO", "service": "payments", "thread_id": "t-payments-011", "correlation_id": "live-0111", "trace_id": "trace-live-0111", "span_id": "span-1111", "message": "heartbeat ok", "metric": 99.13}
{"timestamp": "2025-12-04T02:45:38.353156+00:00", "level": "INFO", "service": "search", "thread_id": "t-search-012", "correlation_id": "live-0111", "trace_id": "trace-live-0111", "span_id": "span-1112", "message": "heartbeat ok", "metric": 49.89}
{"timestamp": "2025-12-04T02:45:38.503373+00:00", "level": "WARN", "service": "payments", "thread_id": "t-payments-013", "correlation_id": "live-0111", "trace_id": "trace-live-0111", "span_id": "span-1113", "message": "cache miss spike", "metric": 86.8}
{"timestamp": "2025-12-04T02:45:38.653649+00:00", "level": "INFO", "service": "search", "thread_id": "t-search-014", "correlation_id": "live-0111", "trace_id": "trace-live-0111", "span_id": "span-1114", "message": "heartbeat ok", "metric": 54.61}
{"timestamp": "2025-12-04T02:45:38.803922+00:00", "level": "INFO", "service": "search", "thread_id": "t-search-015", "correlation_id": "live-0111", "trace_id": "trace-live-0111", "span_id": "span-1115", "message": "heartbeat ok", "metric": 94.48}
{"timestamp": "2025-12-04T02:45:38.954165+00:00", "level": "WARN", "service": "ledger", "thread_id": "t-ledger-016", "correlation_id": "live-0111", "trace_id": "trace-live-0111", "span_id": "span-1116", "message": "cache miss spike", "metric": 79.34}
{"timestamp": "2025-12-04T02:45:39.104379+00:00", "level": "WARN", "service": "search", "thread_id": "t-search-017", "correlation_id": "live-0111", "trace_id": "trace-live-0111", "span_id": "span-1117", "message": "cache miss spike", "metric": 94.06}
{"timestamp": "2025-12-04T02:45:39.254639+00:00", "level": "INFO", "service": "auth", "thread_id": "t-auth-018", "correlation_id": "live-0111", "trace_id": "trace-live-0111", "span_id": "span-1118", "message": "heartbeat ok", "metric": 35.16}
{"timestamp": "2025-12-04T02:45:39.404867+00:00", "level": "ERROR", "service": "auth", "thread_id": "t-auth-019", "correlation_id": "live-0111", "trace_id": "trace-live-0111", "span_id": "span-1119", "message": "Database timeout", "metric": 20.43}
{"timestamp": "2025-12-04T02:45:39.555082+00:00", "level": "INFO", "service": "auth", "thread_id": "t-auth-020", "correlation_id": "live-0112", "trace_id": "trace-live-0112", "span_id": "span-1120", "message": "heartbeat ok", "metric": 86.85}
{"timestamp": "2025-12-04T02:45:39.705315+00:00", "level": "INFO", "service": "ledger", "thread_id": "t-ledger-021", "correlation_id": "live-0112", "trace_id": "trace-live-0112", "span_id": "span-1121", "message": "heartbeat ok", "metric": 42.19}
{"timestamp": "2025-12-04T02:45:39.855594+00:00", "level": "INFO", "service": "search", "thread_id": "t-search-022", "correlation_id": "live-0112", "trace_id": "trace-live-0112", "span_id": "span-1122", "message": "heartbeat ok", "metric": 64.08}
{"timestamp": "2025-12-04T02:45:40.005821+00:00", "level": "INFO", "service": "payments", "thread_id": "t-payments-023", "correlation_id": "live-0112", "trace_id": "trace-live-0112", "span_id": "span-1123", "message": "heartbeat ok", "metric": 87.25}
{"timestamp": "2025-12-04T02:45:40.156030+00:00", "level": "INFO", "service": "api", "thread_id": "t-api-024", "correlation_id": "live-0112", "trace_id": "trace-live-0112", "span_id": "span-1124", "message": "heartbeat ok", "metric": 43.51}
{"timestamp": "2025-12-04T02:45:40.306240+00:00", "level": "INFO", "service": "search", "thread_id": "t-search-025", "correlation_id": "live-0112", "trace_id": "trace-live-0112", "span_id": "span-1125", "message": "heartbeat ok", "metric": 14.02}
{"timestamp": "2025-12-04T02:45:40.456496+00:00", "level": "INFO", "service": "search", "thread_id": "t-search-026", "correlation_id": "live-0112", "trace_id": "trace-live-0112", "span_id": "span-1126", "message": "heartbeat ok", "metric": 97.84}
{"timestamp": "2025-12-04T02:45:40.606804+00:00", "level": "INFO", "service": "api", "thread_id": "t-api-027", "correlation_id": "live-0112", "trace_id": "trace-live-0112", "span_id": "span-1127", "message": "heartbeat ok", "metric": 73.79}
{"timestamp": "2025-12-04T02:45:40.757022+00:00", "level": "INFO", "service": "api", "thread_id": "t-api-028", "correlation_id": "live-0112", "trace_id": "trace-live-0112", "span_id": "span-1128", "message": "heartbeat ok", "metric": 13.75}
{"timestamp": "2025-12-04T02:45:40.907183+00:00", "level": "INFO", "service": "ledger", "thread_id": "t-ledger-029", "correlation_id": "live-0112", "trace_id": "trace-live-0112", "span_id": "span-1129", "message": "heartbeat ok", "metric": 83.01}
{"timestamp": "2025-12-04T02:45:41.057331+00:00", "level": "INFO", "service": "search", "thread_id": "t-search-030", "correlation_id": "live-0113", "trace_id": "trace-live-0113", "span_id": "span-1130", "message": "heartbeat ok", "metric": 59.51}
{"timestamp": "2025-12-04T02:45:41.207602+00:00", "level": "INFO", "service": "api", "thread_id": "t-api-031", "correlation_id": "live-0113", "trace_id": "trace-live-0113", "span_id": "span-1131", "message": "heartbeat ok", "metric": 30.55}
{"timestamp": "2025-12-04T02:45:41.357889+00:00", "level": "WARN", "service": "ledger", "thread_id": "t-ledger-032", "correlation_id": "live-0113", "trace_id": "trace-live-0113", "span_id": "span-1132", "message": "cache miss spike", "metric": 97.18}
{"timestamp": "2025-12-04T02:45:41.508167+00:00", "level": "INFO", "service": "search", "thread_id": "t-search-033", "correlation_id": "live-0113", "trace_id": "trace-live-0113", "span_id": "span-1133", "message": "heartbeat ok", "metric": 24.75}
{"timestamp": "2025-12-04T02:45:41.658411+00:00", "level": "INFO", "service": "auth", "thread_id": "t-auth-034", "correlation_id": "live-0113", "trace_id": "trace-live-0113", "span_id": "span-1134", "message": "heartbeat ok", "metric": 73.83}
{"timestamp": "2025-12-04T02:45:41.808620+00:00", "level": "INFO", "service": "ledger", "thread_id": "t-ledger-035", "correlation_id": "live-0113", "trace_id": "trace-live-0113", "span_id": "span-1135", "message": "heartbeat ok", "metric": 89.55}
{"timestamp": "2025-12-04T02:45:41.958796+00:00", "level": "INFO", "service": "ledger", "thread_id": "t-ledger-036", "correlation_id": "live-0113", "trace_id": "trace-live-0113", "span_id": "span-1136", "message": "heartbeat ok", "metric": 82.16}
{"timestamp": "2025-12-04T02:45:42.109019+00:00", "level": "INFO", "service": "auth", "thread_id": "t-auth-037", "correlation_id": "live-0113", "trace_id": "trace-live-0113", "span_id": "span-1137", "message": "heartbeat ok", "metric": 4.05}
{"timestamp": "2025-12-04T02:45:42.259277+00:00", "level": "WARN", "service": "payments", "thread_id": "t-payments-038", "correlation_id": "live-0113", "trace_id": "trace-live-0113", "span_id": "span-1138", "message": "cache miss spike", "metric": 25.89}
{"timestamp": "2025-12-04T02:45:42.409506+00:00", "level": "INFO", "service": "auth", "thread_id": "t-auth-039", "correlation_id": "live-0113", "trace_id": "trace-live-0113", "span_id": "span-1139", "message": "heartbeat ok", "metric": 14.79}
{"timestamp": "2025-12-04T02:45:42.559857+00:00", "level": "INFO", "service": "api", "thread_id": "t-api-040", "correlation_id": "live-0114", "trace_id": "trace-live-0114", "span_id": "span-1140", "message": "heartbeat ok", "metric": 54.44}
{"timestamp": "2025-12-04T02:45:42.710050+00:00", "level": "INFO", "service": "auth", "thread_id": "t-auth-041", "correlation_id": "live-0114", "trace_id": "trace-live-0114", "span_id": "span-1141", "message": "heartbeat ok", "metric": 90.4}
{"timestamp": "2025-12-04T02:45:42.860250+00:00", "level": "INFO", "service": "api", "thread_id": "t-api-042", "correlation_id": "live-0114", "trace_id": "trace-live-0114", "span_id": "span-1142", "message": "heartbeat ok", "metric": 80.31}
{"timestamp": "2025-12-04T02:45:43.010517+00:00", "level": "INFO", "service": "ledger", "thread_id": "t-ledger-043", "correlation_id": "live-0114", "trace_id": "trace-live-0114", "span_id": "span-1143", "message": "heartbeat ok", "metric": 75.04}
{"timestamp": "2025-12-04T02:45:43.160777+00:00", "level": "INFO", "service": "ledger", "thread_id": "t-ledger-044", "correlation_id": "live-0114", "trace_id": "trace-live-0114", "span_id": "span-1144", "message": "heartbeat ok", "metric": 98.79}
{"timestamp": "2025-12-04T02:45:43.311071+00:00", "level": "INFO", "service": "auth", "thread_id": "t-auth-045", "correlation_id": "live-0114", "trace_id": "trace-live-0114", "span_id": "span-1145", "message": "heartbeat ok", "metric": 54.11}
{"timestamp": "2025-12-04T02:45:43.461229+00:00", "level": "WARN", "service": "auth", "thread_id": "t-auth-046", "correlation_id": "live-0114", "trace_id": "trace-live-0114", "span_id": "span-1146", "message": "cache miss spike", "metric": 38.67}
{"timestamp": "2025-12-04T02:45:43.611406+00:00", "level": "INFO", "service": "search", "thread_id": "t-search-047", "correlation_id": "live-0114", "trace_id": "trace-live-0114", "span_id": "span-1147", "message": "heartbeat ok", "metric": 8.63}
{"timestamp": "2025-12-04T02:45:43.761587+00:00", "level": "INFO", "service": "search", "thread_id": "t-search-048", "correlation_id": "live-0114", "trace_id": "trace-live-0114", "span_id": "span-1148", "message": "heartbeat ok", "metric": 25.72}
{"timestamp": "2025-12-04T02:45:43.911804+00:00", "level": "WARN", "service": "ledger", "thread_id": "t-ledger-049", "correlation_id": "live-0114", "trace_id": "trace-live-0114", "span_id": "span-1149", "message": "cache miss spike", "metric": 69.66}
{"timestamp": "2025-12-04T02:45:44.062075+00:00", "level": "WARN", "service": "payments", "thread_id": "t-payments-000", "correlation_id": "live-0115", "trace_id": "trace-live-0115", "span_id": "span-1150", "message": "cache miss spike", "metric": 17.87}
{"timestamp": "2025-12-04T02:45:44.212321+00:00", "level": "WARN", "service": "ledger", "thread_id": "t-ledger-001", "correlation_id": "live-0115", "trace_id": "trace-live-0115", "span_id": "span-1151", "message": "cache miss spike", "metric": 10.97}
{"timestamp": "2025-12-04T02:45:44.362529+00:00", "level": "INFO", "service": "api", "thread_id": "t-api-002", "correlation_id": "live-0115", "trace_id": "trace-live-0115", "span_id": "span-1152", "message": "heartbeat ok", "metric": 29.89}
{"timestamp": "2025-12-04T02:45:44.512759+00:00", "level": "INFO", "service": "api", "thread_id": "t-api-003", "correlation_id": "live-0115", "trace_id": "trace-live-0115", "span_id": "span-1153", "message": "heartbeat ok", "metric": 22.14}
{"timestamp": "2025-12-04T02:45:44.662952+00:00", "level": "INFO", "service": "payments", "thread_id": "t-payments-004", "correlation_id": "live-0115", "trace_id": "trace-live-0115", "span_id": "span-1154", "message": "heartbeat ok", "metric": 65.41}
{"timestamp": "2025-12-04T02:45:44.813149+00:00", "level": "WARN", "service": "ledger", "thread_id": "t-ledger-005", "correlation_id": "live-0115", "trace_id": "trace-live-0115", "span_id": "span-1155", "message": "cache miss spike", "metric": 0.6}
{"timestamp": "2025-12-04T02:45:44.963314+00:00", "level": "WARN", "service": "auth", "thread_id": "t-auth-006", "correlation_id": "live-0115", "trace_id": "trace-live-0115", "span_id": "span-1156", "message": "cache miss spike", "metric": 29.75}
{"timestamp": "2025-12-04T02:45:45.113477+00:00", "level": "INFO", "service": "api", "thread_id": "t-api-007", "correlation_id": "live-0115", "trace_id": "trace-live-0115", "span_id": "span-1157", "message": "heartbeat ok", "metric": 94.14}
{"timestamp": "2025-12-04T02:45:45.263634+00:00", "level": "INFO", "service": "search", "thread_id": "t-search-008", "correlation_id": "live-0115", "trace_id": "trace-live-0115", "span_id": "span-1158", "message": "heartbeat ok", "metric": 54.06}
{"timestamp": "2025-12-04T02:45:45.413854+00:00", "level": "INFO", "service": "payments", "thread_id": "t-payments-009", "correlation_id": "live-0115", "trace_id": "trace-live-0115", "span_id": "span-1159", "message": "heartbeat ok", "metric": 35.72}
{"timestamp": "2025-12-04T02:45:45.564077+00:00", "level": "INFO", "service": "auth", "thread_id": "t-auth-010", "correlation_id": "live-0116", "trace_id": "trace-live-0116", "span_id": "span-1160", "message": "heartbeat ok", "metric": 13.24}
{"timestamp": "2025-12-04T02:45:45.714226+00:00", "level": "INFO", "service": "auth", "thread_id": "t-auth-011", "correlation_id": "live-0116", "trace_id": "trace-live-0116", "span_id": "span-1161", "message": "heartbeat ok", "metric": 60.86}
{"timestamp": "2025-12-04T02:45:45.864395+00:00", "level": "INFO", "service": "ledger", "thread_id": "t-ledger-012", "correlation_id": "live-0116", "trace_id": "trace-live-0116", "span_id": "span-1162", "message": "heartbeat ok", "metric": 95.64}
{"timestamp": "2025-12-04T02:45:46.014580+00:00", "level": "INFO", "service": "api", "thread_id": "t-api-013", "correlation_id": "live-0116", "trace_id": "trace-live-0116", "span_id": "span-1163", "message": "heartbeat ok", "metric": 95.86}
{"timestamp": "2025-12-04T02:45:46.164797+00:00", "level": "INFO", "service": "payments", "thread_id": "t-payments-014", "correlation_id": "live-0116", "trace_id": "trace-live-0116", "span_id": "span-1164", "message": "heartbeat ok", "metric": 63.54}
{"timestamp": "2025-12-04T02:45:46.314945+00:00", "level": "INFO", "service": "payments", "thread_id": "t-payments-015", "correlation_id": "live-0116", "trace_id": "trace-live-0116", "span_id": "span-1165", "message": "heartbeat ok", "metric": 89.98}
{"timestamp": "2025-12-04T02:45:46.465100+00:00", "level": "INFO", "service": "payments", "thread_id": "t-payments-016", "correlation_id": "live-0116", "trace_id": "trace-live-0116", "span_id": "span-1166", "message": "heartbeat ok", "metric": 91.43}
{"timestamp": "2025-12-04T02:45:46.615264+00:00", "level": "INFO", "service": "auth", "thread_id": "t-auth-017", "correlation_id": "live-0116", "trace_id": "trace-live-0116", "span_id": "span-1167", "message": "heartbeat ok", "metric": 20.56}
{"timestamp": "2025-12-04T02:45:46.765451+00:00", "level": "INFO", "service": "auth", "thread_id": "t-auth-018", "correlation_id": "live-0116", "trace_id": "trace-live-0116", "span_id": "span-1168", "message": "heartbeat ok", "metric": 10.02}
{"timestamp": "2025-12-04T02:45:46.915598+00:00", "level": "ERROR", "service": "auth", "thread_id": "t-auth-019", "correlation_id": "live-0116", "trace_id": "trace-live-0116", "span_id": "span-1169", "message": "Database timeout", "metric": 88.42}
{"timestamp": "2025-12-04T02:45:47.065787+00:00", "level": "INFO", "service": "search", "thread_id": "t-search-020", "correlation_id": "live-0117", "trace_id": "trace-live-0117", "span_id": "span-1170", "message": "heartbeat ok", "metric": 36.06}
{"timestamp": "2025-12-04T02:45:47.215985+00:00", "level": "INFO", "service": "search", "thread_id": "t-search-021", "correlation_id": "live-0117", "trace_id": "trace-live-0117", "span_id": "span-1171", "message": "heartbeat ok", "metric": 23.78}
{"timestamp": "2025-12-04T02:45:47.366185+00:00", "level": "INFO", "service": "ledger", "thread_id": "t-ledger-022", "correlation_id": "live-0117", "trace_id": "trace-live-0117", "span_id": "span-1172", "message": "heartbeat ok", "metric": 37.07}
{"timestamp": "2025-12-04T02:45:47.516355+00:00", "level": "ERROR", "service": "auth", "thread_id": "t-auth-023", "correlation_id": "live-0117", "trace_id": "trace-live-0117", "span_id": "span-1173", "message": "Database timeout", "metric": 5.69}
{"timestamp": "2025-12-04T02:45:47.666613+00:00", "level": "WARN", "service": "ledger", "thread_id": "t-ledger-024", "correlation_id": "live-0117", "trace_id": "trace-live-0117", "span_id": "span-1174", "message": "cache miss spike", "metric": 7.89}
{"timestamp": "2025-12-04T02:45:47.816845+00:00", "level": "INFO", "service": "payments", "thread_id": "t-payments-025", "correlation_id": "live-0117", "trace_id": "trace-live-0117", "span_id": "span-1175", "message": "heartbeat ok", "metric": 96.93}
{"timestamp": "2025-12-04T02:45:47.967121+00:00", "level": "ERROR", "service": "ledger", "thread_id": "t-ledger-026", "correlation_id": "live-0117", "trace_id": "trace-live-0117", "span_id": "span-1176", "message": "Database timeout", "metric": 73.69}
{"timestamp": "2025-12-04T02:45:48.117449+00:00", "level": "INFO", "service": "api", "thread_id": "t-api-027", "correlation_id": "live-0117", "trace_id": "trace-live-0117", "span_id": "span-1177", "message": "heartbeat ok", "metric": 42.57}
{"timestamp": "2025-12-04T02:45:48.267732+00:00", "level": "INFO", "service": "payments", "thread_id": "t-payments-028", "correlation_id": "live-0117", "trace_id": "trace-live-0117", "span_id": "span-1178", "message": "heartbeat ok", "metric": 83.94}
{"timestamp": "2025-12-04T02:45:48.417953+00:00", "level": "WARN", "service": "auth", "thread_id": "t-auth-029", "correlation_id": "live-0117", "trace_id": "trace-live-0117", "span_id": "span-1179", "message": "cache miss spike", "metric": 99.67}
{"timestamp": "2025-12-04T02:45:48.568163+00:00", "level": "INFO", "service": "ledger", "thread_id": "t-ledger-030", "correlation_id": "live-0118", "trace_id": "trace-live-0118", "span_id": "span-1180", "message": "heartbeat ok", "metric": 0.9}
{"timestamp": "2025-12-04T02:45:48.718374+00:00", "level": "ERROR", "service": "api", "thread_id": "t-api-031", "correlation_id": "live-0118", "trace_id": "trace-live-0118", "span_id": "span-1181", "message": "Database timeout", "metric": 18.66}
{"timestamp": "2025-12-04T02:45:48.868583+00:00", "level": "INFO", "service": "ledger", "thread_id": "t-ledger-032", "correlation_id": "live-0118", "trace_id": "trace-live-0118", "span_id": "span-1182", "message": "heartbeat ok", "metric": 0.17}
{"timestamp": "2025-12-04T02:45:49.018833+00:00", "level": "INFO", "service": "search", "thread_id": "t-search-033", "correlation_id": "live-0118", "trace_id": "trace-live-0118", "span_id": "span-1183", "message": "heartbeat ok", "metric": 81.7}
{"timestamp": "2025-12-04T02:45:49.169106+00:00", "level": "WARN", "service": "payments", "thread_id": "t-payments-034", "correlation_id": "live-0118", "trace_id": "trace-live-0118", "span_id": "span-1184", "message": "cache miss spike", "metric": 55.74}
{"timestamp": "2025-12-04T02:45:49.319348+00:00", "level": "WARN", "service": "search", "thread_id": "t-search-035", "correlation_id": "live-0118", "trace_id": "trace-live-0118", "span_id": "span-1185", "message": "cache miss spike", "metric": 24.56}
{"timestamp": "2025-12-04T02:45:49.469573+00:00", "level": "WARN", "service": "search", "thread_id": "t-search-036", "correlation_id": "live-0118", "trace_id": "trace-live-0118", "span_id": "span-1186", "message": "cache miss spike", "metric": 98.69}
{"timestamp": "2025-12-04T02:45:49.619857+00:00", "level": "INFO", "service": "auth", "thread_id": "t-auth-037", "correlation_id": "live-0118", "trace_id": "trace-live-0118", "span_id": "span-1187", "message": "heartbeat ok", "metric": 3.21}
{"timestamp": "2025-12-04T02:45:49.770144+00:00", "level": "INFO", "service": "ledger", "thread_id": "t-ledger-038", "correlation_id": "live-0118", "trace_id": "trace-live-0118", "span_id": "span-1188", "message": "heartbeat ok", "metric": 39.23}
{"timestamp": "2025-12-04T02:45:49.920329+00:00", "level": "INFO", "service": "api", "thread_id": "t-api-039", "correlation_id": "live-0118", "trace_id": "trace-live-0118", "span_id": "span-1189", "message": "heartbeat ok", "metric": 62.6}
{"timestamp": "2025-12-04T02:45:50.070526+00:00", "level": "WARN", "service": "payments", "thread_id": "t-payments-040", "correlation_id": "live-0119", "trace_id": "trace-live-0119", "span_id": "span-1190", "message": "cache miss spike", "metric": 60.31}
{"timestamp": "2025-12-04T02:45:50.220777+00:00", "level": "WARN", "service": "search", "thread_id": "t-search-041", "correlation_id": "live-0119", "trace_id": "trace-live-0119", "span_id": "span-1191", "message": "cache miss spike", "metric": 24.33}
{"timestamp": "2025-12-04T02:45:50.370971+00:00", "level": "INFO", "service": "api", "thread_id": "t-api-042", "correlation_id": "live-0119", "trace_id": "trace-live-0119", "span_id": "span-1192", "message": "heartbeat ok", "metric": 63.73}
{"timestamp": "2025-12-04T02:45:50.521123+00:00", "level": "ERROR", "service": "auth", "thread_id": "t-auth-043", "correlation_id": "live-0119", "trace_id": "trace-live-0119", "span_id": "span-1193", "message": "Database timeout", "metric": 6.67}
{"timestamp": "2025-12-04T02:45:50.671361+00:00", "level": "INFO", "service": "api", "thread_id": "t-api-044", "correlation_id": "live-0119", "trace_id": "trace-live-0119", "span_id": "span-1194", "message": "heartbeat ok", "metric": 90.17}
{"timestamp": "2025-12-04T02:45:50.821672+00:00", "level": "INFO", "service": "search", "thread_id": "t-search-045", "correlation_id": "live-0119", "trace_id": "trace-live-0119", "span_id": "span-1195", "message": "heartbeat ok", "metric": 82.82}
{"timestamp": "2025-12-04T02:45:50.971939+00:00", "level": "INFO", "service": "ledger", "thread_id": "t-ledger-046", "correlation_id": "live-0119", "trace_id": "trace-live-0119", "span_id": "span-1196", "message": "heartbeat ok", "metric": 83.34}
{"timestamp": "2025-12-04T02:45:51.122178+00:00", "level": "ERROR", "service": "api", "thread_id": "t-api-047", "correlation_id": "live-0119", "trace_id": "trace-live-0119", "span_id": "span-1197", "message": "Database timeout", "metric": 59.36}
{"timestamp": "2025-12-04T02:45:51.272426+00:00", "level": "INFO", "service": "auth", "thread_id": "t-auth-048", "correlation_id": "live-0119", "trace_id": "trace-live-0119", "span_id": "span-1198", "message": "heartbeat ok", "metric": 96.61}
{"timestamp": "2025-12-04T02:45:51.422662+00:00", "level": "INFO", "service": "payments", "thread_id": "t-payments-049", "correlation_id": "live-0119", "trace_id": "trace-live-0119", "span_id": "span-1199", "message": "heartbeat ok", "metric": 52.57}
{"timestamp": "2025-12-04T02:45:51.573017+00:00", "level": "INFO", "service": "auth", "thread_id": "t-auth-000", "correlation_id": "live-0120", "trace_id": "trace-live-0120", "span_id": "span-1200", "message": "heartbeat ok", "metric": 54.53}
{"timestamp": "2025-12-04T02:45:51.723333+00:00", "level": "INFO", "service": "auth", "thread_id": "t-auth-001", "correlation_id": "live-0120", "trace_id": "trace-live-0120", "span_id": "span-1201", "message": "heartbeat ok", "metric": 32.78}
{"timestamp": "2025-12-04T02:45:51.873602+00:00", "level": "INFO", "service": "auth", "thread_id": "t-auth-002", "correlation_id": "live-0120", "trace_id": "trace-live-0120", "span_id": "span-1202", "message": "heartbeat ok", "metric": 59.42}
{"timestamp": "2025-12-04T02:45:52.023931+00:00", "level": "INFO", "service": "search", "thread_id": "t-search-003", "correlation_id": "live-0120", "trace_id": "trace-live-0120", "span_id": "span-1203", "message": "heartbeat ok", "metric": 27.79}
{"timestamp": "2025-12-04T02:45:52.174235+00:00", "level": "INFO", "service": "ledger", "thread_id": "t-ledger-004", "correlation_id": "live-0120", "trace_id": "trace-live-0120", "span_id": "span-1204", "message": "heartbeat ok", "metric": 85.62}
{"timestamp": "2025-12-04T02:45:52.324477+00:00", "level": "INFO", "service": "ledger", "thread_id": "t-ledger-005", "correlation_id": "live-0120", "trace_id": "trace-live-0120", "span_id": "span-1205", "message": "heartbeat ok", "metric": 94.2}
{"timestamp": "2025-12-04T02:45:52.474696+00:00", "level": "INFO", "service": "api", "thread_id": "t-api-006", "correlation_id": "live-0120", "trace_id": "trace-live-0120", "span_id": "span-1206", "message": "heartbeat ok", "metric": 82.15}
{"timestamp": "2025-12-04T02:45:52.624987+00:00", "level": "ERROR", "service": "search", "thread_id": "t-search-007", "correlation_id": "live-0120", "trace_id": "trace-live-0120", "span_id": "span-1207", "message": "Database timeout", "metric": 51.61}
{"timestamp": "2025-12-04T02:45:52.775286+00:00", "level": "INFO", "service": "api", "thread_id": "t-api-008", "correlation_id": "live-0120", "trace_id": "trace-live-0120", "span_id": "span-1208", "message": "heartbeat ok", "metric": 54.85}
{"timestamp": "2025-12-04T02:45:52.925519+00:00", "level": "ERROR", "service": "ledger", "thread_id": "t-ledger-009", "correlation_id": "live-0120", "trace_id": "trace-live-0120", "span_id": "span-1209", "message": "Database timeout", "metric": 20.61}
{"timestamp": "2025-12-04T02:45:53.075744+00:00", "level": "ERROR", "service": "search", "thread_id": "t-search-010", "correlation_id": "live-0121", "trace_id": "trace-live-0121", "span_id": "span-1210", "message": "Database timeout", "metric": 73.63}
{"timestamp": "2025-12-04T02:45:53.225981+00:00", "level": "INFO", "service": "api", "thread_id": "t-api-011", "correlation_id": "live-0121", "trace_id": "trace-live-0121", "span_id": "span-1211", "message": "heartbeat ok", "metric": 51.58}
{"timestamp": "2025-12-04T02:45:53.376211+00:00", "level": "WARN", "service": "payments", "thread_id": "t-payments-012", "correlation_id": "live-0121", "trace_id": "trace-live-0121", "span_id": "span-1212", "message": "cache miss spike", "metric": 4.15}
{"timestamp": "2025-12-04T02:45:53.526360+00:00", "level": "WARN", "service": "api", "thread_id": "t-api-013", "correlation_id": "live-0121", "trace_id": "trace-live-0121", "span_id": "span-1213", "message": "cache miss spike", "metric": 6.45}
{"timestamp": "2025-12-04T02:45:53.676560+00:00", "level": "INFO", "service": "payments", "thread_id": "t-payments-014", "correlation_id": "live-0121", "trace_id": "trace-live-0121", "span_id": "span-1214", "message": "heartbeat ok", "metric": 97.31}
{"timestamp": "2025-12-04T02:45:53.826789+00:00", "level": "INFO", "service": "ledger", "thread_id": "t-ledger-015", "correlation_id": "live-0121", "trace_id": "trace-live-0121", "span_id": "span-1215", "message": "heartbeat ok", "metric": 59.8}
{"timestamp": "2025-12-04T02:45:53.977078+00:00", "level": "INFO", "service": "search", "thread_id": "t-search-016", "correlation_id": "live-0121", "trace_id": "trace-live-0121", "span_id": "span-1216", "message": "heartbeat ok", "metric": 1.54}
{"timestamp": "2025-12-04T02:45:54.127328+00:00", "level": "WARN", "service": "auth", "thread_id": "t-auth-017", "correlation_id": "live-0121", "trace_id": "trace-live-0121", "span_id": "span-1217", "message": "cache miss spike", "metric": 67.97}
{"timestamp": "2025-12-04T02:45:54.277585+00:00", "level": "ERROR", "service": "search", "thread_id": "t-search-018", "correlation_id": "live-0121", "trace_id": "trace-live-0121", "span_id": "span-1218", "message": "Database timeout", "metric": 23.47}
{"timestamp": "2025-12-04T02:45:54.427842+00:00", "level": "INFO", "service": "ledger", "thread_id": "t-ledger-019", "correlation_id": "live-0121", "trace_id": "trace-live-0121", "span_id": "span-1219", "message": "heartbeat ok", "metric": 6.16}
{"timestamp": "2025-12-04T02:45:54.578000+00:00", "level": "INFO", "service": "payments", "thread_id": "t-payments-020", "correlation_id": "live-0122", "trace_id": "trace-live-0122", "span_id": "span-1220", "message": "heartbeat ok", "metric": 82.65}
{"timestamp": "2025-12-04T02:45:54.728235+00:00", "level": "WARN", "service": "search", "thread_id": "t-search-021", "correlation_id": "live-0122", "trace_id": "trace-live-0122", "span_id": "span-1221", "message": "cache miss spike", "metric": 12.12}
{"timestamp": "2025-12-04T02:45:54.878484+00:00", "level": "INFO", "service": "search", "thread_id": "t-search-022", "correlation_id": "live-0122", "trace_id": "trace-live-0122", "span_id": "span-1222", "message": "heartbeat ok", "metric": 33.63}
{"timestamp": "2025-12-04T02:45:55.028721+00:00", "level": "INFO", "service": "ledger", "thread_id": "t-ledger-023", "correlation_id": "live-0122", "trace_id": "trace-live-0122", "span_id": "span-1223", "message": "heartbeat ok", "metric": 44.28}
{"timestamp": "2025-12-04T02:45:55.178919+00:00", "level": "INFO", "service": "auth", "thread_id": "t-auth-024", "correlation_id": "live-0122", "trace_id": "trace-live-0122", "span_id": "span-1224", "message": "heartbeat ok", "metric": 74.6}
{"timestamp": "2025-12-04T02:45:55.329112+00:00", "level": "INFO", "service": "search", "thread_id": "t-search-025", "correlation_id": "live-0122", "trace_id": "trace-live-0122", "span_id": "span-1225", "message": "heartbeat ok", "metric": 20.19}
{"timestamp": "2025-12-04T02:45:55.479279+00:00", "level": "INFO", "service": "search", "thread_id": "t-search-026", "correlation_id": "live-0122", "trace_id": "trace-live-0122", "span_id": "span-1226", "message": "heartbeat ok", "metric": 56.91}
{"timestamp": "2025-12-04T02:45:55.629517+00:00", "level": "INFO", "service": "auth", "thread_id": "t-auth-027", "correlation_id": "live-0122", "trace_id": "trace-live-0122", "span_id": "span-1227", "message": "heartbeat ok", "metric": 17.57}
{"timestamp": "2025-12-04T02:45:55.779768+00:00", "level": "ERROR", "service": "payments", "thread_id": "t-payments-028", "correlation_id": "live-0122", "trace_id": "trace-live-0122", "span_id": "span-1228", "message": "Database timeout", "metric": 84.82}
{"timestamp": "2025-12-04T02:45:55.929970+00:00", "level": "INFO", "service": "ledger", "thread_id": "t-ledger-029", "correlation_id": "live-0122", "trace_id": "trace-live-0122", "span_id": "span-1229", "message": "heartbeat ok", "metric": 83.76}
{"timestamp": "2025-12-04T02:45:56.080211+00:00", "level": "WARN", "service": "ledger", "thread_id": "t-ledger-030", "correlation_id": "live-0123", "trace_id": "trace-live-0123", "span_id": "span-1230", "message": "cache miss spike", "metric": 83.12}
{"timestamp": "2025-12-04T02:45:56.230457+00:00", "level": "INFO", "service": "api", "thread_id": "t-api-031", "correlation_id": "live-0123", "trace_id": "trace-live-0123", "span_id": "span-1231", "message": "heartbeat ok", "metric": 35.4}
{"timestamp": "2025-12-04T02:45:56.380709+00:00", "level": "INFO", "service": "ledger", "thread_id": "t-ledger-032", "correlation_id": "live-0123", "trace_id": "trace-live-0123", "span_id": "span-1232", "message": "heartbeat ok", "metric": 36.1}
{"timestamp": "2025-12-04T02:45:56.530979+00:00", "level": "INFO", "service": "search", "thread_id": "t-search-033", "correlation_id": "live-0123", "trace_id": "trace-live-0123", "span_id": "span-1233", "message": "heartbeat ok", "metric": 81.52}
{"timestamp": "2025-12-04T02:45:56.681208+00:00", "level": "INFO", "service": "search", "thread_id": "t-search-034", "correlation_id": "live-0123", "trace_id": "trace-live-0123", "span_id": "span-1234", "message": "heartbeat ok", "metric": 39.13}
{"timestamp": "2025-12-04T02:45:56.831367+00:00", "level": "INFO", "service": "payments", "thread_id": "t-payments-035", "correlation_id": "live-0123", "trace_id": "trace-live-0123", "span_id": "span-1235", "message": "heartbeat ok", "metric": 21.9}
{"timestamp": "2025-12-04T02:45:56.981605+00:00", "level": "ERROR", "service": "auth", "thread_id": "t-auth-036", "correlation_id": "live-0123", "trace_id": "trace-live-0123", "span_id": "span-1236", "message": "Database timeout", "metric": 26.44}
{"timestamp": "2025-12-04T02:45:57.131834+00:00", "level": "INFO", "service": "api", "thread_id": "t-api-037", "correlation_id": "live-0123", "trace_id": "trace-live-0123", "span_id": "span-1237", "message": "heartbeat ok", "metric": 19.22}
{"timestamp": "2025-12-04T02:45:57.282107+00:00", "level": "INFO", "service": "payments", "thread_id": "t-payments-038", "correlation_id": "live-0123", "trace_id": "trace-live-0123", "span_id": "span-1238", "message": "heartbeat ok", "metric": 87.09}
{"timestamp": "2025-12-04T02:45:57.432302+00:00", "level": "INFO", "service": "auth", "thread_id": "t-auth-039", "correlation_id": "live-0123", "trace_id": "trace-live-0123", "span_id": "span-1239", "message": "heartbeat ok", "metric": 71.76}
{"timestamp": "2025-12-04T02:45:57.582464+00:00", "level": "INFO", "service": "ledger", "thread_id": "t-ledger-040", "correlation_id": "live-0124", "trace_id": "trace-live-0124", "span_id": "span-1240", "message": "heartbeat ok", "metric": 46.18}
{"timestamp": "2025-12-04T02:45:57.732715+00:00", "level": "INFO", "service": "search", "thread_id": "t-search-041", "correlation_id": "live-0124", "trace_id": "trace-live-0124", "span_id": "span-1241", "message": "heartbeat ok", "metric": 22.88}
{"timestamp": "2025-12-04T02:45:57.882981+00:00", "level": "INFO", "service": "payments", "thread_id": "t-payments-042", "correlation_id": "live-0124", "trace_id": "trace-live-0124", "span_id": "span-1242", "message": "heartbeat ok", "metric": 92.31}
{"timestamp": "2025-12-04T02:45:58.033237+00:00", "level": "INFO", "service": "payments", "thread_id": "t-payments-043", "correlation_id": "live-0124", "trace_id": "trace-live-0124", "span_id": "span-1243", "message": "heartbeat ok", "metric": 2.03}
{"timestamp": "2025-12-04T02:45:58.183497+00:00", "level": "INFO", "service": "search", "thread_id": "t-search-044", "correlation_id": "live-0124", "trace_id": "trace-live-0124", "span_id": "span-1244", "message": "heartbeat ok", "metric": 68.35}
{"timestamp": "2025-12-04T02:45:58.333750+00:00", "level": "INFO", "service": "search", "thread_id": "t-search-045", "correlation_id": "live-0124", "trace_id": "trace-live-0124", "span_id": "span-1245", "message": "heartbeat ok", "metric": 88.14}
{"timestamp": "2025-12-04T02:45:58.483957+00:00", "level": "INFO", "service": "auth", "thread_id": "t-auth-046", "correlation_id": "live-0124", "trace_id": "trace-live-0124", "span_id": "span-1246", "message": "heartbeat ok", "metric": 3.66}
{"timestamp": "2025-12-04T02:45:58.634164+00:00", "level": "WARN", "service": "ledger", "thread_id": "t-ledger-047", "correlation_id": "live-0124", "trace_id": "trace-live-0124", "span_id": "span-1247", "message": "cache miss spike", "metric": 93.0}
{"timestamp": "2025-12-04T02:45:58.784396+00:00", "level": "INFO", "service": "auth", "thread_id": "t-auth-048", "correlation_id": "live-0124", "trace_id": "trace-live-0124", "span_id": "span-1248", "message": "heartbeat ok", "metric": 92.91}
{"timestamp": "2025-12-04T02:45:58.934560+00:00", "level": "INFO", "service": "api", "thread_id": "t-api-049", "correlation_id": "live-0124", "trace_id": "trace-live-0124", "span_id": "span-1249", "message": "heartbeat ok", "metric": 32.68}
{"timestamp": "2025-12-04T02:45:59.084775+00:00", "level": "INFO", "service": "auth", "thread_id": "t-auth-000", "correlation_id": "live-0125", "trace_id": "trace-live-0125", "span_id": "span-1250", "message": "heartbeat ok", "metric": 60.61}
{"timestamp": "2025-12-04T02:45:59.235058+00:00", "level": "INFO", "service": "auth", "thread_id": "t-auth-001", "correlation_id": "live-0125", "trace_id": "trace-live-0125", "span_id": "span-1251", "message": "heartbeat ok", "metric": 74.62}
{"timestamp": "2025-12-04T02:45:59.385370+00:00", "level": "INFO", "service": "api", "thread_id": "t-api-002", "correlation_id": "live-0125", "trace_id": "trace-live-0125", "span_id": "span-1252", "message": "heartbeat ok", "metric": 55.02}
{"timestamp": "2025-12-04T02:45:59.535591+00:00", "level": "INFO", "service": "search", "thread_id": "t-search-003", "correlation_id": "live-0125", "trace_id": "trace-live-0125", "span_id": "span-1253", "message": "heartbeat ok", "metric": 81.22}
{"timestamp": "2025-12-04T02:45:59.685774+00:00", "level": "INFO", "service": "search", "thread_id": "t-search-004", "correlation_id": "live-0125", "trace_id": "trace-live-0125", "span_id": "span-1254", "message": "heartbeat ok", "metric": 97.62}
{"timestamp": "2025-12-04T02:45:59.835978+00:00", "level": "INFO", "service": "payments", "thread_id": "t-payments-005", "correlation_id": "live-0125", "trace_id": "trace-live-0125", "span_id": "span-1255", "message": "heartbeat ok", "metric": 58.35}
{"timestamp": "2025-12-04T02:45:59.986145+00:00", "level": "INFO", "service": "ledger", "thread_id": "t-ledger-006", "correlation_id": "live-0125", "trace_id": "trace-live-0125", "span_id": "span-1256", "message": "heartbeat ok", "metric": 83.9}
{"timestamp": "2025-12-04T02:46:00.136291+00:00", "level": "INFO", "service": "api", "thread_id": "t-api-007", "correlation_id": "live-0125", "trace_id": "trace-live-0125", "span_id": "span-1257", "message": "heartbeat ok", "metric": 34.76}
{"timestamp": "2025-12-04T02:46:00.286527+00:00", "level": "INFO", "service": "api", "thread_id": "t-api-008", "correlation_id": "live-0125", "trace_id": "trace-live-0125", "span_id": "span-1258", "message": "heartbeat ok", "metric": 41.51}
{"timestamp": "2025-12-04T02:46:00.436784+00:00", "level": "INFO", "service": "payments", "thread_id": "t-payments-009", "correlation_id": "live-0125", "trace_id": "trace-live-0125", "span_id": "span-1259", "message": "heartbeat ok", "metric": 75.11}
{"timestamp": "2025-12-04T02:46:00.587011+00:00", "level": "INFO", "service": "payments", "thread_id": "t-payments-010", "correlation_id": "live-0126", "trace_id": "trace-live-0126", "span_id": "span-1260", "message": "heartbeat ok", "metric": 60.93}
{"timestamp": "2025-12-04T02:46:00.737175+00:00", "level": "INFO", "service": "payments", "thread_id": "t-payments-011", "correlation_id": "live-0126", "trace_id": "trace-live-0126", "span_id": "span-1261", "message": "heartbeat ok", "metric": 33.8}
{"timestamp": "2025-12-04T02:46:00.887439+00:00", "level": "INFO", "service": "payments", "thread_id": "t-payments-012", "correlation_id": "live-0126", "trace_id": "trace-live-0126", "span_id": "span-1262", "message": "heartbeat ok", "metric": 51.54}
{"timestamp": "2025-12-04T02:46:01.037760+00:00", "level": "INFO", "service": "search", "thread_id": "t-search-013", "correlation_id": "live-0126", "trace_id": "trace-live-0126", "span_id": "span-1263", "message": "heartbeat ok", "metric": 97.61}
{"timestamp": "2025-12-04T02:46:01.188031+00:00", "level": "WARN", "service": "ledger", "thread_id": "t-ledger-014", "correlation_id": "live-0126", "trace_id": "trace-live-0126", "span_id": "span-1264", "message": "cache miss spike", "metric": 7.51}
{"timestamp": "2025-12-04T02:46:01.338229+00:00", "level": "INFO", "service": "payments", "thread_id": "t-payments-015", "correlation_id": "live-0126", "trace_id": "trace-live-0126", "span_id": "span-1265", "message": "heartbeat ok", "metric": 1.6}
{"timestamp": "2025-12-04T02:46:01.488469+00:00", "level": "INFO", "service": "ledger", "thread_id": "t-ledger-016", "correlation_id": "live-0126", "trace_id": "trace-live-0126", "span_id": "span-1266", "message": "heartbeat ok", "metric": 44.95}
{"timestamp": "2025-12-04T02:46:01.638660+00:00", "level": "INFO", "service": "api", "thread_id": "t-api-017", "correlation_id": "live-0126", "trace_id": "trace-live-0126", "span_id": "span-1267", "message": "heartbeat ok", "metric": 56.35}
{"timestamp": "2025-12-04T02:46:01.788836+00:00", "level": "INFO", "service": "ledger", "thread_id": "t-ledger-018", "correlation_id": "live-0126", "trace_id": "trace-live-0126", "span_id": "span-1268", "message": "heartbeat ok", "metric": 30.86}
{"timestamp": "2025-12-04T02:46:01.939002+00:00", "level": "INFO", "service": "ledger", "thread_id": "t-ledger-019", "correlation_id": "live-0126", "trace_id": "trace-live-0126", "span_id": "span-1269", "message": "heartbeat ok", "metric": 35.14}
{"timestamp": "2025-12-04T02:46:02.089182+00:00", "level": "INFO", "service": "api", "thread_id": "t-api-020", "correlation_id": "live-0127", "trace_id": "trace-live-0127", "span_id": "span-1270", "message": "heartbeat ok", "metric": 53.89}
{"timestamp": "2025-12-04T02:46:02.239370+00:00", "level": "INFO", "service": "ledger", "thread_id": "t-ledger-021", "correlation_id": "live-0127", "trace_id": "trace-live-0127", "span_id": "span-1271", "message": "heartbeat ok", "metric": 59.07}
{"timestamp": "2025-12-04T02:46:02.389649+00:00", "level": "INFO", "service": "search", "thread_id": "t-search-022", "correlation_id": "live-0127", "trace_id": "trace-live-0127", "span_id": "span-1272", "message": "heartbeat ok", "metric": 94.19}
{"timestamp": "2025-12-04T02:46:02.539947+00:00", "level": "INFO", "service": "api", "thread_id": "t-api-023", "correlation_id": "live-0127", "trace_id": "trace-live-0127", "span_id": "span-1273", "message": "heartbeat ok", "metric": 5.98}
{"timestamp": "2025-12-04T02:46:02.690195+00:00", "level": "INFO", "service": "search", "thread_id": "t-search-024", "correlation_id": "live-0127", "trace_id": "trace-live-0127", "span_id": "span-1274", "message": "heartbeat ok", "metric": 47.36}
{"timestamp": "2025-12-04T02:46:02.840458+00:00", "level": "INFO", "service": "api", "thread_id": "t-api-025", "correlation_id": "live-0127", "trace_id": "trace-live-0127", "span_id": "span-1275", "message": "heartbeat ok", "metric": 93.41}
{"timestamp": "2025-12-04T02:46:02.990725+00:00", "level": "INFO", "service": "payments", "thread_id": "t-payments-026", "correlation_id": "live-0127", "trace_id": "trace-live-0127", "span_id": "span-1276", "message": "heartbeat ok", "metric": 42.89}
{"timestamp": "2025-12-04T02:46:03.140930+00:00", "level": "INFO", "service": "search", "thread_id": "t-search-027", "correlation_id": "live-0127", "trace_id": "trace-live-0127", "span_id": "span-1277", "message": "heartbeat ok", "metric": 27.18}
{"timestamp": "2025-12-04T02:46:03.291125+00:00", "level": "WARN", "service": "payments", "thread_id": "t-payments-028", "correlation_id": "live-0127", "trace_id": "trace-live-0127", "span_id": "span-1278", "message": "cache miss spike", "metric": 30.88}
{"timestamp": "2025-12-04T02:46:03.441360+00:00", "level": "WARN", "service": "search", "thread_id": "t-search-029", "correlation_id": "live-0127", "trace_id": "trace-live-0127", "span_id": "span-1279", "message": "cache miss spike", "metric": 64.72}
{"timestamp": "2025-12-04T02:46:03.591572+00:00", "level": "INFO", "service": "api", "thread_id": "t-api-030", "correlation_id": "live-0128", "trace_id": "trace-live-0128", "span_id": "span-1280", "message": "heartbeat ok", "metric": 22.02}
{"timestamp": "2025-12-04T02:46:03.741780+00:00", "level": "ERROR", "service": "payments", "thread_id": "t-payments-031", "correlation_id": "live-0128", "trace_id": "trace-live-0128", "span_id": "span-1281", "message": "Database timeout", "metric": 3.36}
{"timestamp": "2025-12-04T02:46:03.892022+00:00", "level": "INFO", "service": "payments", "thread_id": "t-payments-032", "correlation_id": "live-0128", "trace_id": "trace-live-0128", "span_id": "span-1282", "message": "heartbeat ok", "metric": 28.26}
{"timestamp": "2025-12-04T02:46:04.042251+00:00", "level": "INFO", "service": "api", "thread_id": "t-api-033", "correlation_id": "live-0128", "trace_id": "trace-live-0128", "span_id": "span-1283", "message": "heartbeat ok", "metric": 95.9}
{"timestamp": "2025-12-04T02:46:04.192513+00:00", "level": "INFO", "service": "ledger", "thread_id": "t-ledger-034", "correlation_id": "live-0128", "trace_id": "trace-live-0128", "span_id": "span-1284", "message": "heartbeat ok", "metric": 9.34}
{"timestamp": "2025-12-04T02:46:04.342808+00:00", "level": "INFO", "service": "payments", "thread_id": "t-payments-035", "correlation_id": "live-0128", "trace_id": "trace-live-0128", "span_id": "span-1285", "message": "heartbeat ok", "metric": 80.87}
{"timestamp": "2025-12-04T02:46:04.493090+00:00", "level": "INFO", "service": "ledger", "thread_id": "t-ledger-036", "correlation_id": "live-0128", "trace_id": "trace-live-0128", "span_id": "span-1286", "message": "heartbeat ok", "metric": 67.06}
{"timestamp": "2025-12-04T02:46:04.643373+00:00", "level": "INFO", "service": "search", "thread_id": "t-search-037", "correlation_id": "live-0128", "trace_id": "trace-live-0128", "span_id": "span-1287", "message": "heartbeat ok", "metric": 96.09}
{"timestamp": "2025-12-04T02:46:04.793589+00:00", "level": "ERROR", "service": "api", "thread_id": "t-api-038", "correlation_id": "live-0128", "trace_id": "trace-live-0128", "span_id": "span-1288", "message": "Database timeout", "metric": 85.39}
{"timestamp": "2025-12-04T02:46:04.943755+00:00", "level": "INFO", "service": "search", "thread_id": "t-search-039", "correlation_id": "live-0128", "trace_id": "trace-live-0128", "span_id": "span-1289", "message": "heartbeat ok", "metric": 97.17}
{"timestamp": "2025-12-04T02:46:05.093966+00:00", "level": "ERROR", "service": "payments", "thread_id": "t-payments-040", "correlation_id": "live-0129", "trace_id": "trace-live-0129", "span_id": "span-1290", "message": "Database timeout", "metric": 61.27}
{"timestamp": "2025-12-04T02:46:05.244155+00:00", "level": "INFO", "service": "ledger", "thread_id": "t-ledger-041", "correlation_id": "live-0129", "trace_id": "trace-live-0129", "span_id": "span-1291", "message": "heartbeat ok", "metric": 3.54}
{"timestamp": "2025-12-04T02:46:05.394309+00:00", "level": "WARN", "service": "api", "thread_id": "t-api-042", "correlation_id": "live-0129", "trace_id": "trace-live-0129", "span_id": "span-1292", "message": "cache miss spike", "metric": 83.28}
{"timestamp": "2025-12-04T02:46:05.544572+00:00", "level": "INFO", "service": "search", "thread_id": "t-search-043", "correlation_id": "live-0129", "trace_id": "trace-live-0129", "span_id": "span-1293", "message": "heartbeat ok", "metric": 26.81}
{"timestamp": "2025-12-04T02:46:05.694892+00:00", "level": "INFO", "service": "ledger", "thread_id": "t-ledger-044", "correlation_id": "live-0129", "trace_id": "trace-live-0129", "span_id": "span-1294", "message": "heartbeat ok", "metric": 11.87}
{"timestamp": "2025-12-04T02:46:05.845126+00:00", "level": "INFO", "service": "api", "thread_id": "t-api-045", "correlation_id": "live-0129", "trace_id": "trace-live-0129", "span_id": "span-1295", "message": "heartbeat ok", "metric": 79.63}
{"timestamp": "2025-12-04T02:46:05.995338+00:00", "level": "INFO", "service": "ledger", "thread_id": "t-ledger-046", "correlation_id": "live-0129", "trace_id": "trace-live-0129", "span_id": "span-1296", "message": "heartbeat ok", "metric": 58.81}
{"timestamp": "2025-12-04T02:46:06.145534+00:00", "level": "INFO", "service": "payments", "thread_id": "t-payments-047", "correlation_id": "live-0129", "trace_id": "trace-live-0129", "span_id": "span-1297", "message": "heartbeat ok", "metric": 38.88}
{"timestamp": "2025-12-04T02:46:06.295710+00:00", "level": "ERROR", "service": "api", "thread_id": "t-api-048", "correlation_id": "live-0129", "trace_id": "trace-live-0129", "span_id": "span-1298", "message": "Database timeout", "metric": 39.34}
{"timestamp": "2025-12-04T02:46:06.445965+00:00", "level": "INFO", "service": "api", "thread_id": "t-api-049", "correlation_id": "live-0129", "trace_id": "trace-live-0129", "span_id": "span-1299", "message": "heartbeat ok", "metric": 22.51}
{"timestamp": "2025-12-04T02:46:06.596181+00:00", "level": "WARN", "service": "api", "thread_id": "t-api-000", "correlation_id": "live-0130", "trace_id": "trace-live-0130", "span_id": "span-1300", "message": "cache miss spike", "metric": 71.77}
{"timestamp": "2025-12-04T02:46:06.746338+00:00", "level": "INFO", "service": "search", "thread_id": "t-search-001", "correlation_id": "live-0130", "trace_id": "trace-live-0130", "span_id": "span-1301", "message": "heartbeat ok", "metric": 3.68}
{"timestamp": "2025-12-04T02:46:06.896501+00:00", "level": "INFO", "service": "payments", "thread_id": "t-payments-002", "correlation_id": "live-0130", "trace_id": "trace-live-0130", "span_id": "span-1302", "message": "heartbeat ok", "metric": 64.31}
{"timestamp": "2025-12-04T02:46:07.046675+00:00", "level": "INFO", "service": "payments", "thread_id": "t-payments-003", "correlation_id": "live-0130", "trace_id": "trace-live-0130", "span_id": "span-1303", "message": "heartbeat ok", "metric": 73.59}
{"timestamp": "2025-12-04T02:46:07.196873+00:00", "level": "INFO", "service": "api", "thread_id": "t-api-004", "correlation_id": "live-0130", "trace_id": "trace-live-0130", "span_id": "span-1304", "message": "heartbeat ok", "metric": 10.44}
{"timestamp": "2025-12-04T02:46:07.347059+00:00", "level": "WARN", "service": "search", "thread_id": "t-search-005", "correlation_id": "live-0130", "trace_id": "trace-live-0130", "span_id": "span-1305", "message": "cache miss spike", "metric": 30.97}
{"timestamp": "2025-12-04T02:46:07.497260+00:00", "level": "INFO", "service": "auth", "thread_id": "t-auth-006", "correlation_id": "live-0130", "trace_id": "trace-live-0130", "span_id": "span-1306", "message": "heartbeat ok", "metric": 19.17}
{"timestamp": "2025-12-04T02:46:07.647419+00:00", "level": "INFO", "service": "auth", "thread_id": "t-auth-007", "correlation_id": "live-0130", "trace_id": "trace-live-0130", "span_id": "span-1307", "message": "heartbeat ok", "metric": 11.89}
{"timestamp": "2025-12-04T02:46:07.797584+00:00", "level": "INFO", "service": "api", "thread_id": "t-api-008", "correlation_id": "live-0130", "trace_id": "trace-live-0130", "span_id": "span-1308", "message": "heartbeat ok", "metric": 45.79}
{"timestamp": "2025-12-04T02:46:07.947770+00:00", "level": "INFO", "service": "api", "thread_id": "t-api-009", "correlation_id": "live-0130", "trace_id": "trace-live-0130", "span_id": "span-1309", "message": "heartbeat ok", "metric": 67.61}
{"timestamp": "2025-12-04T02:46:08.097968+00:00", "level": "INFO", "service": "api", "thread_id": "t-api-010", "correlation_id": "live-0131", "trace_id": "trace-live-0131", "span_id": "span-1310", "message": "heartbeat ok", "metric": 44.86}
{"timestamp": "2025-12-04T02:46:08.248171+00:00", "level": "ERROR", "service": "payments", "thread_id": "t-payments-011", "correlation_id": "live-0131", "trace_id": "trace-live-0131", "span_id": "span-1311", "message": "Database timeout", "metric": 80.4}
{"timestamp": "2025-12-04T02:46:08.398343+00:00", "level": "WARN", "service": "payments", "thread_id": "t-payments-012", "correlation_id": "live-0131", "trace_id": "trace-live-0131", "span_id": "span-1312", "message": "cache miss spike", "metric": 37.57}
{"timestamp": "2025-12-04T02:46:08.548552+00:00", "level": "ERROR", "service": "ledger", "thread_id": "t-ledger-013", "correlation_id": "live-0131", "trace_id": "trace-live-0131", "span_id": "span-1313", "message": "Database timeout", "metric": 13.32}
{"timestamp": "2025-12-04T02:46:08.698718+00:00", "level": "INFO", "service": "auth", "thread_id": "t-auth-014", "correlation_id": "live-0131", "trace_id": "trace-live-0131", "span_id": "span-1314", "message": "heartbeat ok", "metric": 26.76}
{"timestamp": "2025-12-04T02:46:08.848911+00:00", "level": "WARN", "service": "api", "thread_id": "t-api-015", "correlation_id": "live-0131", "trace_id": "trace-live-0131", "span_id": "span-1315", "message": "cache miss spike", "metric": 69.29}
{"timestamp": "2025-12-04T02:46:08.999121+00:00", "level": "INFO", "service": "api", "thread_id": "t-api-016", "correlation_id": "live-0131", "trace_id": "trace-live-0131", "span_id": "span-1316", "message": "heartbeat ok", "metric": 9.22}
{"timestamp": "2025-12-04T02:46:09.149378+00:00", "level": "INFO", "service": "search", "thread_id": "t-search-017", "correlation_id": "live-0131", "trace_id": "trace-live-0131", "span_id": "span-1317", "message": "heartbeat ok", "metric": 72.36}
{"timestamp": "2025-12-04T02:46:09.299543+00:00", "level": "WARN", "service": "payments", "thread_id": "t-payments-018", "correlation_id": "live-0131", "trace_id": "trace-live-0131", "span_id": "span-1318", "message": "cache miss spike", "metric": 94.38}
{"timestamp": "2025-12-04T02:46:09.449713+00:00", "level": "INFO", "service": "ledger", "thread_id": "t-ledger-019", "correlation_id": "live-0131", "trace_id": "trace-live-0131", "span_id": "span-1319", "message": "heartbeat ok", "metric": 10.67}
{"timestamp": "2025-12-04T02:46:09.599874+00:00", "level": "INFO", "service": "auth", "thread_id": "t-auth-020", "correlation_id": "live-0132", "trace_id": "trace-live-0132", "span_id": "span-1320", "message": "heartbeat ok", "metric": 92.89}
{"timestamp": "2025-12-04T02:46:09.750096+00:00", "level": "INFO", "service": "auth", "thread_id": "t-auth-021", "correlation_id": "live-0132", "trace_id": "trace-live-0132", "span_id": "span-1321", "message": "heartbeat ok", "metric": 2.02}
{"timestamp": "2025-12-04T02:46:09.900251+00:00", "level": "WARN", "service": "ledger", "thread_id": "t-ledger-022", "correlation_id": "live-0132", "trace_id": "trace-live-0132", "span_id": "span-1322", "message": "cache miss spike", "metric": 61.12}
{"timestamp": "2025-12-04T02:46:10.050416+00:00", "level": "INFO", "service": "ledger", "thread_id": "t-ledger-023", "correlation_id": "live-0132", "trace_id": "trace-live-0132", "span_id": "span-1323", "message": "heartbeat ok", "metric": 71.62}
{"timestamp": "2025-12-04T02:46:10.200618+00:00", "level": "INFO", "service": "api", "thread_id": "t-api-024", "correlation_id": "live-0132", "trace_id": "trace-live-0132", "span_id": "span-1324", "message": "heartbeat ok", "metric": 60.5}
{"timestamp": "2025-12-04T02:46:10.350782+00:00", "level": "INFO", "service": "ledger", "thread_id": "t-ledger-025", "correlation_id": "live-0132", "trace_id": "trace-live-0132", "span_id": "span-1325", "message": "heartbeat ok", "metric": 2.44}
{"timestamp": "2025-12-04T02:46:10.500991+00:00", "level": "INFO", "service": "search", "thread_id": "t-search-026", "correlation_id": "live-0132", "trace_id": "trace-live-0132", "span_id": "span-1326", "message": "heartbeat ok", "metric": 76.23}
{"timestamp": "2025-12-04T02:46:10.651210+00:00", "level": "INFO", "service": "auth", "thread_id": "t-auth-027", "correlation_id": "live-0132", "trace_id": "trace-live-0132", "span_id": "span-1327", "message": "heartbeat ok", "metric": 95.3}
{"timestamp": "2025-12-04T02:46:10.801373+00:00", "level": "INFO", "service": "ledger", "thread_id": "t-ledger-028", "correlation_id": "live-0132", "trace_id": "trace-live-0132", "span_id": "span-1328", "message": "heartbeat ok", "metric": 13.27}
{"timestamp": "2025-12-04T02:46:10.951534+00:00", "level": "INFO", "service": "auth", "thread_id": "t-auth-029", "correlation_id": "live-0132", "trace_id": "trace-live-0132", "span_id": "span-1329", "message": "heartbeat ok", "metric": 17.11}
{"timestamp": "2025-12-04T02:46:11.101716+00:00", "level": "INFO", "service": "auth", "thread_id": "t-auth-030", "correlation_id": "live-0133", "trace_id": "trace-live-0133", "span_id": "span-1330", "message": "heartbeat ok", "metric": 9.16}
{"timestamp": "2025-12-04T02:46:11.251886+00:00", "level": "INFO", "service": "auth", "thread_id": "t-auth-031", "correlation_id": "live-0133", "trace_id": "trace-live-0133", "span_id": "span-1331", "message": "heartbeat ok", "metric": 68.85}
{"timestamp": "2025-12-04T02:46:11.402118+00:00", "level": "INFO", "service": "search", "thread_id": "t-search-032", "correlation_id": "live-0133", "trace_id": "trace-live-0133", "span_id": "span-1332", "message": "heartbeat ok", "metric": 93.2}
{"timestamp": "2025-12-04T02:46:11.552330+00:00", "level": "WARN", "service": "payments", "thread_id": "t-payments-033", "correlation_id": "live-0133", "trace_id": "trace-live-0133", "span_id": "span-1333", "message": "cache miss spike", "metric": 50.87}
{"timestamp": "2025-12-04T02:46:11.702557+00:00", "level": "INFO", "service": "payments", "thread_id": "t-payments-034", "correlation_id": "live-0133", "trace_id": "trace-live-0133", "span_id": "span-1334", "message": "heartbeat ok", "metric": 57.77}
{"timestamp": "2025-12-04T02:46:11.852720+00:00", "level": "WARN", "service": "ledger", "thread_id": "t-ledger-035", "correlation_id": "live-0133", "trace_id": "trace-live-0133", "span_id": "span-1335", "message": "cache miss spike", "metric": 45.21}
{"timestamp": "2025-12-04T02:46:12.002904+00:00", "level": "INFO", "service": "ledger", "thread_id": "t-ledger-036", "correlation_id": "live-0133", "trace_id": "trace-live-0133", "span_id": "span-1336", "message": "heartbeat ok", "metric": 3.04}
{"timestamp": "2025-12-04T02:46:12.153091+00:00", "level": "INFO", "service": "auth", "thread_id": "t-auth-037", "correlation_id": "live-0133", "trace_id": "trace-live-0133", "span_id": "span-1337", "message": "heartbeat ok", "metric": 20.27}
{"timestamp": "2025-12-04T02:46:12.303274+00:00", "level": "ERROR", "service": "ledger", "thread_id": "t-ledger-038", "correlation_id": "live-0133", "trace_id": "trace-live-0133", "span_id": "span-1338", "message": "Database timeout", "metric": 97.9}
{"timestamp": "2025-12-04T02:46:12.453453+00:00", "level": "WARN", "service": "ledger", "thread_id": "t-ledger-039", "correlation_id": "live-0133", "trace_id": "trace-live-0133", "span_id": "span-1339", "message": "cache miss spike", "metric": 10.07}
{"timestamp": "2025-12-04T02:46:12.603613+00:00", "level": "INFO", "service": "ledger", "thread_id": "t-ledger-040", "correlation_id": "live-0134", "trace_id": "trace-live-0134", "span_id": "span-1340", "message": "heartbeat ok", "metric": 48.12}
{"timestamp": "2025-12-04T02:46:12.753841+00:00", "level": "INFO", "service": "payments", "thread_id": "t-payments-041", "correlation_id": "live-0134", "trace_id": "trace-live-0134", "span_id": "span-1341", "message": "heartbeat ok", "metric": 8.86}
{"timestamp": "2025-12-04T02:46:12.904074+00:00", "level": "INFO", "service": "auth", "thread_id": "t-auth-042", "correlation_id": "live-0134", "trace_id": "trace-live-0134", "span_id": "span-1342", "message": "heartbeat ok", "metric": 79.86}
{"timestamp": "2025-12-04T02:46:13.054247+00:00", "level": "INFO", "service": "search", "thread_id": "t-search-043", "correlation_id": "live-0134", "trace_id": "trace-live-0134", "span_id": "span-1343", "message": "heartbeat ok", "metric": 42.94}
{"timestamp": "2025-12-04T02:46:13.204401+00:00", "level": "INFO", "service": "ledger", "thread_id": "t-ledger-044", "correlation_id": "live-0134", "trace_id": "trace-live-0134", "span_id": "span-1344", "message": "heartbeat ok", "metric": 67.07}
{"timestamp": "2025-12-04T02:46:13.354563+00:00", "level": "INFO", "service": "auth", "thread_id": "t-auth-045", "correlation_id": "live-0134", "trace_id": "trace-live-0134", "span_id": "span-1345", "message": "heartbeat ok", "metric": 30.24}
{"timestamp": "2025-12-04T02:46:13.504746+00:00", "level": "INFO", "service": "payments", "thread_id": "t-payments-046", "correlation_id": "live-0134", "trace_id": "trace-live-0134", "span_id": "span-1346", "message": "heartbeat ok", "metric": 24.56}
{"timestamp": "2025-12-04T02:46:13.654921+00:00", "level": "INFO", "service": "search", "thread_id": "t-search-047", "correlation_id": "live-0134", "trace_id": "trace-live-0134", "span_id": "span-1347", "message": "heartbeat ok", "metric": 5.48}
{"timestamp": "2025-12-04T02:46:13.805077+00:00", "level": "INFO", "service": "payments", "thread_id": "t-payments-048", "correlation_id": "live-0134", "trace_id": "trace-live-0134", "span_id": "span-1348", "message": "heartbeat ok", "metric": 4.41}
{"timestamp": "2025-12-04T02:46:13.955268+00:00", "level": "INFO", "service": "api", "thread_id": "t-api-049", "correlation_id": "live-0134", "trace_id": "trace-live-0134", "span_id": "span-1349", "message": "heartbeat ok", "metric": 10.48}
{"timestamp": "2025-12-04T02:46:14.105418+00:00", "level": "INFO", "service": "ledger", "thread_id": "t-ledger-000", "correlation_id": "live-0135", "trace_id": "trace-live-0135", "span_id": "span-1350", "message": "heartbeat ok", "metric": 46.47}
{"timestamp": "2025-12-04T02:46:14.255585+00:00", "level": "ERROR", "service": "ledger", "thread_id": "t-ledger-001", "correlation_id": "live-0135", "trace_id": "trace-live-0135", "span_id": "span-1351", "message": "Database timeout", "metric": 58.47}
{"timestamp": "2025-12-04T02:46:14.405704+00:00", "level": "INFO", "service": "api", "thread_id": "t-api-002", "correlation_id": "live-0135", "trace_id": "trace-live-0135", "span_id": "span-1352", "message": "heartbeat ok", "metric": 98.58}
{"timestamp": "2025-12-04T02:46:14.555867+00:00", "level": "WARN", "service": "search", "thread_id": "t-search-003", "correlation_id": "live-0135", "trace_id": "trace-live-0135", "span_id": "span-1353", "message": "cache miss spike", "metric": 45.02}
{"timestamp": "2025-12-04T02:46:14.706162+00:00", "level": "INFO", "service": "payments", "thread_id": "t-payments-004", "correlation_id": "live-0135", "trace_id": "trace-live-0135", "span_id": "span-1354", "message": "heartbeat ok", "metric": 0.54}
{"timestamp": "2025-12-04T02:46:14.856403+00:00", "level": "INFO", "service": "ledger", "thread_id": "t-ledger-005", "correlation_id": "live-0135", "trace_id": "trace-live-0135", "span_id": "span-1355", "message": "heartbeat ok", "metric": 86.3}
{"timestamp": "2025-12-04T02:46:15.006581+00:00", "level": "ERROR", "service": "search", "thread_id": "t-search-006", "correlation_id": "live-0135", "trace_id": "trace-live-0135", "span_id": "span-1356", "message": "Database timeout", "metric": 34.29}
{"timestamp": "2025-12-04T02:46:15.156826+00:00", "level": "WARN", "service": "ledger", "thread_id": "t-ledger-007", "correlation_id": "live-0135", "trace_id": "trace-live-0135", "span_id": "span-1357", "message": "cache miss spike", "metric": 64.2}
{"timestamp": "2025-12-04T02:46:15.307075+00:00", "level": "INFO", "service": "search", "thread_id": "t-search-008", "correlation_id": "live-0135", "trace_id": "trace-live-0135", "span_id": "span-1358", "message": "heartbeat ok", "metric": 67.63}
{"timestamp": "2025-12-04T02:46:15.457356+00:00", "level": "INFO", "service": "ledger", "thread_id": "t-ledger-009", "correlation_id": "live-0135", "trace_id": "trace-live-0135", "span_id": "span-1359", "message": "heartbeat ok", "metric": 88.33}
{"timestamp": "2025-12-04T02:46:15.607517+00:00", "level": "INFO", "service": "api", "thread_id": "t-api-010", "correlation_id": "live-0136", "trace_id": "trace-live-0136", "span_id": "span-1360", "message": "heartbeat ok", "metric": 42.33}
{"timestamp": "2025-12-04T02:46:15.757668+00:00", "level": "INFO", "service": "payments", "thread_id": "t-payments-011", "correlation_id": "live-0136", "trace_id": "trace-live-0136", "span_id": "span-1361", "message": "heartbeat ok", "metric": 96.43}
{"timestamp": "2025-12-04T02:46:15.907868+00:00", "level": "INFO", "service": "ledger", "thread_id": "t-ledger-012", "correlation_id": "live-0136", "trace_id": "trace-live-0136", "span_id": "span-1362", "message": "heartbeat ok", "metric": 51.86}
{"timestamp": "2025-12-04T02:46:16.058099+00:00", "level": "INFO", "service": "payments", "thread_id": "t-payments-013", "correlation_id": "live-0136", "trace_id": "trace-live-0136", "span_id": "span-1363", "message": "heartbeat ok", "metric": 13.91}
{"timestamp": "2025-12-04T02:46:16.208415+00:00", "level": "INFO", "service": "auth", "thread_id": "t-auth-014", "correlation_id": "live-0136", "trace_id": "trace-live-0136", "span_id": "span-1364", "message": "heartbeat ok", "metric": 25.32}
{"timestamp": "2025-12-04T02:46:16.358667+00:00", "level": "INFO", "service": "auth", "thread_id": "t-auth-015", "correlation_id": "live-0136", "trace_id": "trace-live-0136", "span_id": "span-1365", "message": "heartbeat ok", "metric": 65.58}
{"timestamp": "2025-12-04T02:46:16.508971+00:00", "level": "WARN", "service": "api", "thread_id": "t-api-016", "correlation_id": "live-0136", "trace_id": "trace-live-0136", "span_id": "span-1366", "message": "cache miss spike", "metric": 79.8}
{"timestamp": "2025-12-04T02:46:16.659259+00:00", "level": "INFO", "service": "search", "thread_id": "t-search-017", "correlation_id": "live-0136", "trace_id": "trace-live-0136", "span_id": "span-1367", "message": "heartbeat ok", "metric": 13.2}
{"timestamp": "2025-12-04T02:46:16.809459+00:00", "level": "INFO", "service": "auth", "thread_id": "t-auth-018", "correlation_id": "live-0136", "trace_id": "trace-live-0136", "span_id": "span-1368", "message": "heartbeat ok", "metric": 25.82}
{"timestamp": "2025-12-04T02:46:16.959638+00:00", "level": "ERROR", "service": "api", "thread_id": "t-api-019", "correlation_id": "live-0136", "trace_id": "trace-live-0136", "span_id": "span-1369", "message": "Database timeout", "metric": 81.1}
{"timestamp": "2025-12-04T02:46:17.109889+00:00", "level": "INFO", "service": "search", "thread_id": "t-search-020", "correlation_id": "live-0137", "trace_id": "trace-live-0137", "span_id": "span-1370", "message": "heartbeat ok", "metric": 74.93}
{"timestamp": "2025-12-04T02:46:17.260131+00:00", "level": "INFO", "service": "auth", "thread_id": "t-auth-021", "correlation_id": "live-0137", "trace_id": "trace-live-0137", "span_id": "span-1371", "message": "heartbeat ok", "metric": 31.52}
{"timestamp": "2025-12-04T02:46:17.410404+00:00", "level": "INFO", "service": "ledger", "thread_id": "t-ledger-022", "correlation_id": "live-0137", "trace_id": "trace-live-0137", "span_id": "span-1372", "message": "heartbeat ok", "metric": 69.09}
{"timestamp": "2025-12-04T02:46:17.560633+00:00", "level": "ERROR", "service": "api", "thread_id": "t-api-023", "correlation_id": "live-0137", "trace_id": "trace-live-0137", "span_id": "span-1373", "message": "Database timeout", "metric": 10.3}
{"timestamp": "2025-12-04T02:46:17.710865+00:00", "level": "INFO", "service": "search", "thread_id": "t-search-024", "correlation_id": "live-0137", "trace_id": "trace-live-0137", "span_id": "span-1374", "message": "heartbeat ok", "metric": 91.07}
{"timestamp": "2025-12-04T02:46:17.861156+00:00", "level": "ERROR", "service": "auth", "thread_id": "t-auth-025", "correlation_id": "live-0137", "trace_id": "trace-live-0137", "span_id": "span-1375", "message": "Database timeout", "metric": 65.97}
{"timestamp": "2025-12-04T02:46:18.011408+00:00", "level": "INFO", "service": "auth", "thread_id": "t-auth-026", "correlation_id": "live-0137", "trace_id": "trace-live-0137", "span_id": "span-1376", "message": "heartbeat ok", "metric": 10.74}
{"timestamp": "2025-12-04T02:46:18.161696+00:00", "level": "WARN", "service": "payments", "thread_id": "t-payments-027", "correlation_id": "live-0137", "trace_id": "trace-live-0137", "span_id": "span-1377", "message": "cache miss spike", "metric": 27.15}
{"timestamp": "2025-12-04T02:46:18.311935+00:00", "level": "INFO", "service": "api", "thread_id": "t-api-028", "correlation_id": "live-0137", "trace_id": "trace-live-0137", "span_id": "span-1378", "message": "heartbeat ok", "metric": 82.23}
{"timestamp": "2025-12-04T02:46:18.462086+00:00", "level": "WARN", "service": "api", "thread_id": "t-api-029", "correlation_id": "live-0137", "trace_id": "trace-live-0137", "span_id": "span-1379", "message": "cache miss spike", "metric": 56.21}
{"timestamp": "2025-12-04T02:46:18.612295+00:00", "level": "INFO", "service": "auth", "thread_id": "t-auth-030", "correlation_id": "live-0138", "trace_id": "trace-live-0138", "span_id": "span-1380", "message": "heartbeat ok", "metric": 6.38}
{"timestamp": "2025-12-04T02:46:18.762565+00:00", "level": "INFO", "service": "auth", "thread_id": "t-auth-031", "correlation_id": "live-0138", "trace_id": "trace-live-0138", "span_id": "span-1381", "message": "heartbeat ok", "metric": 80.36}
{"timestamp": "2025-12-04T02:46:18.912845+00:00", "level": "WARN", "service": "auth", "thread_id": "t-auth-032", "correlation_id": "live-0138", "trace_id": "trace-live-0138", "span_id": "span-1382", "message": "cache miss spike", "metric": 62.52}
{"timestamp": "2025-12-04T02:46:19.063090+00:00", "level": "INFO", "service": "payments", "thread_id": "t-payments-033", "correlation_id": "live-0138", "trace_id": "trace-live-0138", "span_id": "span-1383", "message": "heartbeat ok", "metric": 79.05}
{"timestamp": "2025-12-04T02:46:19.213301+00:00", "level": "WARN", "service": "ledger", "thread_id": "t-ledger-034", "correlation_id": "live-0138", "trace_id": "trace-live-0138", "span_id": "span-1384", "message": "cache miss spike", "metric": 77.06}
{"timestamp": "2025-12-04T02:46:19.363534+00:00", "level": "INFO", "service": "payments", "thread_id": "t-payments-035", "correlation_id": "live-0138", "trace_id": "trace-live-0138", "span_id": "span-1385", "message": "heartbeat ok", "metric": 81.05}
{"timestamp": "2025-12-04T02:46:19.513834+00:00", "level": "WARN", "service": "payments", "thread_id": "t-payments-036", "correlation_id": "live-0138", "trace_id": "trace-live-0138", "span_id": "span-1386", "message": "cache miss spike", "metric": 95.16}
{"timestamp": "2025-12-04T02:46:19.664127+00:00", "level": "INFO", "service": "ledger", "thread_id": "t-ledger-037", "correlation_id": "live-0138", "trace_id": "trace-live-0138", "span_id": "span-1387", "message": "heartbeat ok", "metric": 23.41}
{"timestamp": "2025-12-04T02:46:19.814392+00:00", "level": "WARN", "service": "payments", "thread_id": "t-payments-038", "correlation_id": "live-0138", "trace_id": "trace-live-0138", "span_id": "span-1388", "message": "cache miss spike", "metric": 22.91}
{"timestamp": "2025-12-04T02:46:19.964631+00:00", "level": "INFO", "service": "api", "thread_id": "t-api-039", "correlation_id": "live-0138", "trace_id": "trace-live-0138", "span_id": "span-1389", "message": "heartbeat ok", "metric": 78.37}
{"timestamp": "2025-12-04T02:46:20.114845+00:00", "level": "INFO", "service": "auth", "thread_id": "t-auth-040", "correlation_id": "live-0139", "trace_id": "trace-live-0139", "span_id": "span-1390", "message": "heartbeat ok", "metric": 32.69}
{"timestamp": "2025-12-04T02:46:20.265093+00:00", "level": "WARN", "service": "auth", "thread_id": "t-auth-041", "correlation_id": "live-0139", "trace_id": "trace-live-0139", "span_id": "span-1391", "message": "cache miss spike", "metric": 5.02}
{"timestamp": "2025-12-04T02:46:20.415269+00:00", "level": "INFO", "service": "ledger", "thread_id": "t-ledger-042", "correlation_id": "live-0139", "trace_id": "trace-live-0139", "span_id": "span-1392", "message": "heartbeat ok", "metric": 41.19}
{"timestamp": "2025-12-04T02:46:20.565488+00:00", "level": "ERROR", "service": "api", "thread_id": "t-api-043", "correlation_id": "live-0139", "trace_id": "trace-live-0139", "span_id": "span-1393", "message": "Database timeout", "metric": 75.31}
{"timestamp": "2025-12-04T02:46:20.715751+00:00", "level": "INFO", "service": "api", "thread_id": "t-api-044", "correlation_id": "live-0139", "trace_id": "trace-live-0139", "span_id": "span-1394", "message": "heartbeat ok", "metric": 17.65}
{"timestamp": "2025-12-04T02:46:20.866001+00:00", "level": "INFO", "service": "payments", "thread_id": "t-payments-045", "correlation_id": "live-0139", "trace_id": "trace-live-0139", "span_id": "span-1395", "message": "heartbeat ok", "metric": 13.94}
{"timestamp": "2025-12-04T02:46:21.016202+00:00", "level": "INFO", "service": "search", "thread_id": "t-search-046", "correlation_id": "live-0139", "trace_id": "trace-live-0139", "span_id": "span-1396", "message": "heartbeat ok", "metric": 79.88}
{"timestamp": "2025-12-04T02:46:21.166392+00:00", "level": "INFO", "service": "api", "thread_id": "t-api-047", "correlation_id": "live-0139", "trace_id": "trace-live-0139", "span_id": "span-1397", "message": "heartbeat ok", "metric": 54.59}
{"timestamp": "2025-12-04T02:46:21.316597+00:00", "level": "WARN", "service": "api", "thread_id": "t-api-048", "correlation_id": "live-0139", "trace_id": "trace-live-0139", "span_id": "span-1398", "message": "cache miss spike", "metric": 63.49}
{"timestamp": "2025-12-04T02:46:21.466783+00:00", "level": "INFO", "service": "search", "thread_id": "t-search-049", "correlation_id": "live-0139", "trace_id": "trace-live-0139", "span_id": "span-1399", "message": "heartbeat ok", "metric": 60.45}
{"timestamp": "2025-12-04T02:46:21.616943+00:00", "level": "INFO", "service": "payments", "thread_id": "t-payments-000", "correlation_id": "live-0140", "trace_id": "trace-live-0140", "span_id": "span-1400", "message": "heartbeat ok", "metric": 0.06}
{"timestamp": "2025-12-04T02:46:21.767125+00:00", "level": "ERROR", "service": "ledger", "thread_id": "t-ledger-001", "correlation_id": "live-0140", "trace_id": "trace-live-0140", "span_id": "span-1401", "message": "Database timeout", "metric": 60.1}
{"timestamp": "2025-12-04T02:46:21.917383+00:00", "level": "INFO", "service": "payments", "thread_id": "t-payments-002", "correlation_id": "live-0140", "trace_id": "trace-live-0140", "span_id": "span-1402", "message": "heartbeat ok", "metric": 45.5}
{"timestamp": "2025-12-04T02:46:22.067637+00:00", "level": "WARN", "service": "search", "thread_id": "t-search-003", "correlation_id": "live-0140", "trace_id": "trace-live-0140", "span_id": "span-1403", "message": "cache miss spike", "metric": 91.44}
{"timestamp": "2025-12-04T02:46:22.217970+00:00", "level": "INFO", "service": "search", "thread_id": "t-search-004", "correlation_id": "live-0140", "trace_id": "trace-live-0140", "span_id": "span-1404", "message": "heartbeat ok", "metric": 41.93}
{"timestamp": "2025-12-04T02:46:22.368183+00:00", "level": "INFO", "service": "ledger", "thread_id": "t-ledger-005", "correlation_id": "live-0140", "trace_id": "trace-live-0140", "span_id": "span-1405", "message": "heartbeat ok", "metric": 48.49}
{"timestamp": "2025-12-04T02:46:22.518342+00:00", "level": "INFO", "service": "search", "thread_id": "t-search-006", "correlation_id": "live-0140", "trace_id": "trace-live-0140", "span_id": "span-1406", "message": "heartbeat ok", "metric": 44.13}
{"timestamp": "2025-12-04T02:46:22.668593+00:00", "level": "INFO", "service": "search", "thread_id": "t-search-007", "correlation_id": "live-0140", "trace_id": "trace-live-0140", "span_id": "span-1407", "message": "heartbeat ok", "metric": 70.64}
{"timestamp": "2025-12-04T02:46:22.818878+00:00", "level": "INFO", "service": "auth", "thread_id": "t-auth-008", "correlation_id": "live-0140", "trace_id": "trace-live-0140", "span_id": "span-1408", "message": "heartbeat ok", "metric": 68.62}
{"timestamp": "2025-12-04T02:46:22.969129+00:00", "level": "INFO", "service": "ledger", "thread_id": "t-ledger-009", "correlation_id": "live-0140", "trace_id": "trace-live-0140", "span_id": "span-1409", "message": "heartbeat ok", "metric": 25.3}
{"timestamp": "2025-12-04T02:46:23.119364+00:00", "level": "INFO", "service": "payments", "thread_id": "t-payments-010", "correlation_id": "live-0141", "trace_id": "trace-live-0141", "span_id": "span-1410", "message": "heartbeat ok", "metric": 48.9}
{"timestamp": "2025-12-04T02:46:23.269542+00:00", "level": "INFO", "service": "api", "thread_id": "t-api-011", "correlation_id": "live-0141", "trace_id": "trace-live-0141", "span_id": "span-1411", "message": "heartbeat ok", "metric": 2.82}
{"timestamp": "2025-12-04T02:46:23.419784+00:00", "level": "ERROR", "service": "api", "thread_id": "t-api-012", "correlation_id": "live-0141", "trace_id": "trace-live-0141", "span_id": "span-1412", "message": "Database timeout", "metric": 77.3}
{"timestamp": "2025-12-04T02:46:23.570041+00:00", "level": "INFO", "service": "payments", "thread_id": "t-payments-013", "correlation_id": "live-0141", "trace_id": "trace-live-0141", "span_id": "span-1413", "message": "heartbeat ok", "metric": 12.43}
{"timestamp": "2025-12-04T02:46:23.720267+00:00", "level": "WARN", "service": "ledger", "thread_id": "t-ledger-014", "correlation_id": "live-0141", "trace_id": "trace-live-0141", "span_id": "span-1414", "message": "cache miss spike", "metric": 49.84}
{"timestamp": "2025-12-04T02:46:23.870533+00:00", "level": "INFO", "service": "ledger", "thread_id": "t-ledger-015", "correlation_id": "live-0141", "trace_id": "trace-live-0141", "span_id": "span-1415", "message": "heartbeat ok", "metric": 59.25}
{"timestamp": "2025-12-04T02:46:24.020728+00:00", "level": "WARN", "service": "payments", "thread_id": "t-payments-016", "correlation_id": "live-0141", "trace_id": "trace-live-0141", "span_id": "span-1416", "message": "cache miss spike", "metric": 90.17}
{"timestamp": "2025-12-04T02:46:24.170951+00:00", "level": "WARN", "service": "payments", "thread_id": "t-payments-017", "correlation_id": "live-0141", "trace_id": "trace-live-0141", "span_id": "span-1417", "message": "cache miss spike", "metric": 73.01}
{"timestamp": "2025-12-04T02:46:24.321210+00:00", "level": "WARN", "service": "search", "thread_id": "t-search-018", "correlation_id": "live-0141", "trace_id": "trace-live-0141", "span_id": "span-1418", "message": "cache miss spike", "metric": 45.45}
{"timestamp": "2025-12-04T02:46:24.471555+00:00", "level": "INFO", "service": "search", "thread_id": "t-search-019", "correlation_id": "live-0141", "trace_id": "trace-live-0141", "span_id": "span-1419", "message": "heartbeat ok", "metric": 33.52}
{"timestamp": "2025-12-04T02:46:24.621819+00:00", "level": "INFO", "service": "auth", "thread_id": "t-auth-020", "correlation_id": "live-0142", "trace_id": "trace-live-0142", "span_id": "span-1420", "message": "heartbeat ok", "metric": 9.81}
{"timestamp": "2025-12-04T02:46:24.771993+00:00", "level": "INFO", "service": "auth", "thread_id": "t-auth-021", "correlation_id": "live-0142", "trace_id": "trace-live-0142", "span_id": "span-1421", "message": "heartbeat ok", "metric": 66.27}
{"timestamp": "2025-12-04T02:46:24.922151+00:00", "level": "INFO", "service": "api", "thread_id": "t-api-022", "correlation_id": "live-0142", "trace_id": "trace-live-0142", "span_id": "span-1422", "message": "heartbeat ok", "metric": 17.1}
{"timestamp": "2025-12-04T02:46:25.072338+00:00", "level": "INFO", "service": "auth", "thread_id": "t-auth-023", "correlation_id": "live-0142", "trace_id": "trace-live-0142", "span_id": "span-1423", "message": "heartbeat ok", "metric": 51.72}
{"timestamp": "2025-12-04T02:46:25.222549+00:00", "level": "INFO", "service": "payments", "thread_id": "t-payments-024", "correlation_id": "live-0142", "trace_id": "trace-live-0142", "span_id": "span-1424", "message": "heartbeat ok", "metric": 44.26}
{"timestamp": "2025-12-04T02:46:25.372756+00:00", "level": "INFO", "service": "api", "thread_id": "t-api-025", "correlation_id": "live-0142", "trace_id": "trace-live-0142", "span_id": "span-1425", "message": "heartbeat ok", "metric": 73.6}
{"timestamp": "2025-12-04T02:46:25.522951+00:00", "level": "INFO", "service": "ledger", "thread_id": "t-ledger-026", "correlation_id": "live-0142", "trace_id": "trace-live-0142", "span_id": "span-1426", "message": "heartbeat ok", "metric": 84.06}
{"timestamp": "2025-12-04T02:46:25.673191+00:00", "level": "INFO", "service": "auth", "thread_id": "t-auth-027", "correlation_id": "live-0142", "trace_id": "trace-live-0142", "span_id": "span-1427", "message": "heartbeat ok", "metric": 47.15}
{"timestamp": "2025-12-04T02:46:25.823484+00:00", "level": "ERROR", "service": "search", "thread_id": "t-search-028", "correlation_id": "live-0142", "trace_id": "trace-live-0142", "span_id": "span-1428", "message": "Database timeout", "metric": 39.8}
{"timestamp": "2025-12-04T02:46:25.973725+00:00", "level": "INFO", "service": "api", "thread_id": "t-api-029", "correlation_id": "live-0142", "trace_id": "trace-live-0142", "span_id": "span-1429", "message": "heartbeat ok", "metric": 25.86}
{"timestamp": "2025-12-04T02:46:26.123941+00:00", "level": "WARN", "service": "auth", "thread_id": "t-auth-030", "correlation_id": "live-0143", "trace_id": "trace-live-0143", "span_id": "span-1430", "message": "cache miss spike", "metric": 52.86}
{"timestamp": "2025-12-04T02:46:26.274184+00:00", "level": "INFO", "service": "payments", "thread_id": "t-payments-031", "correlation_id": "live-0143", "trace_id": "trace-live-0143", "span_id": "span-1431", "message": "heartbeat ok", "metric": 80.05}
{"timestamp": "2025-12-04T02:46:26.424442+00:00", "level": "INFO", "service": "api", "thread_id": "t-api-032", "correlation_id": "live-0143", "trace_id": "trace-live-0143", "span_id": "span-1432", "message": "heartbeat ok", "metric": 42.82}
{"timestamp": "2025-12-04T02:46:26.574608+00:00", "level": "WARN", "service": "api", "thread_id": "t-api-033", "correlation_id": "live-0143", "trace_id": "trace-live-0143", "span_id": "span-1433", "message": "cache miss spike", "metric": 49.94}
{"timestamp": "2025-12-04T02:46:26.724801+00:00", "level": "ERROR", "service": "search", "thread_id": "t-search-034", "correlation_id": "live-0143", "trace_id": "trace-live-0143", "span_id": "span-1434", "message": "Database timeout", "metric": 94.38}
{"timestamp": "2025-12-04T02:46:26.875001+00:00", "level": "INFO", "service": "ledger", "thread_id": "t-ledger-035", "correlation_id": "live-0143", "trace_id": "trace-live-0143", "span_id": "span-1435", "message": "heartbeat ok", "metric": 29.59}
{"timestamp": "2025-12-04T02:46:27.025233+00:00", "level": "INFO", "service": "search", "thread_id": "t-search-036", "correlation_id": "live-0143", "trace_id": "trace-live-0143", "span_id": "span-1436", "message": "heartbeat ok", "metric": 45.56}
{"timestamp": "2025-12-04T02:46:27.175541+00:00", "level": "ERROR", "service": "payments", "thread_id": "t-payments-037", "correlation_id": "live-0143", "trace_id": "trace-live-0143", "span_id": "span-1437", "message": "Database timeout", "metric": 83.99}
{"timestamp": "2025-12-04T02:46:27.325774+00:00", "level": "WARN", "service": "search", "thread_id": "t-search-038", "correlation_id": "live-0143", "trace_id": "trace-live-0143", "span_id": "span-1438", "message": "cache miss spike", "metric": 15.66}
{"timestamp": "2025-12-04T02:46:27.476016+00:00", "level": "ERROR", "service": "payments", "thread_id": "t-payments-039", "correlation_id": "live-0143", "trace_id": "trace-live-0143", "span_id": "span-1439", "message": "Database timeout", "metric": 57.64}
{"timestamp": "2025-12-04T02:46:27.626264+00:00", "level": "INFO", "service": "api", "thread_id": "t-api-040", "correlation_id": "live-0144", "trace_id": "trace-live-0144", "span_id": "span-1440", "message": "heartbeat ok", "metric": 37.89}
{"timestamp": "2025-12-04T02:46:27.776522+00:00", "level": "WARN", "service": "api", "thread_id": "t-api-041", "correlation_id": "live-0144", "trace_id": "trace-live-0144", "span_id": "span-1441", "message": "cache miss spike", "metric": 14.66}
{"timestamp": "2025-12-04T02:46:27.926775+00:00", "level": "INFO", "service": "payments", "thread_id": "t-payments-042", "correlation_id": "live-0144", "trace_id": "trace-live-0144", "span_id": "span-1442", "message": "heartbeat ok", "metric": 36.2}
{"timestamp": "2025-12-04T02:46:28.077036+00:00", "level": "INFO", "service": "payments", "thread_id": "t-payments-043", "correlation_id": "live-0144", "trace_id": "trace-live-0144", "span_id": "span-1443", "message": "heartbeat ok", "metric": 40.31}
{"timestamp": "2025-12-04T02:46:28.227210+00:00", "level": "INFO", "service": "search", "thread_id": "t-search-044", "correlation_id": "live-0144", "trace_id": "trace-live-0144", "span_id": "span-1444", "message": "heartbeat ok", "metric": 5.63}
{"timestamp": "2025-12-04T02:46:28.377436+00:00", "level": "INFO", "service": "ledger", "thread_id": "t-ledger-045", "correlation_id": "live-0144", "trace_id": "trace-live-0144", "span_id": "span-1445", "message": "heartbeat ok", "metric": 9.51}
{"timestamp": "2025-12-04T02:46:28.527647+00:00", "level": "INFO", "service": "payments", "thread_id": "t-payments-046", "correlation_id": "live-0144", "trace_id": "trace-live-0144", "span_id": "span-1446", "message": "heartbeat ok", "metric": 62.9}
{"timestamp": "2025-12-04T02:46:28.677832+00:00", "level": "INFO", "service": "search", "thread_id": "t-search-047", "correlation_id": "live-0144", "trace_id": "trace-live-0144", "span_id": "span-1447", "message": "heartbeat ok", "metric": 94.54}
{"timestamp": "2025-12-04T02:46:28.828075+00:00", "level": "INFO", "service": "search", "thread_id": "t-search-048", "correlation_id": "live-0144", "trace_id": "trace-live-0144", "span_id": "span-1448", "message": "heartbeat ok", "metric": 87.2}
{"timestamp": "2025-12-04T02:46:28.978368+00:00", "level": "ERROR", "service": "auth", "thread_id": "t-auth-049", "correlation_id": "live-0144", "trace_id": "trace-live-0144", "span_id": "span-1449", "message": "Database timeout", "metric": 24.84}
{"timestamp": "2025-12-04T02:46:29.128665+00:00", "level": "INFO", "service": "payments", "thread_id": "t-payments-000", "correlation_id": "live-0145", "trace_id": "trace-live-0145", "span_id": "span-1450", "message": "heartbeat ok", "metric": 5.78}
{"timestamp": "2025-12-04T02:46:29.278874+00:00", "level": "ERROR", "service": "payments", "thread_id": "t-payments-001", "correlation_id": "live-0145", "trace_id": "trace-live-0145", "span_id": "span-1451", "message": "Database timeout", "metric": 78.95}
{"timestamp": "2025-12-04T02:46:29.429138+00:00", "level": "INFO", "service": "api", "thread_id": "t-api-002", "correlation_id": "live-0145", "trace_id": "trace-live-0145", "span_id": "span-1452", "message": "heartbeat ok", "metric": 59.64}
{"timestamp": "2025-12-04T02:46:29.579395+00:00", "level": "WARN", "service": "search", "thread_id": "t-search-003", "correlation_id": "live-0145", "trace_id": "trace-live-0145", "span_id": "span-1453", "message": "cache miss spike", "metric": 61.28}
{"timestamp": "2025-12-04T02:46:29.729624+00:00", "level": "INFO", "service": "payments", "thread_id": "t-payments-004", "correlation_id": "live-0145", "trace_id": "trace-live-0145", "span_id": "span-1454", "message": "heartbeat ok", "metric": 88.58}
{"timestamp": "2025-12-04T02:46:29.879825+00:00", "level": "INFO", "service": "search", "thread_id": "t-search-005", "correlation_id": "live-0145", "trace_id": "trace-live-0145", "span_id": "span-1455", "message": "heartbeat ok", "metric": 93.45}
{"timestamp": "2025-12-04T02:46:30.030033+00:00", "level": "INFO", "service": "api", "thread_id": "t-api-006", "correlation_id": "live-0145", "trace_id": "trace-live-0145", "span_id": "span-1456", "message": "heartbeat ok", "metric": 98.37}
{"timestamp": "2025-12-04T02:46:30.180282+00:00", "level": "WARN", "service": "auth", "thread_id": "t-auth-007", "correlation_id": "live-0145", "trace_id": "trace-live-0145", "span_id": "span-1457", "message": "cache miss spike", "metric": 29.0}
{"timestamp": "2025-12-04T02:46:30.330462+00:00", "level": "WARN", "service": "api", "thread_id": "t-api-008", "correlation_id": "live-0145", "trace_id": "trace-live-0145", "span_id": "span-1458", "message": "cache miss spike", "metric": 93.89}
{"timestamp": "2025-12-04T02:46:30.480706+00:00", "level": "INFO", "service": "api", "thread_id": "t-api-009", "correlation_id": "live-0145", "trace_id": "trace-live-0145", "span_id": "span-1459", "message": "heartbeat ok", "metric": 1.94}
{"timestamp": "2025-12-04T02:46:30.630981+00:00", "level": "INFO", "service": "payments", "thread_id": "t-payments-010", "correlation_id": "live-0146", "trace_id": "trace-live-0146", "span_id": "span-1460", "message": "heartbeat ok", "metric": 89.47}
{"timestamp": "2025-12-04T02:46:30.781153+00:00", "level": "INFO", "service": "payments", "thread_id": "t-payments-011", "correlation_id": "live-0146", "trace_id": "trace-live-0146", "span_id": "span-1461", "message": "heartbeat ok", "metric": 72.52}
{"timestamp": "2025-12-04T02:46:30.931376+00:00", "level": "INFO", "service": "payments", "thread_id": "t-payments-012", "correlation_id": "live-0146", "trace_id": "trace-live-0146", "span_id": "span-1462", "message": "heartbeat ok", "metric": 1.72}
{"timestamp": "2025-12-04T02:46:31.081578+00:00", "level": "INFO", "service": "auth", "thread_id": "t-auth-013", "correlation_id": "live-0146", "trace_id": "trace-live-0146", "span_id": "span-1463", "message": "heartbeat ok", "metric": 8.07}
{"timestamp": "2025-12-04T02:46:31.231809+00:00", "level": "WARN", "service": "auth", "thread_id": "t-auth-014", "correlation_id": "live-0146", "trace_id": "trace-live-0146", "span_id": "span-1464", "message": "cache miss spike", "metric": 29.77}
{"timestamp": "2025-12-04T02:46:31.382057+00:00", "level": "INFO", "service": "search", "thread_id": "t-search-015", "correlation_id": "live-0146", "trace_id": "trace-live-0146", "span_id": "span-1465", "message": "heartbeat ok", "metric": 96.58}
{"timestamp": "2025-12-04T02:46:31.532337+00:00", "level": "INFO", "service": "auth", "thread_id": "t-auth-016", "correlation_id": "live-0146", "trace_id": "trace-live-0146", "span_id": "span-1466", "message": "heartbeat ok", "metric": 41.17}
{"timestamp": "2025-12-04T02:46:31.682632+00:00", "level": "WARN", "service": "auth", "thread_id": "t-auth-017", "correlation_id": "live-0146", "trace_id": "trace-live-0146", "span_id": "span-1467", "message": "cache miss spike", "metric": 90.46}
{"timestamp": "2025-12-04T02:46:31.832871+00:00", "level": "INFO", "service": "payments", "thread_id": "t-payments-018", "correlation_id": "live-0146", "trace_id": "trace-live-0146", "span_id": "span-1468", "message": "heartbeat ok", "metric": 72.9}
{"timestamp": "2025-12-04T02:46:31.983144+00:00", "level": "INFO", "service": "api", "thread_id": "t-api-019", "correlation_id": "live-0146", "trace_id": "trace-live-0146", "span_id": "span-1469", "message": "heartbeat ok", "metric": 39.08}
{"timestamp": "2025-12-04T02:46:32.133385+00:00", "level": "INFO", "service": "ledger", "thread_id": "t-ledger-020", "correlation_id": "live-0147", "trace_id": "trace-live-0147", "span_id": "span-1470", "message": "heartbeat ok", "metric": 7.71}
{"timestamp": "2025-12-04T02:46:32.283604+00:00", "level": "INFO", "service": "auth", "thread_id": "t-auth-021", "correlation_id": "live-0147", "trace_id": "trace-live-0147", "span_id": "span-1471", "message": "heartbeat ok", "metric": 50.12}
{"timestamp": "2025-12-04T02:46:32.433881+00:00", "level": "WARN", "service": "api", "thread_id": "t-api-022", "correlation_id": "live-0147", "trace_id": "trace-live-0147", "span_id": "span-1472", "message": "cache miss spike", "metric": 47.06}
{"timestamp": "2025-12-04T02:46:32.584187+00:00", "level": "INFO", "service": "api", "thread_id": "t-api-023", "correlation_id": "live-0147", "trace_id": "trace-live-0147", "span_id": "span-1473", "message": "heartbeat ok", "metric": 66.62}
{"timestamp": "2025-12-04T02:46:32.734434+00:00", "level": "INFO", "service": "api", "thread_id": "t-api-024", "correlation_id": "live-0147", "trace_id": "trace-live-0147", "span_id": "span-1474", "message": "heartbeat ok", "metric": 23.16}
{"timestamp": "2025-12-04T02:46:32.884706+00:00", "level": "ERROR", "service": "auth", "thread_id": "t-auth-025", "correlation_id": "live-0147", "trace_id": "trace-live-0147", "span_id": "span-1475", "message": "Database timeout", "metric": 38.31}
{"timestamp": "2025-12-04T02:46:33.034978+00:00", "level": "INFO", "service": "payments", "thread_id": "t-payments-026", "correlation_id": "live-0147", "trace_id": "trace-live-0147", "span_id": "span-1476", "message": "heartbeat ok", "metric": 50.96}
{"timestamp": "2025-12-04T02:46:33.185242+00:00", "level": "INFO", "service": "ledger", "thread_id": "t-ledger-027", "correlation_id": "live-0147", "trace_id": "trace-live-0147", "span_id": "span-1477", "message": "heartbeat ok", "metric": 12.39}
{"timestamp": "2025-12-04T02:46:33.335472+00:00", "level": "ERROR", "service": "ledger", "thread_id": "t-ledger-028", "correlation_id": "live-0147", "trace_id": "trace-live-0147", "span_id": "span-1478", "message": "Database timeout", "metric": 9.63}
{"timestamp": "2025-12-04T02:46:33.485615+00:00", "level": "INFO", "service": "ledger", "thread_id": "t-ledger-029", "correlation_id": "live-0147", "trace_id": "trace-live-0147", "span_id": "span-1479", "message": "heartbeat ok", "metric": 3.46}
{"timestamp": "2025-12-04T02:46:33.635796+00:00", "level": "INFO", "service": "auth", "thread_id": "t-auth-030", "correlation_id": "live-0148", "trace_id": "trace-live-0148", "span_id": "span-1480", "message": "heartbeat ok", "metric": 5.83}
{"timestamp": "2025-12-04T02:46:33.786049+00:00", "level": "INFO", "service": "payments", "thread_id": "t-payments-031", "correlation_id": "live-0148", "trace_id": "trace-live-0148", "span_id": "span-1481", "message": "heartbeat ok", "metric": 96.84}
{"timestamp": "2025-12-04T02:46:33.936279+00:00", "level": "INFO", "service": "payments", "thread_id": "t-payments-032", "correlation_id": "live-0148", "trace_id": "trace-live-0148", "span_id": "span-1482", "message": "heartbeat ok", "metric": 82.57}
{"timestamp": "2025-12-04T02:46:34.086533+00:00", "level": "INFO", "service": "auth", "thread_id": "t-auth-033", "correlation_id": "live-0148", "trace_id": "trace-live-0148", "span_id": "span-1483", "message": "heartbeat ok", "metric": 73.04}
{"timestamp": "2025-12-04T02:46:34.236807+00:00", "level": "INFO", "service": "auth", "thread_id": "t-auth-034", "correlation_id": "live-0148", "trace_id": "trace-live-0148", "span_id": "span-1484", "message": "heartbeat ok", "metric": 6.91}
{"timestamp": "2025-12-04T02:46:34.387099+00:00", "level": "INFO", "service": "ledger", "thread_id": "t-ledger-035", "correlation_id": "live-0148", "trace_id": "trace-live-0148", "span_id": "span-1485", "message": "heartbeat ok", "metric": 34.4}
{"timestamp": "2025-12-04T02:46:34.537305+00:00", "level": "INFO", "service": "payments", "thread_id": "t-payments-036", "correlation_id": "live-0148", "trace_id": "trace-live-0148", "span_id": "span-1486", "message": "heartbeat ok", "metric": 37.77}
{"timestamp": "2025-12-04T02:46:34.687520+00:00", "level": "INFO", "service": "search", "thread_id": "t-search-037", "correlation_id": "live-0148", "trace_id": "trace-live-0148", "span_id": "span-1487", "message": "heartbeat ok", "metric": 1.51}
{"timestamp": "2025-12-04T02:46:34.837743+00:00", "level": "WARN", "service": "ledger", "thread_id": "t-ledger-038", "correlation_id": "live-0148", "trace_id": "trace-live-0148", "span_id": "span-1488", "message": "cache miss spike", "metric": 35.7}
{"timestamp": "2025-12-04T02:46:34.987955+00:00", "level": "INFO", "service": "ledger", "thread_id": "t-ledger-039", "correlation_id": "live-0148", "trace_id": "trace-live-0148", "span_id": "span-1489", "message": "heartbeat ok", "metric": 24.72}
{"timestamp": "2025-12-04T02:46:35.138202+00:00", "level": "ERROR", "service": "api", "thread_id": "t-api-040", "correlation_id": "live-0149", "trace_id": "trace-live-0149", "span_id": "span-1490", "message": "Database timeout", "metric": 59.85}
{"timestamp": "2025-12-04T02:46:35.288421+00:00", "level": "INFO", "service": "ledger", "thread_id": "t-ledger-041", "correlation_id": "live-0149", "trace_id": "trace-live-0149", "span_id": "span-1491", "message": "heartbeat ok", "metric": 96.47}
{"timestamp": "2025-12-04T02:46:35.438605+00:00", "level": "INFO", "service": "ledger", "thread_id": "t-ledger-042", "correlation_id": "live-0149", "trace_id": "trace-live-0149", "span_id": "span-1492", "message": "heartbeat ok", "metric": 86.21}
{"timestamp": "2025-12-04T02:46:35.588859+00:00", "level": "WARN", "service": "payments", "thread_id": "t-payments-043", "correlation_id": "live-0149", "trace_id": "trace-live-0149", "span_id": "span-1493", "message": "cache miss spike", "metric": 50.81}
{"timestamp": "2025-12-04T02:46:35.739144+00:00", "level": "INFO", "service": "payments", "thread_id": "t-payments-044", "correlation_id": "live-0149", "trace_id": "trace-live-0149", "span_id": "span-1494", "message": "heartbeat ok", "metric": 1.22}
{"timestamp": "2025-12-04T02:46:35.889316+00:00", "level": "INFO", "service": "auth", "thread_id": "t-auth-045", "correlation_id": "live-0149", "trace_id": "trace-live-0149", "span_id": "span-1495", "message": "heartbeat ok", "metric": 95.63}
{"timestamp": "2025-12-04T02:46:36.039535+00:00", "level": "INFO", "service": "auth", "thread_id": "t-auth-046", "correlation_id": "live-0149", "trace_id": "trace-live-0149", "span_id": "span-1496", "message": "heartbeat ok", "metric": 32.19}
{"timestamp": "2025-12-04T02:46:36.189801+00:00", "level": "ERROR", "service": "search", "thread_id": "t-search-047", "correlation_id": "live-0149", "trace_id": "trace-live-0149", "span_id": "span-1497", "message": "Database timeout", "metric": 70.46}
{"timestamp": "2025-12-04T02:46:36.340070+00:00", "level": "INFO", "service": "ledger", "thread_id": "t-ledger-048", "correlation_id": "live-0149", "trace_id": "trace-live-0149", "span_id": "span-1498", "message": "heartbeat ok", "metric": 89.46}
{"timestamp": "2025-12-04T02:46:36.490284+00:00", "level": "INFO", "service": "auth", "thread_id": "t-auth-049", "correlation_id": "live-0149", "trace_id": "trace-live-0149", "span_id": "span-1499", "message": "heartbeat ok", "metric": 24.96}
{"timestamp": "2025-12-04T02:46:36.640502+00:00", "level": "WARN", "service": "api", "thread_id": "t-api-000", "correlation_id": "live-0150", "trace_id": "trace-live-0150", "span_id": "span-1500", "message": "cache miss spike", "metric": 66.4}
{"timestamp": "2025-12-04T02:46:36.790782+00:00", "level": "INFO", "service": "ledger", "thread_id": "t-ledger-001", "correlation_id": "live-0150", "trace_id": "trace-live-0150", "span_id": "span-1501", "message": "heartbeat ok", "metric": 89.81}
{"timestamp": "2025-12-04T02:46:36.941066+00:00", "level": "INFO", "service": "payments", "thread_id": "t-payments-002", "correlation_id": "live-0150", "trace_id": "trace-live-0150", "span_id": "span-1502", "message": "heartbeat ok", "metric": 35.81}
{"timestamp": "2025-12-04T02:46:37.091361+00:00", "level": "INFO", "service": "auth", "thread_id": "t-auth-003", "correlation_id": "live-0150", "trace_id": "trace-live-0150", "span_id": "span-1503", "message": "heartbeat ok", "metric": 62.73}
{"timestamp": "2025-12-04T02:46:37.241628+00:00", "level": "INFO", "service": "payments", "thread_id": "t-payments-004", "correlation_id": "live-0150", "trace_id": "trace-live-0150", "span_id": "span-1504", "message": "heartbeat ok", "metric": 33.35}
{"timestamp": "2025-12-04T02:46:37.391806+00:00", "level": "INFO", "service": "api", "thread_id": "t-api-005", "correlation_id": "live-0150", "trace_id": "trace-live-0150", "span_id": "span-1505", "message": "heartbeat ok", "metric": 2.77}
{"timestamp": "2025-12-04T02:46:37.542091+00:00", "level": "INFO", "service": "payments", "thread_id": "t-payments-006", "correlation_id": "live-0150", "trace_id": "trace-live-0150", "span_id": "span-1506", "message": "heartbeat ok", "metric": 30.52}
{"timestamp": "2025-12-04T02:46:37.692319+00:00", "level": "INFO", "service": "payments", "thread_id": "t-payments-007", "correlation_id": "live-0150", "trace_id": "trace-live-0150", "span_id": "span-1507", "message": "heartbeat ok", "metric": 71.75}
{"timestamp": "2025-12-04T02:46:37.842602+00:00", "level": "WARN", "service": "auth", "thread_id": "t-auth-008", "correlation_id": "live-0150", "trace_id": "trace-live-0150", "span_id": "span-1508", "message": "cache miss spike", "metric": 8.05}
{"timestamp": "2025-12-04T02:46:37.992892+00:00", "level": "WARN", "service": "ledger", "thread_id": "t-ledger-009", "correlation_id": "live-0150", "trace_id": "trace-live-0150", "span_id": "span-1509", "message": "cache miss spike", "metric": 27.1}
{"timestamp": "2025-12-04T02:46:38.143141+00:00", "level": "INFO", "service": "payments", "thread_id": "t-payments-010", "correlation_id": "live-0151", "trace_id": "trace-live-0151", "span_id": "span-1510", "message": "heartbeat ok", "metric": 72.63}
{"timestamp": "2025-12-04T02:46:38.293295+00:00", "level": "WARN", "service": "ledger", "thread_id": "t-ledger-011", "correlation_id": "live-0151", "trace_id": "trace-live-0151", "span_id": "span-1511", "message": "cache miss spike", "metric": 66.66}
{"timestamp": "2025-12-04T02:46:38.443499+00:00", "level": "WARN", "service": "auth", "thread_id": "t-auth-012", "correlation_id": "live-0151", "trace_id": "trace-live-0151", "span_id": "span-1512", "message": "cache miss spike", "metric": 62.56}
{"timestamp": "2025-12-04T02:46:38.593706+00:00", "level": "WARN", "service": "ledger", "thread_id": "t-ledger-013", "correlation_id": "live-0151", "trace_id": "trace-live-0151", "span_id": "span-1513", "message": "cache miss spike", "metric": 67.08}
{"timestamp": "2025-12-04T02:46:38.743978+00:00", "level": "INFO", "service": "auth", "thread_id": "t-auth-014", "correlation_id": "live-0151", "trace_id": "trace-live-0151", "span_id": "span-1514", "message": "heartbeat ok", "metric": 29.17}
{"timestamp": "2025-12-04T02:46:38.894184+00:00", "level": "ERROR", "service": "api", "thread_id": "t-api-015", "correlation_id": "live-0151", "trace_id": "trace-live-0151", "span_id": "span-1515", "message": "Database timeout", "metric": 17.37}
{"timestamp": "2025-12-04T02:46:39.044348+00:00", "level": "INFO", "service": "auth", "thread_id": "t-auth-016", "correlation_id": "live-0151", "trace_id": "trace-live-0151", "span_id": "span-1516", "message": "heartbeat ok", "metric": 67.14}
{"timestamp": "2025-12-04T02:46:39.194544+00:00", "level": "INFO", "service": "auth", "thread_id": "t-auth-017", "correlation_id": "live-0151", "trace_id": "trace-live-0151", "span_id": "span-1517", "message": "heartbeat ok", "metric": 50.87}
{"timestamp": "2025-12-04T02:46:39.344775+00:00", "level": "INFO", "service": "auth", "thread_id": "t-auth-018", "correlation_id": "live-0151", "trace_id": "trace-live-0151", "span_id": "span-1518", "message": "heartbeat ok", "metric": 55.34}
{"timestamp": "2025-12-04T02:46:39.494977+00:00", "level": "INFO", "service": "auth", "thread_id": "t-auth-019", "correlation_id": "live-0151", "trace_id": "trace-live-0151", "span_id": "span-1519", "message": "heartbeat ok", "metric": 34.69}
{"timestamp": "2025-12-04T02:46:39.645207+00:00", "level": "INFO", "service": "api", "thread_id": "t-api-020", "correlation_id": "live-0152", "trace_id": "trace-live-0152", "span_id": "span-1520", "message": "heartbeat ok", "metric": 73.48}
{"timestamp": "2025-12-04T02:46:39.795405+00:00", "level": "INFO", "service": "payments", "thread_id": "t-payments-021", "correlation_id": "live-0152", "trace_id": "trace-live-0152", "span_id": "span-1521", "message": "heartbeat ok", "metric": 39.68}
{"timestamp": "2025-12-04T02:46:39.945583+00:00", "level": "WARN", "service": "ledger", "thread_id": "t-ledger-022", "correlation_id": "live-0152", "trace_id": "trace-live-0152", "span_id": "span-1522", "message": "cache miss spike", "metric": 79.56}
{"timestamp": "2025-12-04T02:46:40.095839+00:00", "level": "ERROR", "service": "auth", "thread_id": "t-auth-023", "correlation_id": "live-0152", "trace_id": "trace-live-0152", "span_id": "span-1523", "message": "Database timeout", "metric": 77.44}
{"timestamp": "2025-12-04T02:46:40.246195+00:00", "level": "WARN", "service": "ledger", "thread_id": "t-ledger-024", "correlation_id": "live-0152", "trace_id": "trace-live-0152", "span_id": "span-1524", "message": "cache miss spike", "metric": 58.87}
{"timestamp": "2025-12-04T02:46:40.396472+00:00", "level": "WARN", "service": "search", "thread_id": "t-search-025", "correlation_id": "live-0152", "trace_id": "trace-live-0152", "span_id": "span-1525", "message": "cache miss spike", "metric": 45.33}
{"timestamp": "2025-12-04T02:46:40.546718+00:00", "level": "INFO", "service": "api", "thread_id": "t-api-026", "correlation_id": "live-0152", "trace_id": "trace-live-0152", "span_id": "span-1526", "message": "heartbeat ok", "metric": 77.8}
{"timestamp": "2025-12-04T02:46:40.696965+00:00", "level": "WARN", "service": "api", "thread_id": "t-api-027", "correlation_id": "live-0152", "trace_id": "trace-live-0152", "span_id": "span-1527", "message": "cache miss spike", "metric": 41.76}
{"timestamp": "2025-12-04T02:46:40.847207+00:00", "level": "INFO", "service": "ledger", "thread_id": "t-ledger-028", "correlation_id": "live-0152", "trace_id": "trace-live-0152", "span_id": "span-1528", "message": "heartbeat ok", "metric": 1.74}
{"timestamp": "2025-12-04T02:46:40.997430+00:00", "level": "INFO", "service": "auth", "thread_id": "t-auth-029", "correlation_id": "live-0152", "trace_id": "trace-live-0152", "span_id": "span-1529", "message": "heartbeat ok", "metric": 28.16}
{"timestamp": "2025-12-04T02:46:41.147686+00:00", "level": "INFO", "service": "search", "thread_id": "t-search-030", "correlation_id": "live-0153", "trace_id": "trace-live-0153", "span_id": "span-1530", "message": "heartbeat ok", "metric": 74.17}
{"timestamp": "2025-12-04T02:46:41.297930+00:00", "level": "WARN", "service": "auth", "thread_id": "t-auth-031", "correlation_id": "live-0153", "trace_id": "trace-live-0153", "span_id": "span-1531", "message": "cache miss spike", "metric": 14.43}
{"timestamp": "2025-12-04T02:46:41.448185+00:00", "level": "INFO", "service": "ledger", "thread_id": "t-ledger-032", "correlation_id": "live-0153", "trace_id": "trace-live-0153", "span_id": "span-1532", "message": "heartbeat ok", "metric": 83.23}
{"timestamp": "2025-12-04T02:46:41.598434+00:00", "level": "INFO", "service": "payments", "thread_id": "t-payments-033", "correlation_id": "live-0153", "trace_id": "trace-live-0153", "span_id": "span-1533", "message": "heartbeat ok", "metric": 60.91}
{"timestamp": "2025-12-04T02:46:41.748658+00:00", "level": "WARN", "service": "payments", "thread_id": "t-payments-034", "correlation_id": "live-0153", "trace_id": "trace-live-0153", "span_id": "span-1534", "message": "cache miss spike", "metric": 95.21}
{"timestamp": "2025-12-04T02:46:41.898886+00:00", "level": "WARN", "service": "api", "thread_id": "t-api-035", "correlation_id": "live-0153", "trace_id": "trace-live-0153", "span_id": "span-1535", "message": "cache miss spike", "metric": 25.42}
{"timestamp": "2025-12-04T02:46:42.049058+00:00", "level": "INFO", "service": "auth", "thread_id": "t-auth-036", "correlation_id": "live-0153", "trace_id": "trace-live-0153", "span_id": "span-1536", "message": "heartbeat ok", "metric": 50.35}
{"timestamp": "2025-12-04T02:46:42.199239+00:00", "level": "INFO", "service": "ledger", "thread_id": "t-ledger-037", "correlation_id": "live-0153", "trace_id": "trace-live-0153", "span_id": "span-1537", "message": "heartbeat ok", "metric": 82.43}
{"timestamp": "2025-12-04T02:46:42.349516+00:00", "level": "INFO", "service": "api", "thread_id": "t-api-038", "correlation_id": "live-0153", "trace_id": "trace-live-0153", "span_id": "span-1538", "message": "heartbeat ok", "metric": 33.0}
{"timestamp": "2025-12-04T02:46:42.499777+00:00", "level": "INFO", "service": "auth", "thread_id": "t-auth-039", "correlation_id": "live-0153", "trace_id": "trace-live-0153", "span_id": "span-1539", "message": "heartbeat ok", "metric": 8.28}
{"timestamp": "2025-12-04T02:46:42.649944+00:00", "level": "INFO", "service": "api", "thread_id": "t-api-040", "correlation_id": "live-0154", "trace_id": "trace-live-0154", "span_id": "span-1540", "message": "heartbeat ok", "metric": 81.47}
{"timestamp": "2025-12-04T02:46:42.800168+00:00", "level": "INFO", "service": "search", "thread_id": "t-search-041", "correlation_id": "live-0154", "trace_id": "trace-live-0154", "span_id": "span-1541", "message": "heartbeat ok", "metric": 21.04}
{"timestamp": "2025-12-04T02:46:42.950373+00:00", "level": "INFO", "service": "ledger", "thread_id": "t-ledger-042", "correlation_id": "live-0154", "trace_id": "trace-live-0154", "span_id": "span-1542", "message": "heartbeat ok", "metric": 38.27}
{"timestamp": "2025-12-04T02:46:43.100535+00:00", "level": "INFO", "service": "search", "thread_id": "t-search-043", "correlation_id": "live-0154", "trace_id": "trace-live-0154", "span_id": "span-1543", "message": "heartbeat ok", "metric": 9.99}
{"timestamp": "2025-12-04T02:46:43.250698+00:00", "level": "INFO", "service": "auth", "thread_id": "t-auth-044", "correlation_id": "live-0154", "trace_id": "trace-live-0154", "span_id": "span-1544", "message": "heartbeat ok", "metric": 65.01}
{"timestamp": "2025-12-04T02:46:43.400853+00:00", "level": "INFO", "service": "auth", "thread_id": "t-auth-045", "correlation_id": "live-0154", "trace_id": "trace-live-0154", "span_id": "span-1545", "message": "heartbeat ok", "metric": 14.88}
{"timestamp": "2025-12-04T02:46:43.551102+00:00", "level": "INFO", "service": "payments", "thread_id": "t-payments-046", "correlation_id": "live-0154", "trace_id": "trace-live-0154", "span_id": "span-1546", "message": "heartbeat ok", "metric": 89.8}
{"timestamp": "2025-12-04T02:46:43.701348+00:00", "level": "INFO", "service": "payments", "thread_id": "t-payments-047", "correlation_id": "live-0154", "trace_id": "trace-live-0154", "span_id": "span-1547", "message": "heartbeat ok", "metric": 30.76}
{"timestamp": "2025-12-04T02:46:43.851635+00:00", "level": "INFO", "service": "auth", "thread_id": "t-auth-048", "correlation_id": "live-0154", "trace_id": "trace-live-0154", "span_id": "span-1548", "message": "heartbeat ok", "metric": 39.23}
{"timestamp": "2025-12-04T02:46:44.001850+00:00", "level": "INFO", "service": "ledger", "thread_id": "t-ledger-049", "correlation_id": "live-0154", "trace_id": "trace-live-0154", "span_id": "span-1549", "message": "heartbeat ok", "metric": 13.23}
{"timestamp": "2025-12-04T02:46:44.152079+00:00", "level": "WARN", "service": "search", "thread_id": "t-search-000", "correlation_id": "live-0155", "trace_id": "trace-live-0155", "span_id": "span-1550", "message": "cache miss spike", "metric": 63.44}
{"timestamp": "2025-12-04T02:46:44.302404+00:00", "level": "WARN", "service": "auth", "thread_id": "t-auth-001", "correlation_id": "live-0155", "trace_id": "trace-live-0155", "span_id": "span-1551", "message": "cache miss spike", "metric": 7.47}
{"timestamp": "2025-12-04T02:46:44.452643+00:00", "level": "ERROR", "service": "ledger", "thread_id": "t-ledger-002", "correlation_id": "live-0155", "trace_id": "trace-live-0155", "span_id": "span-1552", "message": "Database timeout", "metric": 43.09}
{"timestamp": "2025-12-04T02:46:44.602861+00:00", "level": "INFO", "service": "payments", "thread_id": "t-payments-003", "correlation_id": "live-0155", "trace_id": "trace-live-0155", "span_id": "span-1553", "message": "heartbeat ok", "metric": 70.66}
{"timestamp": "2025-12-04T02:46:44.753163+00:00", "level": "ERROR", "service": "auth", "thread_id": "t-auth-004", "correlation_id": "live-0155", "trace_id": "trace-live-0155", "span_id": "span-1554", "message": "Database timeout", "metric": 9.47}
{"timestamp": "2025-12-04T02:46:44.903473+00:00", "level": "WARN", "service": "ledger", "thread_id": "t-ledger-005", "correlation_id": "live-0155", "trace_id": "trace-live-0155", "span_id": "span-1555", "message": "cache miss spike", "metric": 95.36}
{"timestamp": "2025-12-04T02:46:45.053713+00:00", "level": "ERROR", "service": "search", "thread_id": "t-search-006", "correlation_id": "live-0155", "trace_id": "trace-live-0155", "span_id": "span-1556", "message": "Database timeout", "metric": 30.32}
{"timestamp": "2025-12-04T02:46:45.203882+00:00", "level": "WARN", "service": "search", "thread_id": "t-search-007", "correlation_id": "live-0155", "trace_id": "trace-live-0155", "span_id": "span-1557", "message": "cache miss spike", "metric": 25.39}
{"timestamp": "2025-12-04T02:46:45.354077+00:00", "level": "INFO", "service": "payments", "thread_id": "t-payments-008", "correlation_id": "live-0155", "trace_id": "trace-live-0155", "span_id": "span-1558", "message": "heartbeat ok", "metric": 39.65}
{"timestamp": "2025-12-04T02:46:45.504300+00:00", "level": "WARN", "service": "auth", "thread_id": "t-auth-009", "correlation_id": "live-0155", "trace_id": "trace-live-0155", "span_id": "span-1559", "message": "cache miss spike", "metric": 10.27}
{"timestamp": "2025-12-04T02:46:45.654505+00:00", "level": "INFO", "service": "payments", "thread_id": "t-payments-010", "correlation_id": "live-0156", "trace_id": "trace-live-0156", "span_id": "span-1560", "message": "heartbeat ok", "metric": 47.71}
{"timestamp": "2025-12-04T02:46:45.804698+00:00", "level": "WARN", "service": "api", "thread_id": "t-api-011", "correlation_id": "live-0156", "trace_id": "trace-live-0156", "span_id": "span-1561", "message": "cache miss spike", "metric": 78.89}
{"timestamp": "2025-12-04T02:46:45.954915+00:00", "level": "INFO", "service": "search", "thread_id": "t-search-012", "correlation_id": "live-0156", "trace_id": "trace-live-0156", "span_id": "span-1562", "message": "heartbeat ok", "metric": 34.99}
{"timestamp": "2025-12-04T02:46:46.105153+00:00", "level": "INFO", "service": "api", "thread_id": "t-api-013", "correlation_id": "live-0156", "trace_id": "trace-live-0156", "span_id": "span-1563", "message": "heartbeat ok", "metric": 93.3}
{"timestamp": "2025-12-04T02:46:46.255404+00:00", "level": "INFO", "service": "ledger", "thread_id": "t-ledger-014", "correlation_id": "live-0156", "trace_id": "trace-live-0156", "span_id": "span-1564", "message": "heartbeat ok", "metric": 23.12}
{"timestamp": "2025-12-04T02:46:46.405645+00:00", "level": "WARN", "service": "auth", "thread_id": "t-auth-015", "correlation_id": "live-0156", "trace_id": "trace-live-0156", "span_id": "span-1565", "message": "cache miss spike", "metric": 62.26}
{"timestamp": "2025-12-04T02:46:46.555838+00:00", "level": "INFO", "service": "auth", "thread_id": "t-auth-016", "correlation_id": "live-0156", "trace_id": "trace-live-0156", "span_id": "span-1566", "message": "heartbeat ok", "metric": 95.55}
{"timestamp": "2025-12-04T02:46:46.706068+00:00", "level": "INFO", "service": "search", "thread_id": "t-search-017", "correlation_id": "live-0156", "trace_id": "trace-live-0156", "span_id": "span-1567", "message": "heartbeat ok", "metric": 1.55}
{"timestamp": "2025-12-04T02:46:46.856394+00:00", "level": "INFO", "service": "search", "thread_id": "t-search-018", "correlation_id": "live-0156", "trace_id": "trace-live-0156", "span_id": "span-1568", "message": "heartbeat ok", "metric": 42.16}
{"timestamp": "2025-12-04T02:46:47.006678+00:00", "level": "INFO", "service": "payments", "thread_id": "t-payments-019", "correlation_id": "live-0156", "trace_id": "trace-live-0156", "span_id": "span-1569", "message": "heartbeat ok", "metric": 71.27}
{"timestamp": "2025-12-04T02:46:47.157013+00:00", "level": "WARN", "service": "api", "thread_id": "t-api-020", "correlation_id": "live-0157", "trace_id": "trace-live-0157", "span_id": "span-1570", "message": "cache miss spike", "metric": 47.58}
{"timestamp": "2025-12-04T02:46:47.307255+00:00", "level": "INFO", "service": "ledger", "thread_id": "t-ledger-021", "correlation_id": "live-0157", "trace_id": "trace-live-0157", "span_id": "span-1571", "message": "heartbeat ok", "metric": 88.45}
{"timestamp": "2025-12-04T02:46:47.457516+00:00", "level": "INFO", "service": "auth", "thread_id": "t-auth-022", "correlation_id": "live-0157", "trace_id": "trace-live-0157", "span_id": "span-1572", "message": "heartbeat ok", "metric": 31.98}
{"timestamp": "2025-12-04T02:46:47.607825+00:00", "level": "INFO", "service": "ledger", "thread_id": "t-ledger-023", "correlation_id": "live-0157", "trace_id": "trace-live-0157", "span_id": "span-1573", "message": "heartbeat ok", "metric": 75.08}
{"timestamp": "2025-12-04T02:46:47.758078+00:00", "level": "INFO", "service": "payments", "thread_id": "t-payments-024", "correlation_id": "live-0157", "trace_id": "trace-live-0157", "span_id": "span-1574", "message": "heartbeat ok", "metric": 46.52}
{"timestamp": "2025-12-04T02:46:47.908297+00:00", "level": "INFO", "service": "search", "thread_id": "t-search-025", "correlation_id": "live-0157", "trace_id": "trace-live-0157", "span_id": "span-1575", "message": "heartbeat ok", "metric": 97.79}
{"timestamp": "2025-12-04T02:46:48.058563+00:00", "level": "INFO", "service": "ledger", "thread_id": "t-ledger-026", "correlation_id": "live-0157", "trace_id": "trace-live-0157", "span_id": "span-1576", "message": "heartbeat ok", "metric": 4.84}
{"timestamp": "2025-12-04T02:46:48.208799+00:00", "level": "INFO", "service": "auth", "thread_id": "t-auth-027", "correlation_id": "live-0157", "trace_id": "trace-live-0157", "span_id": "span-1577", "message": "heartbeat ok", "metric": 42.73}
{"timestamp": "2025-12-04T02:46:48.359089+00:00", "level": "INFO", "service": "auth", "thread_id": "t-auth-028", "correlation_id": "live-0157", "trace_id": "trace-live-0157", "span_id": "span-1578", "message": "heartbeat ok", "metric": 73.55}
{"timestamp": "2025-12-04T02:46:48.509382+00:00", "level": "INFO", "service": "search", "thread_id": "t-search-029", "correlation_id": "live-0157", "trace_id": "trace-live-0157", "span_id": "span-1579", "message": "heartbeat ok", "metric": 33.87}
{"timestamp": "2025-12-04T02:46:48.659647+00:00", "level": "INFO", "service": "ledger", "thread_id": "t-ledger-030", "correlation_id": "live-0158", "trace_id": "trace-live-0158", "span_id": "span-1580", "message": "heartbeat ok", "metric": 44.1}
{"timestamp": "2025-12-04T02:46:48.809960+00:00", "level": "WARN", "service": "api", "thread_id": "t-api-031", "correlation_id": "live-0158", "trace_id": "trace-live-0158", "span_id": "span-1581", "message": "cache miss spike", "metric": 24.9}
{"timestamp": "2025-12-04T02:46:48.960235+00:00", "level": "INFO", "service": "ledger", "thread_id": "t-ledger-032", "correlation_id": "live-0158", "trace_id": "trace-live-0158", "span_id": "span-1582", "message": "heartbeat ok", "metric": 64.99}
{"timestamp": "2025-12-04T02:46:49.110500+00:00", "level": "INFO", "service": "api", "thread_id": "t-api-033", "correlation_id": "live-0158", "trace_id": "trace-live-0158", "span_id": "span-1583", "message": "heartbeat ok", "metric": 27.37}
{"timestamp": "2025-12-04T02:46:49.260744+00:00", "level": "INFO", "service": "search", "thread_id": "t-search-034", "correlation_id": "live-0158", "trace_id": "trace-live-0158", "span_id": "span-1584", "message": "heartbeat ok", "metric": 90.86}
{"timestamp": "2025-12-04T02:46:49.410996+00:00", "level": "INFO", "service": "auth", "thread_id": "t-auth-035", "correlation_id": "live-0158", "trace_id": "trace-live-0158", "span_id": "span-1585", "message": "heartbeat ok", "metric": 41.47}
{"timestamp": "2025-12-04T02:46:49.561209+00:00", "level": "ERROR", "service": "search", "thread_id": "t-search-036", "correlation_id": "live-0158", "trace_id": "trace-live-0158", "span_id": "span-1586", "message": "Database timeout", "metric": 35.63}
{"timestamp": "2025-12-04T02:46:49.711447+00:00", "level": "INFO", "service": "search", "thread_id": "t-search-037", "correlation_id": "live-0158", "trace_id": "trace-live-0158", "span_id": "span-1587", "message": "heartbeat ok", "metric": 67.84}
{"timestamp": "2025-12-04T02:46:49.861698+00:00", "level": "WARN", "service": "api", "thread_id": "t-api-038", "correlation_id": "live-0158", "trace_id": "trace-live-0158", "span_id": "span-1588", "message": "cache miss spike", "metric": 85.32}
{"timestamp": "2025-12-04T02:46:50.011953+00:00", "level": "INFO", "service": "auth", "thread_id": "t-auth-039", "correlation_id": "live-0158", "trace_id": "trace-live-0158", "span_id": "span-1589", "message": "heartbeat ok", "metric": 17.19}
{"timestamp": "2025-12-04T02:46:50.162160+00:00", "level": "WARN", "service": "payments", "thread_id": "t-payments-040", "correlation_id": "live-0159", "trace_id": "trace-live-0159", "span_id": "span-1590", "message": "cache miss spike", "metric": 91.35}
{"timestamp": "2025-12-04T02:46:50.312438+00:00", "level": "INFO", "service": "ledger", "thread_id": "t-ledger-041", "correlation_id": "live-0159", "trace_id": "trace-live-0159", "span_id": "span-1591", "message": "heartbeat ok", "metric": 2.31}
{"timestamp": "2025-12-04T02:46:50.462658+00:00", "level": "INFO", "service": "api", "thread_id": "t-api-042", "correlation_id": "live-0159", "trace_id": "trace-live-0159", "span_id": "span-1592", "message": "heartbeat ok", "metric": 36.73}
{"timestamp": "2025-12-04T02:46:50.612848+00:00", "level": "INFO", "service": "api", "thread_id": "t-api-043", "correlation_id": "live-0159", "trace_id": "trace-live-0159", "span_id": "span-1593", "message": "heartbeat ok", "metric": 18.44}
{"timestamp": "2025-12-04T02:46:50.763084+00:00", "level": "ERROR", "service": "auth", "thread_id": "t-auth-044", "correlation_id": "live-0159", "trace_id": "trace-live-0159", "span_id": "span-1594", "message": "Database timeout", "metric": 83.17}
{"timestamp": "2025-12-04T02:46:50.913258+00:00", "level": "INFO", "service": "api", "thread_id": "t-api-045", "correlation_id": "live-0159", "trace_id": "trace-live-0159", "span_id": "span-1595", "message": "heartbeat ok", "metric": 11.22}
{"timestamp": "2025-12-04T02:46:51.063481+00:00", "level": "INFO", "service": "payments", "thread_id": "t-payments-046", "correlation_id": "live-0159", "trace_id": "trace-live-0159", "span_id": "span-1596", "message": "heartbeat ok", "metric": 17.39}
{"timestamp": "2025-12-04T02:46:51.213771+00:00", "level": "INFO", "service": "auth", "thread_id": "t-auth-047", "correlation_id": "live-0159", "trace_id": "trace-live-0159", "span_id": "span-1597", "message": "heartbeat ok", "metric": 89.3}
{"timestamp": "2025-12-04T02:46:51.363963+00:00", "level": "INFO", "service": "search", "thread_id": "t-search-048", "correlation_id": "live-0159", "trace_id": "trace-live-0159", "span_id": "span-1598", "message": "heartbeat ok", "metric": 45.56}
{"timestamp": "2025-12-04T02:46:51.514154+00:00", "level": "INFO", "service": "payments", "thread_id": "t-payments-049", "correlation_id": "live-0159", "trace_id": "trace-live-0159", "span_id": "span-1599", "message": "heartbeat ok", "metric": 17.81}
{"timestamp": "2025-12-04T02:46:51.664363+00:00", "level": "WARN", "service": "api", "thread_id": "t-api-000", "correlation_id": "live-0160", "trace_id": "trace-live-0160", "span_id": "span-1600", "message": "cache miss spike", "metric": 51.65}
{"timestamp": "2025-12-04T02:46:51.814607+00:00", "level": "INFO", "service": "search", "thread_id": "t-search-001", "correlation_id": "live-0160", "trace_id": "trace-live-0160", "span_id": "span-1601", "message": "heartbeat ok", "metric": 7.71}
{"timestamp": "2025-12-04T02:46:51.964808+00:00", "level": "INFO", "service": "auth", "thread_id": "t-auth-002", "correlation_id": "live-0160", "trace_id": "trace-live-0160", "span_id": "span-1602", "message": "heartbeat ok", "metric": 43.33}
{"timestamp": "2025-12-04T02:46:52.115040+00:00", "level": "WARN", "service": "api", "thread_id": "t-api-003", "correlation_id": "live-0160", "trace_id": "trace-live-0160", "span_id": "span-1603", "message": "cache miss spike", "metric": 15.67}
{"timestamp": "2025-12-04T02:46:52.265318+00:00", "level": "INFO", "service": "api", "thread_id": "t-api-004", "correlation_id": "live-0160", "trace_id": "trace-live-0160", "span_id": "span-1604", "message": "heartbeat ok", "metric": 99.65}
{"timestamp": "2025-12-04T02:46:52.415541+00:00", "level": "INFO", "service": "auth", "thread_id": "t-auth-005", "correlation_id": "live-0160", "trace_id": "trace-live-0160", "span_id": "span-1605", "message": "heartbeat ok", "metric": 86.09}
{"timestamp": "2025-12-04T02:46:52.565742+00:00", "level": "ERROR", "service": "payments", "thread_id": "t-payments-006", "correlation_id": "live-0160", "trace_id": "trace-live-0160", "span_id": "span-1606", "message": "Database timeout", "metric": 14.22}
{"timestamp": "2025-12-04T02:46:52.715935+00:00", "level": "WARN", "service": "auth", "thread_id": "t-auth-007", "correlation_id": "live-0160", "trace_id": "trace-live-0160", "span_id": "span-1607", "message": "cache miss spike", "metric": 21.41}
{"timestamp": "2025-12-04T02:46:52.866155+00:00", "level": "INFO", "service": "payments", "thread_id": "t-payments-008", "correlation_id": "live-0160", "trace_id": "trace-live-0160", "span_id": "span-1608", "message": "heartbeat ok", "metric": 79.76}
{"timestamp": "2025-12-04T02:46:53.016435+00:00", "level": "WARN", "service": "search", "thread_id": "t-search-009", "correlation_id": "live-0160", "trace_id": "trace-live-0160", "span_id": "span-1609", "message": "cache miss spike", "metric": 88.05}
{"timestamp": "2025-12-04T02:46:53.166733+00:00", "level": "INFO", "service": "payments", "thread_id": "t-payments-010", "correlation_id": "live-0161", "trace_id": "trace-live-0161", "span_id": "span-1610", "message": "heartbeat ok", "metric": 43.25}
{"timestamp": "2025-12-04T02:46:53.316965+00:00", "level": "WARN", "service": "ledger", "thread_id": "t-ledger-011", "correlation_id": "live-0161", "trace_id": "trace-live-0161", "span_id": "span-1611", "message": "cache miss spike", "metric": 37.74}
{"timestamp": "2025-12-04T02:46:53.467190+00:00", "level": "ERROR", "service": "api", "thread_id": "t-api-012", "correlation_id": "live-0161", "trace_id": "trace-live-0161", "span_id": "span-1612", "message": "Database timeout", "metric": 3.7}
{"timestamp": "2025-12-04T02:46:53.617453+00:00", "level": "WARN", "service": "auth", "thread_id": "t-auth-013", "correlation_id": "live-0161", "trace_id": "trace-live-0161", "span_id": "span-1613", "message": "cache miss spike", "metric": 0.2}
{"timestamp": "2025-12-04T02:46:53.767737+00:00", "level": "INFO", "service": "api", "thread_id": "t-api-014", "correlation_id": "live-0161", "trace_id": "trace-live-0161", "span_id": "span-1614", "message": "heartbeat ok", "metric": 49.51}
{"timestamp": "2025-12-04T02:46:53.917972+00:00", "level": "INFO", "service": "search", "thread_id": "t-search-015", "correlation_id": "live-0161", "trace_id": "trace-live-0161", "span_id": "span-1615", "message": "heartbeat ok", "metric": 48.76}
{"timestamp": "2025-12-04T02:46:54.068231+00:00", "level": "INFO", "service": "ledger", "thread_id": "t-ledger-016", "correlation_id": "live-0161", "trace_id": "trace-live-0161", "span_id": "span-1616", "message": "heartbeat ok", "metric": 34.01}
{"timestamp": "2025-12-04T02:46:54.218470+00:00", "level": "INFO", "service": "ledger", "thread_id": "t-ledger-017", "correlation_id": "live-0161", "trace_id": "trace-live-0161", "span_id": "span-1617", "message": "heartbeat ok", "metric": 1.13}
{"timestamp": "2025-12-04T02:46:54.368747+00:00", "level": "INFO", "service": "auth", "thread_id": "t-auth-018", "correlation_id": "live-0161", "trace_id": "trace-live-0161", "span_id": "span-1618", "message": "heartbeat ok", "metric": 24.4}
{"timestamp": "2025-12-04T02:46:54.519065+00:00", "level": "INFO", "service": "api", "thread_id": "t-api-019", "correlation_id": "live-0161", "trace_id": "trace-live-0161", "span_id": "span-1619", "message": "heartbeat ok", "metric": 70.76}
{"timestamp": "2025-12-04T02:46:54.669319+00:00", "level": "ERROR", "service": "payments", "thread_id": "t-payments-020", "correlation_id": "live-0162", "trace_id": "trace-live-0162", "span_id": "span-1620", "message": "Database timeout", "metric": 96.82}
{"timestamp": "2025-12-04T02:46:54.819552+00:00", "level": "INFO", "service": "api", "thread_id": "t-api-021", "correlation_id": "live-0162", "trace_id": "trace-live-0162", "span_id": "span-1621", "message": "heartbeat ok", "metric": 57.87}
{"timestamp": "2025-12-04T02:46:54.969830+00:00", "level": "INFO", "service": "ledger", "thread_id": "t-ledger-022", "correlation_id": "live-0162", "trace_id": "trace-live-0162", "span_id": "span-1622", "message": "heartbeat ok", "metric": 36.1}
{"timestamp": "2025-12-04T02:46:55.120139+00:00", "level": "INFO", "service": "payments", "thread_id": "t-payments-023", "correlation_id": "live-0162", "trace_id": "trace-live-0162", "span_id": "span-1623", "message": "heartbeat ok", "metric": 71.36}
{"timestamp": "2025-12-04T02:46:55.270407+00:00", "level": "INFO", "service": "search", "thread_id": "t-search-024", "correlation_id": "live-0162", "trace_id": "trace-live-0162", "span_id": "span-1624", "message": "heartbeat ok", "metric": 69.73}
{"timestamp": "2025-12-04T02:46:55.420636+00:00", "level": "INFO", "service": "payments", "thread_id": "t-payments-025", "correlation_id": "live-0162", "trace_id": "trace-live-0162", "span_id": "span-1625", "message": "heartbeat ok", "metric": 13.85}
{"timestamp": "2025-12-04T02:46:55.570810+00:00", "level": "INFO", "service": "api", "thread_id": "t-api-026", "correlation_id": "live-0162", "trace_id": "trace-live-0162", "span_id": "span-1626", "message": "heartbeat ok", "metric": 32.14}
{"timestamp": "2025-12-04T02:46:55.721010+00:00", "level": "WARN", "service": "api", "thread_id": "t-api-027", "correlation_id": "live-0162", "trace_id": "trace-live-0162", "span_id": "span-1627", "message": "cache miss spike", "metric": 3.85}
{"timestamp": "2025-12-04T02:46:55.871274+00:00", "level": "INFO", "service": "search", "thread_id": "t-search-028", "correlation_id": "live-0162", "trace_id": "trace-live-0162", "span_id": "span-1628", "message": "heartbeat ok", "metric": 4.54}
{"timestamp": "2025-12-04T02:46:56.021543+00:00", "level": "INFO", "service": "search", "thread_id": "t-search-029", "correlation_id": "live-0162", "trace_id": "trace-live-0162", "span_id": "span-1629", "message": "heartbeat ok", "metric": 72.33}
{"timestamp": "2025-12-04T02:46:56.171804+00:00", "level": "INFO", "service": "payments", "thread_id": "t-payments-030", "correlation_id": "live-0163", "trace_id": "trace-live-0163", "span_id": "span-1630", "message": "heartbeat ok", "metric": 93.45}
{"timestamp": "2025-12-04T02:46:56.322098+00:00", "level": "INFO", "service": "payments", "thread_id": "t-payments-031", "correlation_id": "live-0163", "trace_id": "trace-live-0163", "span_id": "span-1631", "message": "heartbeat ok", "metric": 83.5}
{"timestamp": "2025-12-04T02:46:56.472349+00:00", "level": "INFO", "service": "ledger", "thread_id": "t-ledger-032", "correlation_id": "live-0163", "trace_id": "trace-live-0163", "span_id": "span-1632", "message": "heartbeat ok", "metric": 91.43}
{"timestamp": "2025-12-04T02:46:56.622605+00:00", "level": "INFO", "service": "ledger", "thread_id": "t-ledger-033", "correlation_id": "live-0163", "trace_id": "trace-live-0163", "span_id": "span-1633", "message": "heartbeat ok", "metric": 24.87}
{"timestamp": "2025-12-04T02:46:56.772888+00:00", "level": "WARN", "service": "api", "thread_id": "t-api-034", "correlation_id": "live-0163", "trace_id": "trace-live-0163", "span_id": "span-1634", "message": "cache miss spike", "metric": 83.68}
{"timestamp": "2025-12-04T02:46:56.923107+00:00", "level": "WARN", "service": "ledger", "thread_id": "t-ledger-035", "correlation_id": "live-0163", "trace_id": "trace-live-0163", "span_id": "span-1635", "message": "cache miss spike", "metric": 82.43}
{"timestamp": "2025-12-04T02:46:57.073350+00:00", "level": "WARN", "service": "auth", "thread_id": "t-auth-036", "correlation_id": "live-0163", "trace_id": "trace-live-0163", "span_id": "span-1636", "message": "cache miss spike", "metric": 64.0}
{"timestamp": "2025-12-04T02:46:57.223571+00:00", "level": "INFO", "service": "payments", "thread_id": "t-payments-037", "correlation_id": "live-0163", "trace_id": "trace-live-0163", "span_id": "span-1637", "message": "heartbeat ok", "metric": 38.09}
{"timestamp": "2025-12-04T02:46:57.373754+00:00", "level": "INFO", "service": "api", "thread_id": "t-api-038", "correlation_id": "live-0163", "trace_id": "trace-live-0163", "span_id": "span-1638", "message": "heartbeat ok", "metric": 23.17}
{"timestamp": "2025-12-04T02:46:57.523960+00:00", "level": "INFO", "service": "ledger", "thread_id": "t-ledger-039", "correlation_id": "live-0163", "trace_id": "trace-live-0163", "span_id": "span-1639", "message": "heartbeat ok", "metric": 72.01}
{"timestamp": "2025-12-04T02:46:57.674227+00:00", "level": "INFO", "service": "api", "thread_id": "t-api-040", "correlation_id": "live-0164", "trace_id": "trace-live-0164", "span_id": "span-1640", "message": "heartbeat ok", "metric": 51.42}
{"timestamp": "2025-12-04T02:46:57.824584+00:00", "level": "ERROR", "service": "auth", "thread_id": "t-auth-041", "correlation_id": "live-0164", "trace_id": "trace-live-0164", "span_id": "span-1641", "message": "Database timeout", "metric": 35.24}
{"timestamp": "2025-12-04T02:46:57.974833+00:00", "level": "INFO", "service": "payments", "thread_id": "t-payments-042", "correlation_id": "live-0164", "trace_id": "trace-live-0164", "span_id": "span-1642", "message": "heartbeat ok", "metric": 38.44}
{"timestamp": "2025-12-04T02:46:58.125106+00:00", "level": "INFO", "service": "auth", "thread_id": "t-auth-043", "correlation_id": "live-0164", "trace_id": "trace-live-0164", "span_id": "span-1643", "message": "heartbeat ok", "metric": 61.2}
{"timestamp": "2025-12-04T02:46:58.275413+00:00", "level": "WARN", "service": "search", "thread_id": "t-search-044", "correlation_id": "live-0164", "trace_id": "trace-live-0164", "span_id": "span-1644", "message": "cache miss spike", "metric": 32.94}
{"timestamp": "2025-12-04T02:46:58.425721+00:00", "level": "ERROR", "service": "payments", "thread_id": "t-payments-045", "correlation_id": "live-0164", "trace_id": "trace-live-0164", "span_id": "span-1645", "message": "Database timeout", "metric": 63.04}
{"timestamp": "2025-12-04T02:46:58.575945+00:00", "level": "INFO", "service": "api", "thread_id": "t-api-046", "correlation_id": "live-0164", "trace_id": "trace-live-0164", "span_id": "span-1646", "message": "heartbeat ok", "metric": 67.6}
{"timestamp": "2025-12-04T02:46:58.726190+00:00", "level": "INFO", "service": "search", "thread_id": "t-search-047", "correlation_id": "live-0164", "trace_id": "trace-live-0164", "span_id": "span-1647", "message": "heartbeat ok", "metric": 75.35}
{"timestamp": "2025-12-04T02:46:58.876429+00:00", "level": "INFO", "service": "ledger", "thread_id": "t-ledger-048", "correlation_id": "live-0164", "trace_id": "trace-live-0164", "span_id": "span-1648", "message": "heartbeat ok", "metric": 18.46}
{"timestamp": "2025-12-04T02:46:59.026667+00:00", "level": "INFO", "service": "ledger", "thread_id": "t-ledger-049", "correlation_id": "live-0164", "trace_id": "trace-live-0164", "span_id": "span-1649", "message": "heartbeat ok", "metric": 5.39}
{"timestamp": "2025-12-04T02:46:59.176960+00:00", "level": "ERROR", "service": "api", "thread_id": "t-api-000", "correlation_id": "live-0165", "trace_id": "trace-live-0165", "span_id": "span-1650", "message": "Database timeout", "metric": 12.8}
{"timestamp": "2025-12-04T02:46:59.327244+00:00", "level": "INFO", "service": "search", "thread_id": "t-search-001", "correlation_id": "live-0165", "trace_id": "trace-live-0165", "span_id": "span-1651", "message": "heartbeat ok", "metric": 94.71}
{"timestamp": "2025-12-04T02:46:59.477508+00:00", "level": "WARN", "service": "search", "thread_id": "t-search-002", "correlation_id": "live-0165", "trace_id": "trace-live-0165", "span_id": "span-1652", "message": "cache miss spike", "metric": 46.42}
{"timestamp": "2025-12-04T02:46:59.627714+00:00", "level": "INFO", "service": "auth", "thread_id": "t-auth-003", "correlation_id": "live-0165", "trace_id": "trace-live-0165", "span_id": "span-1653", "message": "heartbeat ok", "metric": 69.28}
{"timestamp": "2025-12-04T02:46:59.777865+00:00", "level": "WARN", "service": "ledger", "thread_id": "t-ledger-004", "correlation_id": "live-0165", "trace_id": "trace-live-0165", "span_id": "span-1654", "message": "cache miss spike", "metric": 44.84}
{"timestamp": "2025-12-04T02:46:59.928038+00:00", "level": "INFO", "service": "payments", "thread_id": "t-payments-005", "correlation_id": "live-0165", "trace_id": "trace-live-0165", "span_id": "span-1655", "message": "heartbeat ok", "metric": 39.11}
{"timestamp": "2025-12-04T02:47:00.078269+00:00", "level": "INFO", "service": "payments", "thread_id": "t-payments-006", "correlation_id": "live-0165", "trace_id": "trace-live-0165", "span_id": "span-1656", "message": "heartbeat ok", "metric": 9.89}
{"timestamp": "2025-12-04T02:47:00.228512+00:00", "level": "INFO", "service": "auth", "thread_id": "t-auth-007", "correlation_id": "live-0165", "trace_id": "trace-live-0165", "span_id": "span-1657", "message": "heartbeat ok", "metric": 65.56}
{"timestamp": "2025-12-04T02:47:00.378728+00:00", "level": "INFO", "service": "api", "thread_id": "t-api-008", "correlation_id": "live-0165", "trace_id": "trace-live-0165", "span_id": "span-1658", "message": "heartbeat ok", "metric": 92.33}
{"timestamp": "2025-12-04T02:47:00.528999+00:00", "level": "INFO", "service": "ledger", "thread_id": "t-ledger-009", "correlation_id": "live-0165", "trace_id": "trace-live-0165", "span_id": "span-1659", "message": "heartbeat ok", "metric": 45.11}
{"timestamp": "2025-12-04T02:47:00.679207+00:00", "level": "INFO", "service": "payments", "thread_id": "t-payments-010", "correlation_id": "live-0166", "trace_id": "trace-live-0166", "span_id": "span-1660", "message": "heartbeat ok", "metric": 6.52}
{"timestamp": "2025-12-04T02:47:00.829450+00:00", "level": "INFO", "service": "api", "thread_id": "t-api-011", "correlation_id": "live-0166", "trace_id": "trace-live-0166", "span_id": "span-1661", "message": "heartbeat ok", "metric": 54.2}
{"timestamp": "2025-12-04T02:47:00.979662+00:00", "level": "INFO", "service": "api", "thread_id": "t-api-012", "correlation_id": "live-0166", "trace_id": "trace-live-0166", "span_id": "span-1662", "message": "heartbeat ok", "metric": 15.22}
{"timestamp": "2025-12-04T02:47:01.129969+00:00", "level": "ERROR", "service": "payments", "thread_id": "t-payments-013", "correlation_id": "live-0166", "trace_id": "trace-live-0166", "span_id": "span-1663", "message": "Database timeout", "metric": 25.61}
{"timestamp": "2025-12-04T02:47:01.280264+00:00", "level": "INFO", "service": "api", "thread_id": "t-api-014", "correlation_id": "live-0166", "trace_id": "trace-live-0166", "span_id": "span-1664", "message": "heartbeat ok", "metric": 65.77}
{"timestamp": "2025-12-04T02:47:01.430537+00:00", "level": "INFO", "service": "payments", "thread_id": "t-payments-015", "correlation_id": "live-0166", "trace_id": "trace-live-0166", "span_id": "span-1665", "message": "heartbeat ok", "metric": 30.89}
{"timestamp": "2025-12-04T02:47:01.580773+00:00", "level": "INFO", "service": "payments", "thread_id": "t-payments-016", "correlation_id": "live-0166", "trace_id": "trace-live-0166", "span_id": "span-1666", "message": "heartbeat ok", "metric": 46.44}
{"timestamp": "2025-12-04T02:47:01.731036+00:00", "level": "INFO", "service": "auth", "thread_id": "t-auth-017", "correlation_id": "live-0166", "trace_id": "trace-live-0166", "span_id": "span-1667", "message": "heartbeat ok", "metric": 42.8}
{"timestamp": "2025-12-04T02:47:01.881256+00:00", "level": "INFO", "service": "auth", "thread_id": "t-auth-018", "correlation_id": "live-0166", "trace_id": "trace-live-0166", "span_id": "span-1668", "message": "heartbeat ok", "metric": 17.38}
{"timestamp": "2025-12-04T02:47:02.031475+00:00", "level": "INFO", "service": "payments", "thread_id": "t-payments-019", "correlation_id": "live-0166", "trace_id": "trace-live-0166", "span_id": "span-1669", "message": "heartbeat ok", "metric": 66.16}
{"timestamp": "2025-12-04T02:47:02.181703+00:00", "level": "WARN", "service": "auth", "thread_id": "t-auth-020", "correlation_id": "live-0167", "trace_id": "trace-live-0167", "span_id": "span-1670", "message": "cache miss spike", "metric": 85.94}
{"timestamp": "2025-12-04T02:47:02.331952+00:00", "level": "INFO", "service": "payments", "thread_id": "t-payments-021", "correlation_id": "live-0167", "trace_id": "trace-live-0167", "span_id": "span-1671", "message": "heartbeat ok", "metric": 97.37}
{"timestamp": "2025-12-04T02:47:02.482184+00:00", "level": "ERROR", "service": "payments", "thread_id": "t-payments-022", "correlation_id": "live-0167", "trace_id": "trace-live-0167", "span_id": "span-1672", "message": "Database timeout", "metric": 65.4}
{"timestamp": "2025-12-04T02:47:02.632433+00:00", "level": "INFO", "service": "ledger", "thread_id": "t-ledger-023", "correlation_id": "live-0167", "trace_id": "trace-live-0167", "span_id": "span-1673", "message": "heartbeat ok", "metric": 90.31}
{"timestamp": "2025-12-04T02:47:02.782639+00:00", "level": "INFO", "service": "ledger", "thread_id": "t-ledger-024", "correlation_id": "live-0167", "trace_id": "trace-live-0167", "span_id": "span-1674", "message": "heartbeat ok", "metric": 17.17}
{"timestamp": "2025-12-04T02:47:02.932837+00:00", "level": "INFO", "service": "auth", "thread_id": "t-auth-025", "correlation_id": "live-0167", "trace_id": "trace-live-0167", "span_id": "span-1675", "message": "heartbeat ok", "metric": 49.45}
{"timestamp": "2025-12-04T02:47:03.083067+00:00", "level": "INFO", "service": "api", "thread_id": "t-api-026", "correlation_id": "live-0167", "trace_id": "trace-live-0167", "span_id": "span-1676", "message": "heartbeat ok", "metric": 29.66}
{"timestamp": "2025-12-04T02:47:03.233257+00:00", "level": "WARN", "service": "search", "thread_id": "t-search-027", "correlation_id": "live-0167", "trace_id": "trace-live-0167", "span_id": "span-1677", "message": "cache miss spike", "metric": 96.7}
{"timestamp": "2025-12-04T02:47:03.383476+00:00", "level": "INFO", "service": "payments", "thread_id": "t-payments-028", "correlation_id": "live-0167", "trace_id": "trace-live-0167", "span_id": "span-1678", "message": "heartbeat ok", "metric": 79.15}
{"timestamp": "2025-12-04T02:47:03.533715+00:00", "level": "WARN", "service": "ledger", "thread_id": "t-ledger-029", "correlation_id": "live-0167", "trace_id": "trace-live-0167", "span_id": "span-1679", "message": "cache miss spike", "metric": 46.39}
{"timestamp": "2025-12-04T02:47:03.683962+00:00", "level": "INFO", "service": "auth", "thread_id": "t-auth-030", "correlation_id": "live-0168", "trace_id": "trace-live-0168", "span_id": "span-1680", "message": "heartbeat ok", "metric": 68.47}
{"timestamp": "2025-12-04T02:47:03.834142+00:00", "level": "INFO", "service": "ledger", "thread_id": "t-ledger-031", "correlation_id": "live-0168", "trace_id": "trace-live-0168", "span_id": "span-1681", "message": "heartbeat ok", "metric": 68.92}
{"timestamp": "2025-12-04T02:47:03.984363+00:00", "level": "INFO", "service": "payments", "thread_id": "t-payments-032", "correlation_id": "live-0168", "trace_id": "trace-live-0168", "span_id": "span-1682", "message": "heartbeat ok", "metric": 18.35}
{"timestamp": "2025-12-04T02:47:04.134622+00:00", "level": "INFO", "service": "payments", "thread_id": "t-payments-033", "correlation_id": "live-0168", "trace_id": "trace-live-0168", "span_id": "span-1683", "message": "heartbeat ok", "metric": 76.62}
{"timestamp": "2025-12-04T02:47:04.284869+00:00", "level": "INFO", "service": "search", "thread_id": "t-search-034", "correlation_id": "live-0168", "trace_id": "trace-live-0168", "span_id": "span-1684", "message": "heartbeat ok", "metric": 15.6}
{"timestamp": "2025-12-04T02:47:04.435115+00:00", "level": "INFO", "service": "ledger", "thread_id": "t-ledger-035", "correlation_id": "live-0168", "trace_id": "trace-live-0168", "span_id": "span-1685", "message": "heartbeat ok", "metric": 35.17}
{"timestamp": "2025-12-04T02:47:04.585372+00:00", "level": "INFO", "service": "payments", "thread_id": "t-payments-036", "correlation_id": "live-0168", "trace_id": "trace-live-0168", "span_id": "span-1686", "message": "heartbeat ok", "metric": 52.18}
{"timestamp": "2025-12-04T02:47:04.735656+00:00", "level": "ERROR", "service": "auth", "thread_id": "t-auth-037", "correlation_id": "live-0168", "trace_id": "trace-live-0168", "span_id": "span-1687", "message": "Database timeout", "metric": 97.77}
{"timestamp": "2025-12-04T02:47:04.885954+00:00", "level": "INFO", "service": "api", "thread_id": "t-api-038", "correlation_id": "live-0168", "trace_id": "trace-live-0168", "span_id": "span-1688", "message": "heartbeat ok", "metric": 64.24}
{"timestamp": "2025-12-04T02:47:05.036195+00:00", "level": "WARN", "service": "api", "thread_id": "t-api-039", "correlation_id": "live-0168", "trace_id": "trace-live-0168", "span_id": "span-1689", "message": "cache miss spike", "metric": 64.67}
{"timestamp": "2025-12-04T02:47:05.186405+00:00", "level": "INFO", "service": "api", "thread_id": "t-api-040", "correlation_id": "live-0169", "trace_id": "trace-live-0169", "span_id": "span-1690", "message": "heartbeat ok", "metric": 65.58}
{"timestamp": "2025-12-04T02:47:05.336628+00:00", "level": "INFO", "service": "ledger", "thread_id": "t-ledger-041", "correlation_id": "live-0169", "trace_id": "trace-live-0169", "span_id": "span-1691", "message": "heartbeat ok", "metric": 82.51}
{"timestamp": "2025-12-04T02:47:05.486859+00:00", "level": "WARN", "service": "payments", "thread_id": "t-payments-042", "correlation_id": "live-0169", "trace_id": "trace-live-0169", "span_id": "span-1692", "message": "cache miss spike", "metric": 42.56}
{"timestamp": "2025-12-04T02:47:05.637145+00:00", "level": "INFO", "service": "search", "thread_id": "t-search-043", "correlation_id": "live-0169", "trace_id": "trace-live-0169", "span_id": "span-1693", "message": "heartbeat ok", "metric": 57.31}
{"timestamp": "2025-12-04T02:47:05.787399+00:00", "level": "INFO", "service": "auth", "thread_id": "t-auth-044", "correlation_id": "live-0169", "trace_id": "trace-live-0169", "span_id": "span-1694", "message": "heartbeat ok", "metric": 12.59}
{"timestamp": "2025-12-04T02:47:05.937652+00:00", "level": "WARN", "service": "payments", "thread_id": "t-payments-045", "correlation_id": "live-0169", "trace_id": "trace-live-0169", "span_id": "span-1695", "message": "cache miss spike", "metric": 75.08}
{"timestamp": "2025-12-04T02:47:06.087874+00:00", "level": "INFO", "service": "auth", "thread_id": "t-auth-046", "correlation_id": "live-0169", "trace_id": "trace-live-0169", "span_id": "span-1696", "message": "heartbeat ok", "metric": 47.88}
{"timestamp": "2025-12-04T02:47:06.238175+00:00", "level": "INFO", "service": "ledger", "thread_id": "t-ledger-047", "correlation_id": "live-0169", "trace_id": "trace-live-0169", "span_id": "span-1697", "message": "heartbeat ok", "metric": 62.13}
{"timestamp": "2025-12-04T02:47:06.388392+00:00", "level": "WARN", "service": "auth", "thread_id": "t-auth-048", "correlation_id": "live-0169", "trace_id": "trace-live-0169", "span_id": "span-1698", "message": "cache miss spike", "metric": 46.11}
{"timestamp": "2025-12-04T02:47:06.538634+00:00", "level": "WARN", "service": "ledger", "thread_id": "t-ledger-049", "correlation_id": "live-0169", "trace_id": "trace-live-0169", "span_id": "span-1699", "message": "cache miss spike", "metric": 72.34}
{"timestamp": "2025-12-04T02:47:06.688845+00:00", "level": "INFO", "service": "api", "thread_id": "t-api-000", "correlation_id": "live-0170", "trace_id": "trace-live-0170", "span_id": "span-1700", "message": "heartbeat ok", "metric": 51.84}
{"timestamp": "2025-12-04T02:47:06.839039+00:00", "level": "INFO", "service": "search", "thread_id": "t-search-001", "correlation_id": "live-0170", "trace_id": "trace-live-0170", "span_id": "span-1701", "message": "heartbeat ok", "metric": 48.19}
{"timestamp": "2025-12-04T02:47:06.989264+00:00", "level": "INFO", "service": "api", "thread_id": "t-api-002", "correlation_id": "live-0170", "trace_id": "trace-live-0170", "span_id": "span-1702", "message": "heartbeat ok", "metric": 94.78}
{"timestamp": "2025-12-04T02:47:07.139503+00:00", "level": "WARN", "service": "search", "thread_id": "t-search-003", "correlation_id": "live-0170", "trace_id": "trace-live-0170", "span_id": "span-1703", "message": "cache miss spike", "metric": 95.74}
{"timestamp": "2025-12-04T02:47:07.289765+00:00", "level": "INFO", "service": "search", "thread_id": "t-search-004", "correlation_id": "live-0170", "trace_id": "trace-live-0170", "span_id": "span-1704", "message": "heartbeat ok", "metric": 98.21}
{"timestamp": "2025-12-04T02:47:07.440031+00:00", "level": "INFO", "service": "ledger", "thread_id": "t-ledger-005", "correlation_id": "live-0170", "trace_id": "trace-live-0170", "span_id": "span-1705", "message": "heartbeat ok", "metric": 3.02}
{"timestamp": "2025-12-04T02:47:07.590320+00:00", "level": "INFO", "service": "search", "thread_id": "t-search-006", "correlation_id": "live-0170", "trace_id": "trace-live-0170", "span_id": "span-1706", "message": "heartbeat ok", "metric": 39.07}
{"timestamp": "2025-12-04T02:47:07.740575+00:00", "level": "WARN", "service": "ledger", "thread_id": "t-ledger-007", "correlation_id": "live-0170", "trace_id": "trace-live-0170", "span_id": "span-1707", "message": "cache miss spike", "metric": 39.3}
{"timestamp": "2025-12-04T02:47:07.890730+00:00", "level": "WARN", "service": "api", "thread_id": "t-api-008", "correlation_id": "live-0170", "trace_id": "trace-live-0170", "span_id": "span-1708", "message": "cache miss spike", "metric": 10.97}
{"timestamp": "2025-12-04T02:47:08.040920+00:00", "level": "INFO", "service": "api", "thread_id": "t-api-009", "correlation_id": "live-0170", "trace_id": "trace-live-0170", "span_id": "span-1709", "message": "heartbeat ok", "metric": 50.8}
{"timestamp": "2025-12-04T02:47:08.191186+00:00", "level": "INFO", "service": "auth", "thread_id": "t-auth-010", "correlation_id": "live-0171", "trace_id": "trace-live-0171", "span_id": "span-1710", "message": "heartbeat ok", "metric": 12.33}
{"timestamp": "2025-12-04T02:47:08.341485+00:00", "level": "WARN", "service": "payments", "thread_id": "t-payments-011", "correlation_id": "live-0171", "trace_id": "trace-live-0171", "span_id": "span-1711", "message": "cache miss spike", "metric": 15.22}
{"timestamp": "2025-12-04T02:47:08.491738+00:00", "level": "INFO", "service": "auth", "thread_id": "t-auth-012", "correlation_id": "live-0171", "trace_id": "trace-live-0171", "span_id": "span-1712", "message": "heartbeat ok", "metric": 72.7}
{"timestamp": "2025-12-04T02:47:08.641956+00:00", "level": "INFO", "service": "api", "thread_id": "t-api-013", "correlation_id": "live-0171", "trace_id": "trace-live-0171", "span_id": "span-1713", "message": "heartbeat ok", "metric": 70.89}
{"timestamp": "2025-12-04T02:47:08.792203+00:00", "level": "INFO", "service": "search", "thread_id": "t-search-014", "correlation_id": "live-0171", "trace_id": "trace-live-0171", "span_id": "span-1714", "message": "heartbeat ok", "metric": 21.34}
{"timestamp": "2025-12-04T02:47:08.942437+00:00", "level": "INFO", "service": "search", "thread_id": "t-search-015", "correlation_id": "live-0171", "trace_id": "trace-live-0171", "span_id": "span-1715", "message": "heartbeat ok", "metric": 19.07}
{"timestamp": "2025-12-04T02:47:09.092672+00:00", "level": "WARN", "service": "ledger", "thread_id": "t-ledger-016", "correlation_id": "live-0171", "trace_id": "trace-live-0171", "span_id": "span-1716", "message": "cache miss spike", "metric": 66.82}
{"timestamp": "2025-12-04T02:47:09.242942+00:00", "level": "INFO", "service": "api", "thread_id": "t-api-017", "correlation_id": "live-0171", "trace_id": "trace-live-0171", "span_id": "span-1717", "message": "heartbeat ok", "metric": 49.08}
{"timestamp": "2025-12-04T02:47:09.393161+00:00", "level": "INFO", "service": "auth", "thread_id": "t-auth-018", "correlation_id": "live-0171", "trace_id": "trace-live-0171", "span_id": "span-1718", "message": "heartbeat ok", "metric": 26.28}
{"timestamp": "2025-12-04T02:47:09.543402+00:00", "level": "WARN", "service": "api", "thread_id": "t-api-019", "correlation_id": "live-0171", "trace_id": "trace-live-0171", "span_id": "span-1719", "message": "cache miss spike", "metric": 69.82}
{"timestamp": "2025-12-04T02:47:09.693634+00:00", "level": "INFO", "service": "auth", "thread_id": "t-auth-020", "correlation_id": "live-0172", "trace_id": "trace-live-0172", "span_id": "span-1720", "message": "heartbeat ok", "metric": 28.23}
{"timestamp": "2025-12-04T02:47:09.843930+00:00", "level": "INFO", "service": "ledger", "thread_id": "t-ledger-021", "correlation_id": "live-0172", "trace_id": "trace-live-0172", "span_id": "span-1721", "message": "heartbeat ok", "metric": 66.82}
{"timestamp": "2025-12-04T02:47:09.994217+00:00", "level": "INFO", "service": "payments", "thread_id": "t-payments-022", "correlation_id": "live-0172", "trace_id": "trace-live-0172", "span_id": "span-1722", "message": "heartbeat ok", "metric": 84.66}
{"timestamp": "2025-12-04T02:47:10.144459+00:00", "level": "INFO", "service": "ledger", "thread_id": "t-ledger-023", "correlation_id": "live-0172", "trace_id": "trace-live-0172", "span_id": "span-1723", "message": "heartbeat ok", "metric": 43.44}
{"timestamp": "2025-12-04T02:47:10.294697+00:00", "level": "ERROR", "service": "ledger", "thread_id": "t-ledger-024", "correlation_id": "live-0172", "trace_id": "trace-live-0172", "span_id": "span-1724", "message": "Database timeout", "metric": 63.95}
{"timestamp": "2025-12-04T02:47:10.444933+00:00", "level": "WARN", "service": "api", "thread_id": "t-api-025", "correlation_id": "live-0172", "trace_id": "trace-live-0172", "span_id": "span-1725", "message": "cache miss spike", "metric": 2.59}
{"timestamp": "2025-12-04T02:47:10.595114+00:00", "level": "ERROR", "service": "search", "thread_id": "t-search-026", "correlation_id": "live-0172", "trace_id": "trace-live-0172", "span_id": "span-1726", "message": "Database timeout", "metric": 55.75}
{"timestamp": "2025-12-04T02:47:10.745374+00:00", "level": "INFO", "service": "search", "thread_id": "t-search-027", "correlation_id": "live-0172", "trace_id": "trace-live-0172", "span_id": "span-1727", "message": "heartbeat ok", "metric": 11.75}
{"timestamp": "2025-12-04T02:47:10.895575+00:00", "level": "WARN", "service": "api", "thread_id": "t-api-028", "correlation_id": "live-0172", "trace_id": "trace-live-0172", "span_id": "span-1728", "message": "cache miss spike", "metric": 11.52}
{"timestamp": "2025-12-04T02:47:11.045765+00:00", "level": "WARN", "service": "ledger", "thread_id": "t-ledger-029", "correlation_id": "live-0172", "trace_id": "trace-live-0172", "span_id": "span-1729", "message": "cache miss spike", "metric": 3.47}
{"timestamp": "2025-12-04T02:47:11.195996+00:00", "level": "INFO", "service": "ledger", "thread_id": "t-ledger-030", "correlation_id": "live-0173", "trace_id": "trace-live-0173", "span_id": "span-1730", "message": "heartbeat ok", "metric": 86.78}
{"timestamp": "2025-12-04T02:47:11.346234+00:00", "level": "WARN", "service": "auth", "thread_id": "t-auth-031", "correlation_id": "live-0173", "trace_id": "trace-live-0173", "span_id": "span-1731", "message": "cache miss spike", "metric": 0.49}
{"timestamp": "2025-12-04T02:47:11.496398+00:00", "level": "WARN", "service": "auth", "thread_id": "t-auth-032", "correlation_id": "live-0173", "trace_id": "trace-live-0173", "span_id": "span-1732", "message": "cache miss spike", "metric": 44.83}
{"timestamp": "2025-12-04T02:47:11.646669+00:00", "level": "WARN", "service": "ledger", "thread_id": "t-ledger-033", "correlation_id": "live-0173", "trace_id": "trace-live-0173", "span_id": "span-1733", "message": "cache miss spike", "metric": 60.62}
{"timestamp": "2025-12-04T02:47:11.797008+00:00", "level": "INFO", "service": "auth", "thread_id": "t-auth-034", "correlation_id": "live-0173", "trace_id": "trace-live-0173", "span_id": "span-1734", "message": "heartbeat ok", "metric": 7.6}
{"timestamp": "2025-12-04T02:47:11.947263+00:00", "level": "WARN", "service": "payments", "thread_id": "t-payments-035", "correlation_id": "live-0173", "trace_id": "trace-live-0173", "span_id": "span-1735", "message": "cache miss spike", "metric": 97.15}
{"timestamp": "2025-12-04T02:47:12.097470+00:00", "level": "ERROR", "service": "api", "thread_id": "t-api-036", "correlation_id": "live-0173", "trace_id": "trace-live-0173", "span_id": "span-1736", "message": "Database timeout", "metric": 17.06}
{"timestamp": "2025-12-04T02:47:12.247645+00:00", "level": "INFO", "service": "payments", "thread_id": "t-payments-037", "correlation_id": "live-0173", "trace_id": "trace-live-0173", "span_id": "span-1737", "message": "heartbeat ok", "metric": 97.06}
{"timestamp": "2025-12-04T02:47:12.397844+00:00", "level": "INFO", "service": "payments", "thread_id": "t-payments-038", "correlation_id": "live-0173", "trace_id": "trace-live-0173", "span_id": "span-1738", "message": "heartbeat ok", "metric": 8.04}
{"timestamp": "2025-12-04T02:47:12.548132+00:00", "level": "INFO", "service": "ledger", "thread_id": "t-ledger-039", "correlation_id": "live-0173", "trace_id": "trace-live-0173", "span_id": "span-1739", "message": "heartbeat ok", "metric": 38.2}
{"timestamp": "2025-12-04T02:47:12.698396+00:00", "level": "INFO", "service": "ledger", "thread_id": "t-ledger-040", "correlation_id": "live-0174", "trace_id": "trace-live-0174", "span_id": "span-1740", "message": "heartbeat ok", "metric": 29.08}
{"timestamp": "2025-12-04T02:47:12.848608+00:00", "level": "INFO", "service": "search", "thread_id": "t-search-041", "correlation_id": "live-0174", "trace_id": "trace-live-0174", "span_id": "span-1741", "message": "heartbeat ok", "metric": 11.14}
{"timestamp": "2025-12-04T02:47:12.998810+00:00", "level": "INFO", "service": "payments", "thread_id": "t-payments-042", "correlation_id": "live-0174", "trace_id": "trace-live-0174", "span_id": "span-1742", "message": "heartbeat ok", "metric": 61.11}
{"timestamp": "2025-12-04T02:47:13.149050+00:00", "level": "WARN", "service": "ledger", "thread_id": "t-ledger-043", "correlation_id": "live-0174", "trace_id": "trace-live-0174", "span_id": "span-1743", "message": "cache miss spike", "metric": 46.82}
{"timestamp": "2025-12-04T02:47:13.299268+00:00", "level": "INFO", "service": "search", "thread_id": "t-search-044", "correlation_id": "live-0174", "trace_id": "trace-live-0174", "span_id": "span-1744", "message": "heartbeat ok", "metric": 83.94}
{"timestamp": "2025-12-04T02:47:13.449524+00:00", "level": "INFO", "service": "api", "thread_id": "t-api-045", "correlation_id": "live-0174", "trace_id": "trace-live-0174", "span_id": "span-1745", "message": "heartbeat ok", "metric": 58.55}
{"timestamp": "2025-12-04T02:47:13.599823+00:00", "level": "INFO", "service": "payments", "thread_id": "t-payments-046", "correlation_id": "live-0174", "trace_id": "trace-live-0174", "span_id": "span-1746", "message": "heartbeat ok", "metric": 61.02}
{"timestamp": "2025-12-04T02:47:13.750134+00:00", "level": "INFO", "service": "api", "thread_id": "t-api-047", "correlation_id": "live-0174", "trace_id": "trace-live-0174", "span_id": "span-1747", "message": "heartbeat ok", "metric": 26.36}
{"timestamp": "2025-12-04T02:47:13.900356+00:00", "level": "WARN", "service": "ledger", "thread_id": "t-ledger-048", "correlation_id": "live-0174", "trace_id": "trace-live-0174", "span_id": "span-1748", "message": "cache miss spike", "metric": 93.81}
{"timestamp": "2025-12-04T02:47:14.050579+00:00", "level": "WARN", "service": "api", "thread_id": "t-api-049", "correlation_id": "live-0174", "trace_id": "trace-live-0174", "span_id": "span-1749", "message": "cache miss spike", "metric": 28.9}
{"timestamp": "2025-12-04T02:47:14.200832+00:00", "level": "WARN", "service": "auth", "thread_id": "t-auth-000", "correlation_id": "live-0175", "trace_id": "trace-live-0175", "span_id": "span-1750", "message": "cache miss spike", "metric": 5.66}
{"timestamp": "2025-12-04T02:47:14.351055+00:00", "level": "INFO", "service": "auth", "thread_id": "t-auth-001", "correlation_id": "live-0175", "trace_id": "trace-live-0175", "span_id": "span-1751", "message": "heartbeat ok", "metric": 22.04}
{"timestamp": "2025-12-04T02:47:14.501334+00:00", "level": "INFO", "service": "payments", "thread_id": "t-payments-002", "correlation_id": "live-0175", "trace_id": "trace-live-0175", "span_id": "span-1752", "message": "heartbeat ok", "metric": 21.7}
{"timestamp": "2025-12-04T02:47:14.651593+00:00", "level": "INFO", "service": "search", "thread_id": "t-search-003", "correlation_id": "live-0175", "trace_id": "trace-live-0175", "span_id": "span-1753", "message": "heartbeat ok", "metric": 38.04}
{"timestamp": "2025-12-04T02:47:14.801806+00:00", "level": "INFO", "service": "auth", "thread_id": "t-auth-004", "correlation_id": "live-0175", "trace_id": "trace-live-0175", "span_id": "span-1754", "message": "heartbeat ok", "metric": 88.43}
{"timestamp": "2025-12-04T02:47:14.952025+00:00", "level": "ERROR", "service": "payments", "thread_id": "t-payments-005", "correlation_id": "live-0175", "trace_id": "trace-live-0175", "span_id": "span-1755", "message": "Database timeout", "metric": 96.97}
{"timestamp": "2025-12-04T02:47:15.102225+00:00", "level": "INFO", "service": "auth", "thread_id": "t-auth-006", "correlation_id": "live-0175", "trace_id": "trace-live-0175", "span_id": "span-1756", "message": "heartbeat ok", "metric": 52.15}
{"timestamp": "2025-12-04T02:47:15.252460+00:00", "level": "INFO", "service": "ledger", "thread_id": "t-ledger-007", "correlation_id": "live-0175", "trace_id": "trace-live-0175", "span_id": "span-1757", "message": "heartbeat ok", "metric": 46.64}
{"timestamp": "2025-12-04T02:47:15.402663+00:00", "level": "INFO", "service": "auth", "thread_id": "t-auth-008", "correlation_id": "live-0175", "trace_id": "trace-live-0175", "span_id": "span-1758", "message": "heartbeat ok", "metric": 57.13}
{"timestamp": "2025-12-04T02:47:15.552978+00:00", "level": "INFO", "service": "api", "thread_id": "t-api-009", "correlation_id": "live-0175", "trace_id": "trace-live-0175", "span_id": "span-1759", "message": "heartbeat ok", "metric": 44.01}
{"timestamp": "2025-12-04T02:47:15.703231+00:00", "level": "WARN", "service": "auth", "thread_id": "t-auth-010", "correlation_id": "live-0176", "trace_id": "trace-live-0176", "span_id": "span-1760", "message": "cache miss spike", "metric": 13.79}
{"timestamp": "2025-12-04T02:47:15.853467+00:00", "level": "WARN", "service": "ledger", "thread_id": "t-ledger-011", "correlation_id": "live-0176", "trace_id": "trace-live-0176", "span_id": "span-1761", "message": "cache miss spike", "metric": 89.8}
{"timestamp": "2025-12-04T02:47:16.003722+00:00", "level": "INFO", "service": "payments", "thread_id": "t-payments-012", "correlation_id": "live-0176", "trace_id": "trace-live-0176", "span_id": "span-1762", "message": "heartbeat ok", "metric": 48.48}
{"timestamp": "2025-12-04T02:47:16.153957+00:00", "level": "WARN", "service": "ledger", "thread_id": "t-ledger-013", "correlation_id": "live-0176", "trace_id": "trace-live-0176", "span_id": "span-1763", "message": "cache miss spike", "metric": 77.48}
{"timestamp": "2025-12-04T02:47:16.304138+00:00", "level": "INFO", "service": "ledger", "thread_id": "t-ledger-014", "correlation_id": "live-0176", "trace_id": "trace-live-0176", "span_id": "span-1764", "message": "heartbeat ok", "metric": 78.86}
{"timestamp": "2025-12-04T02:47:16.454324+00:00", "level": "INFO", "service": "auth", "thread_id": "t-auth-015", "correlation_id": "live-0176", "trace_id": "trace-live-0176", "span_id": "span-1765", "message": "heartbeat ok", "metric": 23.22}
{"timestamp": "2025-12-04T02:47:16.604536+00:00", "level": "INFO", "service": "api", "thread_id": "t-api-016", "correlation_id": "live-0176", "trace_id": "trace-live-0176", "span_id": "span-1766", "message": "heartbeat ok", "metric": 96.36}
{"timestamp": "2025-12-04T02:47:16.754796+00:00", "level": "INFO", "service": "payments", "thread_id": "t-payments-017", "correlation_id": "live-0176", "trace_id": "trace-live-0176", "span_id": "span-1767", "message": "heartbeat ok", "metric": 26.8}
{"timestamp": "2025-12-04T02:47:16.905102+00:00", "level": "ERROR", "service": "ledger", "thread_id": "t-ledger-018", "correlation_id": "live-0176", "trace_id": "trace-live-0176", "span_id": "span-1768", "message": "Database timeout", "metric": 48.17}
{"timestamp": "2025-12-04T02:47:17.055377+00:00", "level": "ERROR", "service": "auth", "thread_id": "t-auth-019", "correlation_id": "live-0176", "trace_id": "trace-live-0176", "span_id": "span-1769", "message": "Database timeout", "metric": 48.21}
{"timestamp": "2025-12-04T02:47:17.205622+00:00", "level": "INFO", "service": "search", "thread_id": "t-search-020", "correlation_id": "live-0177", "trace_id": "trace-live-0177", "span_id": "span-1770", "message": "heartbeat ok", "metric": 7.25}
{"timestamp": "2025-12-04T02:47:17.355866+00:00", "level": "INFO", "service": "payments", "thread_id": "t-payments-021", "correlation_id": "live-0177", "trace_id": "trace-live-0177", "span_id": "span-1771", "message": "heartbeat ok", "metric": 40.03}
{"timestamp": "2025-12-04T02:47:17.506045+00:00", "level": "INFO", "service": "auth", "thread_id": "t-auth-022", "correlation_id": "live-0177", "trace_id": "trace-live-0177", "span_id": "span-1772", "message": "heartbeat ok", "metric": 29.26}
{"timestamp": "2025-12-04T02:47:17.656258+00:00", "level": "WARN", "service": "payments", "thread_id": "t-payments-023", "correlation_id": "live-0177", "trace_id": "trace-live-0177", "span_id": "span-1773", "message": "cache miss spike", "metric": 50.96}
{"timestamp": "2025-12-04T02:47:17.806477+00:00", "level": "INFO", "service": "api", "thread_id": "t-api-024", "correlation_id": "live-0177", "trace_id": "trace-live-0177", "span_id": "span-1774", "message": "heartbeat ok", "metric": 23.54}
{"timestamp": "2025-12-04T02:47:17.956671+00:00", "level": "WARN", "service": "ledger", "thread_id": "t-ledger-025", "correlation_id": "live-0177", "trace_id": "trace-live-0177", "span_id": "span-1775", "message": "cache miss spike", "metric": 20.19}
{"timestamp": "2025-12-04T02:47:18.106849+00:00", "level": "WARN", "service": "auth", "thread_id": "t-auth-026", "correlation_id": "live-0177", "trace_id": "trace-live-0177", "span_id": "span-1776", "message": "cache miss spike", "metric": 96.71}
{"timestamp": "2025-12-04T02:47:18.257101+00:00", "level": "INFO", "service": "api", "thread_id": "t-api-027", "correlation_id": "live-0177", "trace_id": "trace-live-0177", "span_id": "span-1777", "message": "heartbeat ok", "metric": 37.47}
{"timestamp": "2025-12-04T02:47:18.407330+00:00", "level": "INFO", "service": "ledger", "thread_id": "t-ledger-028", "correlation_id": "live-0177", "trace_id": "trace-live-0177", "span_id": "span-1778", "message": "heartbeat ok", "metric": 34.34}
{"timestamp": "2025-12-04T02:47:18.557541+00:00", "level": "INFO", "service": "payments", "thread_id": "t-payments-029", "correlation_id": "live-0177", "trace_id": "trace-live-0177", "span_id": "span-1779", "message": "heartbeat ok", "metric": 74.86}
{"timestamp": "2025-12-04T02:47:18.707799+00:00", "level": "WARN", "service": "search", "thread_id": "t-search-030", "correlation_id": "live-0178", "trace_id": "trace-live-0178", "span_id": "span-1780", "message": "cache miss spike", "metric": 28.01}
{"timestamp": "2025-12-04T02:47:18.858027+00:00", "level": "INFO", "service": "payments", "thread_id": "t-payments-031", "correlation_id": "live-0178", "trace_id": "trace-live-0178", "span_id": "span-1781", "message": "heartbeat ok", "metric": 96.8}
{"timestamp": "2025-12-04T02:47:19.008313+00:00", "level": "INFO", "service": "ledger", "thread_id": "t-ledger-032", "correlation_id": "live-0178", "trace_id": "trace-live-0178", "span_id": "span-1782", "message": "heartbeat ok", "metric": 90.23}
{"timestamp": "2025-12-04T02:47:19.158576+00:00", "level": "INFO", "service": "search", "thread_id": "t-search-033", "correlation_id": "live-0178", "trace_id": "trace-live-0178", "span_id": "span-1783", "message": "heartbeat ok", "metric": 21.48}
{"timestamp": "2025-12-04T02:47:19.308840+00:00", "level": "WARN", "service": "ledger", "thread_id": "t-ledger-034", "correlation_id": "live-0178", "trace_id": "trace-live-0178", "span_id": "span-1784", "message": "cache miss spike", "metric": 54.11}
{"timestamp": "2025-12-04T02:47:19.459158+00:00", "level": "WARN", "service": "search", "thread_id": "t-search-035", "correlation_id": "live-0178", "trace_id": "trace-live-0178", "span_id": "span-1785", "message": "cache miss spike", "metric": 41.29}
{"timestamp": "2025-12-04T02:47:19.609427+00:00", "level": "INFO", "service": "search", "thread_id": "t-search-036", "correlation_id": "live-0178", "trace_id": "trace-live-0178", "span_id": "span-1786", "message": "heartbeat ok", "metric": 43.28}
{"timestamp": "2025-12-04T02:47:19.759699+00:00", "level": "INFO", "service": "auth", "thread_id": "t-auth-037", "correlation_id": "live-0178", "trace_id": "trace-live-0178", "span_id": "span-1787", "message": "heartbeat ok", "metric": 69.45}
{"timestamp": "2025-12-04T02:47:19.910002+00:00", "level": "INFO", "service": "payments", "thread_id": "t-payments-038", "correlation_id": "live-0178", "trace_id": "trace-live-0178", "span_id": "span-1788", "message": "heartbeat ok", "metric": 53.64}
{"timestamp": "2025-12-04T02:47:20.060260+00:00", "level": "WARN", "service": "ledger", "thread_id": "t-ledger-039", "correlation_id": "live-0178", "trace_id": "trace-live-0178", "span_id": "span-1789", "message": "cache miss spike", "metric": 26.81}
{"timestamp": "2025-12-04T02:47:20.210459+00:00", "level": "WARN", "service": "ledger", "thread_id": "t-ledger-040", "correlation_id": "live-0179", "trace_id": "trace-live-0179", "span_id": "span-1790", "message": "cache miss spike", "metric": 43.82}
{"timestamp": "2025-12-04T02:47:20.360702+00:00", "level": "INFO", "service": "api", "thread_id": "t-api-041", "correlation_id": "live-0179", "trace_id": "trace-live-0179", "span_id": "span-1791", "message": "heartbeat ok", "metric": 91.16}
{"timestamp": "2025-12-04T02:47:20.510925+00:00", "level": "INFO", "service": "api", "thread_id": "t-api-042", "correlation_id": "live-0179", "trace_id": "trace-live-0179", "span_id": "span-1792", "message": "heartbeat ok", "metric": 98.05}
{"timestamp": "2025-12-04T02:47:20.661140+00:00", "level": "WARN", "service": "ledger", "thread_id": "t-ledger-043", "correlation_id": "live-0179", "trace_id": "trace-live-0179", "span_id": "span-1793", "message": "cache miss spike", "metric": 32.71}
{"timestamp": "2025-12-04T02:47:20.811399+00:00", "level": "INFO", "service": "ledger", "thread_id": "t-ledger-044", "correlation_id": "live-0179", "trace_id": "trace-live-0179", "span_id": "span-1794", "message": "heartbeat ok", "metric": 90.39}
{"timestamp": "2025-12-04T02:47:20.961689+00:00", "level": "ERROR", "service": "ledger", "thread_id": "t-ledger-045", "correlation_id": "live-0179", "trace_id": "trace-live-0179", "span_id": "span-1795", "message": "Database timeout", "metric": 36.62}
{"timestamp": "2025-12-04T02:47:21.111907+00:00", "level": "INFO", "service": "ledger", "thread_id": "t-ledger-046", "correlation_id": "live-0179", "trace_id": "trace-live-0179", "span_id": "span-1796", "message": "heartbeat ok", "metric": 9.59}
{"timestamp": "2025-12-04T02:47:21.262095+00:00", "level": "WARN", "service": "search", "thread_id": "t-search-047", "correlation_id": "live-0179", "trace_id": "trace-live-0179", "span_id": "span-1797", "message": "cache miss spike", "metric": 57.55}
{"timestamp": "2025-12-04T02:47:21.412275+00:00", "level": "INFO", "service": "api", "thread_id": "t-api-048", "correlation_id": "live-0179", "trace_id": "trace-live-0179", "span_id": "span-1798", "message": "heartbeat ok", "metric": 59.83}
{"timestamp": "2025-12-04T02:47:21.562502+00:00", "level": "WARN", "service": "api", "thread_id": "t-api-049", "correlation_id": "live-0179", "trace_id": "trace-live-0179", "span_id": "span-1799", "message": "cache miss spike", "metric": 73.63}
{"timestamp": "2025-12-04T02:47:21.712713+00:00", "level": "WARN", "service": "payments", "thread_id": "t-payments-000", "correlation_id": "live-0180", "trace_id": "trace-live-0180", "span_id": "span-1800", "message": "cache miss spike", "metric": 85.65}
{"timestamp": "2025-12-04T02:47:21.862978+00:00", "level": "INFO", "service": "ledger", "thread_id": "t-ledger-001", "correlation_id": "live-0180", "trace_id": "trace-live-0180", "span_id": "span-1801", "message": "heartbeat ok", "metric": 18.79}
{"timestamp": "2025-12-04T02:47:22.013202+00:00", "level": "INFO", "service": "auth", "thread_id": "t-auth-002", "correlation_id": "live-0180", "trace_id": "trace-live-0180", "span_id": "span-1802", "message": "heartbeat ok", "metric": 66.46}
{"timestamp": "2025-12-04T02:47:22.163472+00:00", "level": "INFO", "service": "ledger", "thread_id": "t-ledger-003", "correlation_id": "live-0180", "trace_id": "trace-live-0180", "span_id": "span-1803", "message": "heartbeat ok", "metric": 55.31}
{"timestamp": "2025-12-04T02:47:22.313725+00:00", "level": "INFO", "service": "search", "thread_id": "t-search-004", "correlation_id": "live-0180", "trace_id": "trace-live-0180", "span_id": "span-1804", "message": "heartbeat ok", "metric": 62.08}
{"timestamp": "2025-12-04T02:47:22.463921+00:00", "level": "WARN", "service": "search", "thread_id": "t-search-005", "correlation_id": "live-0180", "trace_id": "trace-live-0180", "span_id": "span-1805", "message": "cache miss spike", "metric": 33.51}
{"timestamp": "2025-12-04T02:47:22.614156+00:00", "level": "INFO", "service": "api", "thread_id": "t-api-006", "correlation_id": "live-0180", "trace_id": "trace-live-0180", "span_id": "span-1806", "message": "heartbeat ok", "metric": 90.25}
{"timestamp": "2025-12-04T02:47:22.764440+00:00", "level": "ERROR", "service": "auth", "thread_id": "t-auth-007", "correlation_id": "live-0180", "trace_id": "trace-live-0180", "span_id": "span-1807", "message": "Database timeout", "metric": 5.78}
{"timestamp": "2025-12-04T02:47:22.914677+00:00", "level": "INFO", "service": "auth", "thread_id": "t-auth-008", "correlation_id": "live-0180", "trace_id": "trace-live-0180", "span_id": "span-1808", "message": "heartbeat ok", "metric": 7.04}
{"timestamp": "2025-12-04T02:47:23.064854+00:00", "level": "INFO", "service": "api", "thread_id": "t-api-009", "correlation_id": "live-0180", "trace_id": "trace-live-0180", "span_id": "span-1809", "message": "heartbeat ok", "metric": 73.01}
{"timestamp": "2025-12-04T02:47:23.215154+00:00", "level": "WARN", "service": "ledger", "thread_id": "t-ledger-010", "correlation_id": "live-0181", "trace_id": "trace-live-0181", "span_id": "span-1810", "message": "cache miss spike", "metric": 50.72}
{"timestamp": "2025-12-04T02:47:23.365469+00:00", "level": "INFO", "service": "ledger", "thread_id": "t-ledger-011", "correlation_id": "live-0181", "trace_id": "trace-live-0181", "span_id": "span-1811", "message": "heartbeat ok", "metric": 81.49}
{"timestamp": "2025-12-04T02:47:23.515722+00:00", "level": "INFO", "service": "auth", "thread_id": "t-auth-012", "correlation_id": "live-0181", "trace_id": "trace-live-0181", "span_id": "span-1812", "message": "heartbeat ok", "metric": 35.77}
{"timestamp": "2025-12-04T02:47:23.666033+00:00", "level": "INFO", "service": "payments", "thread_id": "t-payments-013", "correlation_id": "live-0181", "trace_id": "trace-live-0181", "span_id": "span-1813", "message": "heartbeat ok", "metric": 31.89}
{"timestamp": "2025-12-04T02:47:23.816355+00:00", "level": "INFO", "service": "search", "thread_id": "t-search-014", "correlation_id": "live-0181", "trace_id": "trace-live-0181", "span_id": "span-1814", "message": "heartbeat ok", "metric": 46.16}
{"timestamp": "2025-12-04T02:47:23.966662+00:00", "level": "INFO", "service": "api", "thread_id": "t-api-015", "correlation_id": "live-0181", "trace_id": "trace-live-0181", "span_id": "span-1815", "message": "heartbeat ok", "metric": 29.13}
{"timestamp": "2025-12-04T02:47:24.116967+00:00", "level": "WARN", "service": "auth", "thread_id": "t-auth-016", "correlation_id": "live-0181", "trace_id": "trace-live-0181", "span_id": "span-1816", "message": "cache miss spike", "metric": 42.0}
{"timestamp": "2025-12-04T02:47:24.267161+00:00", "level": "ERROR", "service": "payments", "thread_id": "t-payments-017", "correlation_id": "live-0181", "trace_id": "trace-live-0181", "span_id": "span-1817", "message": "Database timeout", "metric": 55.54}
{"timestamp": "2025-12-04T02:47:24.417350+00:00", "level": "WARN", "service": "payments", "thread_id": "t-payments-018", "correlation_id": "live-0181", "trace_id": "trace-live-0181", "span_id": "span-1818", "message": "cache miss spike", "metric": 63.43}
{"timestamp": "2025-12-04T02:47:24.567527+00:00", "level": "WARN", "service": "ledger", "thread_id": "t-ledger-019", "correlation_id": "live-0181", "trace_id": "trace-live-0181", "span_id": "span-1819", "message": "cache miss spike", "metric": 39.77}
{"timestamp": "2025-12-04T02:47:24.717713+00:00", "level": "INFO", "service": "search", "thread_id": "t-search-020", "correlation_id": "live-0182", "trace_id": "trace-live-0182", "span_id": "span-1820", "message": "heartbeat ok", "metric": 65.7}
{"timestamp": "2025-12-04T02:47:24.867983+00:00", "level": "INFO", "service": "auth", "thread_id": "t-auth-021", "correlation_id": "live-0182", "trace_id": "trace-live-0182", "span_id": "span-1821", "message": "heartbeat ok", "metric": 90.98}
{"timestamp": "2025-12-04T02:47:25.018306+00:00", "level": "INFO", "service": "payments", "thread_id": "t-payments-022", "correlation_id": "live-0182", "trace_id": "trace-live-0182", "span_id": "span-1822", "message": "heartbeat ok", "metric": 24.33}
{"timestamp": "2025-12-04T02:47:25.168550+00:00", "level": "WARN", "service": "ledger", "thread_id": "t-ledger-023", "correlation_id": "live-0182", "trace_id": "trace-live-0182", "span_id": "span-1823", "message": "cache miss spike", "metric": 95.03}
{"timestamp": "2025-12-04T02:47:25.318766+00:00", "level": "INFO", "service": "api", "thread_id": "t-api-024", "correlation_id": "live-0182", "trace_id": "trace-live-0182", "span_id": "span-1824", "message": "heartbeat ok", "metric": 51.06}
{"timestamp": "2025-12-04T02:47:25.469035+00:00", "level": "WARN", "service": "ledger", "thread_id": "t-ledger-025", "correlation_id": "live-0182", "trace_id": "trace-live-0182", "span_id": "span-1825", "message": "cache miss spike", "metric": 50.43}
{"timestamp": "2025-12-04T02:47:25.619266+00:00", "level": "INFO", "service": "auth", "thread_id": "t-auth-026", "correlation_id": "live-0182", "trace_id": "trace-live-0182", "span_id": "span-1826", "message": "heartbeat ok", "metric": 50.57}
{"timestamp": "2025-12-04T02:47:25.769465+00:00", "level": "INFO", "service": "ledger", "thread_id": "t-ledger-027", "correlation_id": "live-0182", "trace_id": "trace-live-0182", "span_id": "span-1827", "message": "heartbeat ok", "metric": 78.03}
{"timestamp": "2025-12-04T02:47:25.919624+00:00", "level": "INFO", "service": "auth", "thread_id": "t-auth-028", "correlation_id": "live-0182", "trace_id": "trace-live-0182", "span_id": "span-1828", "message": "heartbeat ok", "metric": 35.82}
{"timestamp": "2025-12-04T02:47:26.069859+00:00", "level": "INFO", "service": "api", "thread_id": "t-api-029", "correlation_id": "live-0182", "trace_id": "trace-live-0182", "span_id": "span-1829", "message": "heartbeat ok", "metric": 52.57}
{"timestamp": "2025-12-04T02:47:26.220149+00:00", "level": "INFO", "service": "auth", "thread_id": "t-auth-030", "correlation_id": "live-0183", "trace_id": "trace-live-0183", "span_id": "span-1830", "message": "heartbeat ok", "metric": 92.53}
{"timestamp": "2025-12-04T02:47:26.370374+00:00", "level": "INFO", "service": "ledger", "thread_id": "t-ledger-031", "correlation_id": "live-0183", "trace_id": "trace-live-0183", "span_id": "span-1831", "message": "heartbeat ok", "metric": 41.88}
{"timestamp": "2025-12-04T02:47:26.520607+00:00", "level": "INFO", "service": "auth", "thread_id": "t-auth-032", "correlation_id": "live-0183", "trace_id": "trace-live-0183", "span_id": "span-1832", "message": "heartbeat ok", "metric": 57.8}
{"timestamp": "2025-12-04T02:47:26.670941+00:00", "level": "INFO", "service": "ledger", "thread_id": "t-ledger-033", "correlation_id": "live-0183", "trace_id": "trace-live-0183", "span_id": "span-1833", "message": "heartbeat ok", "metric": 58.29}
{"timestamp": "2025-12-04T02:47:26.821244+00:00", "level": "INFO", "service": "api", "thread_id": "t-api-034", "correlation_id": "live-0183", "trace_id": "trace-live-0183", "span_id": "span-1834", "message": "heartbeat ok", "metric": 55.73}
{"timestamp": "2025-12-04T02:47:26.971621+00:00", "level": "ERROR", "service": "search", "thread_id": "t-search-035", "correlation_id": "live-0183", "trace_id": "trace-live-0183", "span_id": "span-1835", "message": "Database timeout", "metric": 17.36}
{"timestamp": "2025-12-04T02:47:27.121868+00:00", "level": "WARN", "service": "payments", "thread_id": "t-payments-036", "correlation_id": "live-0183", "trace_id": "trace-live-0183", "span_id": "span-1836", "message": "cache miss spike", "metric": 6.45}
{"timestamp": "2025-12-04T02:47:27.272043+00:00", "level": "INFO", "service": "payments", "thread_id": "t-payments-037", "correlation_id": "live-0183", "trace_id": "trace-live-0183", "span_id": "span-1837", "message": "heartbeat ok", "metric": 40.85}
{"timestamp": "2025-12-04T02:47:27.422239+00:00", "level": "ERROR", "service": "auth", "thread_id": "t-auth-038", "correlation_id": "live-0183", "trace_id": "trace-live-0183", "span_id": "span-1838", "message": "Database timeout", "metric": 35.53}
{"timestamp": "2025-12-04T02:47:27.572511+00:00", "level": "INFO", "service": "ledger", "thread_id": "t-ledger-039", "correlation_id": "live-0183", "trace_id": "trace-live-0183", "span_id": "span-1839", "message": "heartbeat ok", "metric": 53.84}
{"timestamp": "2025-12-04T02:47:27.722798+00:00", "level": "INFO", "service": "auth", "thread_id": "t-auth-040", "correlation_id": "live-0184", "trace_id": "trace-live-0184", "span_id": "span-1840", "message": "heartbeat ok", "metric": 61.86}
{"timestamp": "2025-12-04T02:47:27.872998+00:00", "level": "INFO", "service": "api", "thread_id": "t-api-041", "correlation_id": "live-0184", "trace_id": "trace-live-0184", "span_id": "span-1841", "message": "heartbeat ok", "metric": 72.64}
{"timestamp": "2025-12-04T02:47:28.023222+00:00", "level": "WARN", "service": "api", "thread_id": "t-api-042", "correlation_id": "live-0184", "trace_id": "trace-live-0184", "span_id": "span-1842", "message": "cache miss spike", "metric": 76.89}
{"timestamp": "2025-12-04T02:47:28.173501+00:00", "level": "WARN", "service": "payments", "thread_id": "t-payments-043", "correlation_id": "live-0184", "trace_id": "trace-live-0184", "span_id": "span-1843", "message": "cache miss spike", "metric": 99.91}
{"timestamp": "2025-12-04T02:47:28.323725+00:00", "level": "INFO", "service": "auth", "thread_id": "t-auth-044", "correlation_id": "live-0184", "trace_id": "trace-live-0184", "span_id": "span-1844", "message": "heartbeat ok", "metric": 1.52}
{"timestamp": "2025-12-04T02:47:28.473945+00:00", "level": "INFO", "service": "api", "thread_id": "t-api-045", "correlation_id": "live-0184", "trace_id": "trace-live-0184", "span_id": "span-1845", "message": "heartbeat ok", "metric": 24.44}
{"timestamp": "2025-12-04T02:47:28.624173+00:00", "level": "WARN", "service": "search", "thread_id": "t-search-046", "correlation_id": "live-0184", "trace_id": "trace-live-0184", "span_id": "span-1846", "message": "cache miss spike", "metric": 31.07}
{"timestamp": "2025-12-04T02:47:28.774385+00:00", "level": "INFO", "service": "payments", "thread_id": "t-payments-047", "correlation_id": "live-0184", "trace_id": "trace-live-0184", "span_id": "span-1847", "message": "heartbeat ok", "metric": 80.69}
{"timestamp": "2025-12-04T02:47:28.924630+00:00", "level": "INFO", "service": "api", "thread_id": "t-api-048", "correlation_id": "live-0184", "trace_id": "trace-live-0184", "span_id": "span-1848", "message": "heartbeat ok", "metric": 23.02}
{"timestamp": "2025-12-04T02:47:29.074874+00:00", "level": "INFO", "service": "auth", "thread_id": "t-auth-049", "correlation_id": "live-0184", "trace_id": "trace-live-0184", "span_id": "span-1849", "message": "heartbeat ok", "metric": 8.84}
{"timestamp": "2025-12-04T02:47:29.225167+00:00", "level": "INFO", "service": "api", "thread_id": "t-api-000", "correlation_id": "live-0185", "trace_id": "trace-live-0185", "span_id": "span-1850", "message": "heartbeat ok", "metric": 44.49}
{"timestamp": "2025-12-04T02:47:29.375381+00:00", "level": "INFO", "service": "search", "thread_id": "t-search-001", "correlation_id": "live-0185", "trace_id": "trace-live-0185", "span_id": "span-1851", "message": "heartbeat ok", "metric": 38.81}
{"timestamp": "2025-12-04T02:47:29.525652+00:00", "level": "INFO", "service": "ledger", "thread_id": "t-ledger-002", "correlation_id": "live-0185", "trace_id": "trace-live-0185", "span_id": "span-1852", "message": "heartbeat ok", "metric": 11.13}
{"timestamp": "2025-12-04T02:47:29.675871+00:00", "level": "INFO", "service": "api", "thread_id": "t-api-003", "correlation_id": "live-0185", "trace_id": "trace-live-0185", "span_id": "span-1853", "message": "heartbeat ok", "metric": 66.73}
{"timestamp": "2025-12-04T02:47:29.826103+00:00", "level": "INFO", "service": "payments", "thread_id": "t-payments-004", "correlation_id": "live-0185", "trace_id": "trace-live-0185", "span_id": "span-1854", "message": "heartbeat ok", "metric": 12.29}
{"timestamp": "2025-12-04T02:47:29.976366+00:00", "level": "ERROR", "service": "search", "thread_id": "t-search-005", "correlation_id": "live-0185", "trace_id": "trace-live-0185", "span_id": "span-1855", "message": "Database timeout", "metric": 31.38}
{"timestamp": "2025-12-04T02:47:30.126655+00:00", "level": "INFO", "service": "api", "thread_id": "t-api-006", "correlation_id": "live-0185", "trace_id": "trace-live-0185", "span_id": "span-1856", "message": "heartbeat ok", "metric": 10.18}
{"timestamp": "2025-12-04T02:47:30.276935+00:00", "level": "INFO", "service": "search", "thread_id": "t-search-007", "correlation_id": "live-0185", "trace_id": "trace-live-0185", "span_id": "span-1857", "message": "heartbeat ok", "metric": 56.43}
{"timestamp": "2025-12-04T02:47:30.427097+00:00", "level": "INFO", "service": "payments", "thread_id": "t-payments-008", "correlation_id": "live-0185", "trace_id": "trace-live-0185", "span_id": "span-1858", "message": "heartbeat ok", "metric": 63.37}
{"timestamp": "2025-12-04T02:47:30.577245+00:00", "level": "INFO", "service": "auth", "thread_id": "t-auth-009", "correlation_id": "live-0185", "trace_id": "trace-live-0185", "span_id": "span-1859", "message": "heartbeat ok", "metric": 57.9}
{"timestamp": "2025-12-04T02:47:30.727458+00:00", "level": "ERROR", "service": "auth", "thread_id": "t-auth-010", "correlation_id": "live-0186", "trace_id": "trace-live-0186", "span_id": "span-1860", "message": "Database timeout", "metric": 11.91}
{"timestamp": "2025-12-04T02:47:30.877666+00:00", "level": "INFO", "service": "api", "thread_id": "t-api-011", "correlation_id": "live-0186", "trace_id": "trace-live-0186", "span_id": "span-1861", "message": "heartbeat ok", "metric": 26.41}
{"timestamp": "2025-12-04T02:47:31.027923+00:00", "level": "INFO", "service": "api", "thread_id": "t-api-012", "correlation_id": "live-0186", "trace_id": "trace-live-0186", "span_id": "span-1862", "message": "heartbeat ok", "metric": 17.69}
{"timestamp": "2025-12-04T02:47:31.178188+00:00", "level": "INFO", "service": "ledger", "thread_id": "t-ledger-013", "correlation_id": "live-0186", "trace_id": "trace-live-0186", "span_id": "span-1863", "message": "heartbeat ok", "metric": 11.81}
{"timestamp": "2025-12-04T02:47:31.328426+00:00", "level": "INFO", "service": "payments", "thread_id": "t-payments-014", "correlation_id": "live-0186", "trace_id": "trace-live-0186", "span_id": "span-1864", "message": "heartbeat ok", "metric": 41.5}
{"timestamp": "2025-12-04T02:47:31.478683+00:00", "level": "INFO", "service": "api", "thread_id": "t-api-015", "correlation_id": "live-0186", "trace_id": "trace-live-0186", "span_id": "span-1865", "message": "heartbeat ok", "metric": 62.75}
{"timestamp": "2025-12-04T02:47:31.628951+00:00", "level": "INFO", "service": "search", "thread_id": "t-search-016", "correlation_id": "live-0186", "trace_id": "trace-live-0186", "span_id": "span-1866", "message": "heartbeat ok", "metric": 94.7}
{"timestamp": "2025-12-04T02:47:31.779180+00:00", "level": "ERROR", "service": "auth", "thread_id": "t-auth-017", "correlation_id": "live-0186", "trace_id": "trace-live-0186", "span_id": "span-1867", "message": "Database timeout", "metric": 9.83}
{"timestamp": "2025-12-04T02:47:31.929448+00:00", "level": "INFO", "service": "ledger", "thread_id": "t-ledger-018", "correlation_id": "live-0186", "trace_id": "trace-live-0186", "span_id": "span-1868", "message": "heartbeat ok", "metric": 65.91}
{"timestamp": "2025-12-04T02:47:32.079682+00:00", "level": "INFO", "service": "payments", "thread_id": "t-payments-019", "correlation_id": "live-0186", "trace_id": "trace-live-0186", "span_id": "span-1869", "message": "heartbeat ok", "metric": 50.35}
{"timestamp": "2025-12-04T02:47:32.229960+00:00", "level": "INFO", "service": "auth", "thread_id": "t-auth-020", "correlation_id": "live-0187", "trace_id": "trace-live-0187", "span_id": "span-1870", "message": "heartbeat ok", "metric": 4.88}
{"timestamp": "2025-12-04T02:47:32.380283+00:00", "level": "INFO", "service": "api", "thread_id": "t-api-021", "correlation_id": "live-0187", "trace_id": "trace-live-0187", "span_id": "span-1871", "message": "heartbeat ok", "metric": 90.36}
{"timestamp": "2025-12-04T02:47:32.530584+00:00", "level": "INFO", "service": "api", "thread_id": "t-api-022", "correlation_id": "live-0187", "trace_id": "trace-live-0187", "span_id": "span-1872", "message": "heartbeat ok", "metric": 1.49}
{"timestamp": "2025-12-04T02:47:32.680858+00:00", "level": "WARN", "service": "payments", "thread_id": "t-payments-023", "correlation_id": "live-0187", "trace_id": "trace-live-0187", "span_id": "span-1873", "message": "cache miss spike", "metric": 1.5}
{"timestamp": "2025-12-04T02:47:32.831056+00:00", "level": "WARN", "service": "auth", "thread_id": "t-auth-024", "correlation_id": "live-0187", "trace_id": "trace-live-0187", "span_id": "span-1874", "message": "cache miss spike", "metric": 71.51}
{"timestamp": "2025-12-04T02:47:32.981194+00:00", "level": "WARN", "service": "api", "thread_id": "t-api-025", "correlation_id": "live-0187", "trace_id": "trace-live-0187", "span_id": "span-1875", "message": "cache miss spike", "metric": 6.42}
{"timestamp": "2025-12-04T02:47:33.131424+00:00", "level": "WARN", "service": "ledger", "thread_id": "t-ledger-026", "correlation_id": "live-0187", "trace_id": "trace-live-0187", "span_id": "span-1876", "message": "cache miss spike", "metric": 44.04}
{"timestamp": "2025-12-04T02:47:33.281657+00:00", "level": "INFO", "service": "payments", "thread_id": "t-payments-027", "correlation_id": "live-0187", "trace_id": "trace-live-0187", "span_id": "span-1877", "message": "heartbeat ok", "metric": 97.5}
{"timestamp": "2025-12-04T02:47:33.431855+00:00", "level": "INFO", "service": "api", "thread_id": "t-api-028", "correlation_id": "live-0187", "trace_id": "trace-live-0187", "span_id": "span-1878", "message": "heartbeat ok", "metric": 53.15}
{"timestamp": "2025-12-04T02:47:33.582107+00:00", "level": "WARN", "service": "payments", "thread_id": "t-payments-029", "correlation_id": "live-0187", "trace_id": "trace-live-0187", "span_id": "span-1879", "message": "cache miss spike", "metric": 53.9}
{"timestamp": "2025-12-04T02:47:33.732390+00:00", "level": "ERROR", "service": "auth", "thread_id": "t-auth-030", "correlation_id": "live-0188", "trace_id": "trace-live-0188", "span_id": "span-1880", "message": "Database timeout", "metric": 61.1}
{"timestamp": "2025-12-04T02:47:33.882718+00:00", "level": "INFO", "service": "search", "thread_id": "t-search-031", "correlation_id": "live-0188", "trace_id": "trace-live-0188", "span_id": "span-1881", "message": "heartbeat ok", "metric": 24.49}
{"timestamp": "2025-12-04T02:47:34.033017+00:00", "level": "INFO", "service": "search", "thread_id": "t-search-032", "correlation_id": "live-0188", "trace_id": "trace-live-0188", "span_id": "span-1882", "message": "heartbeat ok", "metric": 87.8}
{"timestamp": "2025-12-04T02:47:34.183291+00:00", "level": "ERROR", "service": "payments", "thread_id": "t-payments-033", "correlation_id": "live-0188", "trace_id": "trace-live-0188", "span_id": "span-1883", "message": "Database timeout", "metric": 5.11}
{"timestamp": "2025-12-04T02:47:34.333560+00:00", "level": "WARN", "service": "search", "thread_id": "t-search-034", "correlation_id": "live-0188", "trace_id": "trace-live-0188", "span_id": "span-1884", "message": "cache miss spike", "metric": 21.9}
{"timestamp": "2025-12-04T02:47:34.483790+00:00", "level": "WARN", "service": "api", "thread_id": "t-api-035", "correlation_id": "live-0188", "trace_id": "trace-live-0188", "span_id": "span-1885", "message": "cache miss spike", "metric": 68.7}
{"timestamp": "2025-12-04T02:47:34.634120+00:00", "level": "INFO", "service": "api", "thread_id": "t-api-036", "correlation_id": "live-0188", "trace_id": "trace-live-0188", "span_id": "span-1886", "message": "heartbeat ok", "metric": 49.77}
{"timestamp": "2025-12-04T02:47:34.784343+00:00", "level": "INFO", "service": "payments", "thread_id": "t-payments-037", "correlation_id": "live-0188", "trace_id": "trace-live-0188", "span_id": "span-1887", "message": "heartbeat ok", "metric": 82.88}
{"timestamp": "2025-12-04T02:47:34.934534+00:00", "level": "INFO", "service": "payments", "thread_id": "t-payments-038", "correlation_id": "live-0188", "trace_id": "trace-live-0188", "span_id": "span-1888", "message": "heartbeat ok", "metric": 55.17}
{"timestamp": "2025-12-04T02:47:35.084788+00:00", "level": "INFO", "service": "payments", "thread_id": "t-payments-039", "correlation_id": "live-0188", "trace_id": "trace-live-0188", "span_id": "span-1889", "message": "heartbeat ok", "metric": 25.62}
{"timestamp": "2025-12-04T02:47:35.235015+00:00", "level": "INFO", "service": "search", "thread_id": "t-search-040", "correlation_id": "live-0189", "trace_id": "trace-live-0189", "span_id": "span-1890", "message": "heartbeat ok", "metric": 69.5}
{"timestamp": "2025-12-04T02:47:35.385181+00:00", "level": "INFO", "service": "auth", "thread_id": "t-auth-041", "correlation_id": "live-0189", "trace_id": "trace-live-0189", "span_id": "span-1891", "message": "heartbeat ok", "metric": 18.17}
{"timestamp": "2025-12-04T02:47:35.535398+00:00", "level": "INFO", "service": "search", "thread_id": "t-search-042", "correlation_id": "live-0189", "trace_id": "trace-live-0189", "span_id": "span-1892", "message": "heartbeat ok", "metric": 42.21}
{"timestamp": "2025-12-04T02:47:35.685637+00:00", "level": "WARN", "service": "api", "thread_id": "t-api-043", "correlation_id": "live-0189", "trace_id": "trace-live-0189", "span_id": "span-1893", "message": "cache miss spike", "metric": 22.23}
{"timestamp": "2025-12-04T02:47:35.835885+00:00", "level": "WARN", "service": "api", "thread_id": "t-api-044", "correlation_id": "live-0189", "trace_id": "trace-live-0189", "span_id": "span-1894", "message": "cache miss spike", "metric": 93.37}
{"timestamp": "2025-12-04T02:47:35.986061+00:00", "level": "INFO", "service": "auth", "thread_id": "t-auth-045", "correlation_id": "live-0189", "trace_id": "trace-live-0189", "span_id": "span-1895", "message": "heartbeat ok", "metric": 21.87}
{"timestamp": "2025-12-04T02:47:36.136296+00:00", "level": "WARN", "service": "auth", "thread_id": "t-auth-046", "correlation_id": "live-0189", "trace_id": "trace-live-0189", "span_id": "span-1896", "message": "cache miss spike", "metric": 16.18}
{"timestamp": "2025-12-04T02:47:36.286580+00:00", "level": "INFO", "service": "payments", "thread_id": "t-payments-047", "correlation_id": "live-0189", "trace_id": "trace-live-0189", "span_id": "span-1897", "message": "heartbeat ok", "metric": 71.75}
{"timestamp": "2025-12-04T02:47:36.436846+00:00", "level": "WARN", "service": "ledger", "thread_id": "t-ledger-048", "correlation_id": "live-0189", "trace_id": "trace-live-0189", "span_id": "span-1898", "message": "cache miss spike", "metric": 78.77}
{"timestamp": "2025-12-04T02:47:36.587074+00:00", "level": "INFO", "service": "search", "thread_id": "t-search-049", "correlation_id": "live-0189", "trace_id": "trace-live-0189", "span_id": "span-1899", "message": "heartbeat ok", "metric": 22.95}
{"timestamp": "2025-12-04T02:47:36.737270+00:00", "level": "INFO", "service": "ledger", "thread_id": "t-ledger-000", "correlation_id": "live-0190", "trace_id": "trace-live-0190", "span_id": "span-1900", "message": "heartbeat ok", "metric": 53.44}
{"timestamp": "2025-12-04T02:47:36.887488+00:00", "level": "INFO", "service": "search", "thread_id": "t-search-001", "correlation_id": "live-0190", "trace_id": "trace-live-0190", "span_id": "span-1901", "message": "heartbeat ok", "metric": 48.33}
{"timestamp": "2025-12-04T02:47:37.037711+00:00", "level": "INFO", "service": "payments", "thread_id": "t-payments-002", "correlation_id": "live-0190", "trace_id": "trace-live-0190", "span_id": "span-1902", "message": "heartbeat ok", "metric": 54.96}
{"timestamp": "2025-12-04T02:47:37.187996+00:00", "level": "INFO", "service": "ledger", "thread_id": "t-ledger-003", "correlation_id": "live-0190", "trace_id": "trace-live-0190", "span_id": "span-1903", "message": "heartbeat ok", "metric": 77.94}
{"timestamp": "2025-12-04T02:47:37.338220+00:00", "level": "ERROR", "service": "payments", "thread_id": "t-payments-004", "correlation_id": "live-0190", "trace_id": "trace-live-0190", "span_id": "span-1904", "message": "Database timeout", "metric": 30.29}
{"timestamp": "2025-12-04T02:47:37.488409+00:00", "level": "INFO", "service": "api", "thread_id": "t-api-005", "correlation_id": "live-0190", "trace_id": "trace-live-0190", "span_id": "span-1905", "message": "heartbeat ok", "metric": 33.58}
{"timestamp": "2025-12-04T02:47:37.638614+00:00", "level": "INFO", "service": "ledger", "thread_id": "t-ledger-006", "correlation_id": "live-0190", "trace_id": "trace-live-0190", "span_id": "span-1906", "message": "heartbeat ok", "metric": 49.46}
{"timestamp": "2025-12-04T02:47:37.788850+00:00", "level": "INFO", "service": "api", "thread_id": "t-api-007", "correlation_id": "live-0190", "trace_id": "trace-live-0190", "span_id": "span-1907", "message": "heartbeat ok", "metric": 0.08}
{"timestamp": "2025-12-04T02:47:37.939033+00:00", "level": "INFO", "service": "api", "thread_id": "t-api-008", "correlation_id": "live-0190", "trace_id": "trace-live-0190", "span_id": "span-1908", "message": "heartbeat ok", "metric": 76.21}
{"timestamp": "2025-12-04T02:47:38.089181+00:00", "level": "INFO", "service": "ledger", "thread_id": "t-ledger-009", "correlation_id": "live-0190", "trace_id": "trace-live-0190", "span_id": "span-1909", "message": "heartbeat ok", "metric": 25.98}
{"timestamp": "2025-12-04T02:47:38.239334+00:00", "level": "WARN", "service": "auth", "thread_id": "t-auth-010", "correlation_id": "live-0191", "trace_id": "trace-live-0191", "span_id": "span-1910", "message": "cache miss spike", "metric": 59.59}
{"timestamp": "2025-12-04T02:47:38.389490+00:00", "level": "INFO", "service": "api", "thread_id": "t-api-011", "correlation_id": "live-0191", "trace_id": "trace-live-0191", "span_id": "span-1911", "message": "heartbeat ok", "metric": 30.18}
{"timestamp": "2025-12-04T02:47:38.539640+00:00", "level": "WARN", "service": "auth", "thread_id": "t-auth-012", "correlation_id": "live-0191", "trace_id": "trace-live-0191", "span_id": "span-1912", "message": "cache miss spike", "metric": 31.09}
{"timestamp": "2025-12-04T02:47:38.689805+00:00", "level": "INFO", "service": "auth", "thread_id": "t-auth-013", "correlation_id": "live-0191", "trace_id": "trace-live-0191", "span_id": "span-1913", "message": "heartbeat ok", "metric": 18.64}
{"timestamp": "2025-12-04T02:47:38.839972+00:00", "level": "INFO", "service": "payments", "thread_id": "t-payments-014", "correlation_id": "live-0191", "trace_id": "trace-live-0191", "span_id": "span-1914", "message": "heartbeat ok", "metric": 78.66}
{"timestamp": "2025-12-04T02:47:38.990199+00:00", "level": "INFO", "service": "ledger", "thread_id": "t-ledger-015", "correlation_id": "live-0191", "trace_id": "trace-live-0191", "span_id": "span-1915", "message": "heartbeat ok", "metric": 43.89}
{"timestamp": "2025-12-04T02:47:39.140505+00:00", "level": "INFO", "service": "ledger", "thread_id": "t-ledger-016", "correlation_id": "live-0191", "trace_id": "trace-live-0191", "span_id": "span-1916", "message": "heartbeat ok", "metric": 36.01}
{"timestamp": "2025-12-04T02:47:39.290793+00:00", "level": "INFO", "service": "auth", "thread_id": "t-auth-017", "correlation_id": "live-0191", "trace_id": "trace-live-0191", "span_id": "span-1917", "message": "heartbeat ok", "metric": 29.77}
{"timestamp": "2025-12-04T02:47:39.441072+00:00", "level": "INFO", "service": "ledger", "thread_id": "t-ledger-018", "correlation_id": "live-0191", "trace_id": "trace-live-0191", "span_id": "span-1918", "message": "heartbeat ok", "metric": 26.46}
{"timestamp": "2025-12-04T02:47:39.591339+00:00", "level": "INFO", "service": "ledger", "thread_id": "t-ledger-019", "correlation_id": "live-0191", "trace_id": "trace-live-0191", "span_id": "span-1919", "message": "heartbeat ok", "metric": 15.69}
{"timestamp": "2025-12-04T02:47:39.741673+00:00", "level": "INFO", "service": "api", "thread_id": "t-api-020", "correlation_id": "live-0192", "trace_id": "trace-live-0192", "span_id": "span-1920", "message": "heartbeat ok", "metric": 8.44}
{"timestamp": "2025-12-04T02:47:39.891976+00:00", "level": "INFO", "service": "api", "thread_id": "t-api-021", "correlation_id": "live-0192", "trace_id": "trace-live-0192", "span_id": "span-1921", "message": "heartbeat ok", "metric": 52.04}
{"timestamp": "2025-12-04T02:47:40.042173+00:00", "level": "INFO", "service": "api", "thread_id": "t-api-022", "correlation_id": "live-0192", "trace_id": "trace-live-0192", "span_id": "span-1922", "message": "heartbeat ok", "metric": 32.47}
{"timestamp": "2025-12-04T02:47:40.192340+00:00", "level": "ERROR", "service": "search", "thread_id": "t-search-023", "correlation_id": "live-0192", "trace_id": "trace-live-0192", "span_id": "span-1923", "message": "Database timeout", "metric": 98.77}
{"timestamp": "2025-12-04T02:47:40.342526+00:00", "level": "WARN", "service": "ledger", "thread_id": "t-ledger-024", "correlation_id": "live-0192", "trace_id": "trace-live-0192", "span_id": "span-1924", "message": "cache miss spike", "metric": 49.86}
{"timestamp": "2025-12-04T02:47:40.492758+00:00", "level": "ERROR", "service": "search", "thread_id": "t-search-025", "correlation_id": "live-0192", "trace_id": "trace-live-0192", "span_id": "span-1925", "message": "Database timeout", "metric": 40.47}
{"timestamp": "2025-12-04T02:47:40.642997+00:00", "level": "INFO", "service": "search", "thread_id": "t-search-026", "correlation_id": "live-0192", "trace_id": "trace-live-0192", "span_id": "span-1926", "message": "heartbeat ok", "metric": 70.47}
{"timestamp": "2025-12-04T02:47:40.793238+00:00", "level": "INFO", "service": "api", "thread_id": "t-api-027", "correlation_id": "live-0192", "trace_id": "trace-live-0192", "span_id": "span-1927", "message": "heartbeat ok", "metric": 17.61}
{"timestamp": "2025-12-04T02:47:40.943493+00:00", "level": "INFO", "service": "ledger", "thread_id": "t-ledger-028", "correlation_id": "live-0192", "trace_id": "trace-live-0192", "span_id": "span-1928", "message": "heartbeat ok", "metric": 94.26}
{"timestamp": "2025-12-04T02:47:41.093695+00:00", "level": "INFO", "service": "search", "thread_id": "t-search-029", "correlation_id": "live-0192", "trace_id": "trace-live-0192", "span_id": "span-1929", "message": "heartbeat ok", "metric": 30.37}
{"timestamp": "2025-12-04T02:47:41.243868+00:00", "level": "INFO", "service": "payments", "thread_id": "t-payments-030", "correlation_id": "live-0193", "trace_id": "trace-live-0193", "span_id": "span-1930", "message": "heartbeat ok", "metric": 47.74}
{"timestamp": "2025-12-04T02:47:41.394201+00:00", "level": "INFO", "service": "payments", "thread_id": "t-payments-031", "correlation_id": "live-0193", "trace_id": "trace-live-0193", "span_id": "span-1931", "message": "heartbeat ok", "metric": 2.64}
{"timestamp": "2025-12-04T02:47:41.544388+00:00", "level": "INFO", "service": "ledger", "thread_id": "t-ledger-032", "correlation_id": "live-0193", "trace_id": "trace-live-0193", "span_id": "span-1932", "message": "heartbeat ok", "metric": 59.33}
{"timestamp": "2025-12-04T02:47:41.694599+00:00", "level": "INFO", "service": "payments", "thread_id": "t-payments-033", "correlation_id": "live-0193", "trace_id": "trace-live-0193", "span_id": "span-1933", "message": "heartbeat ok", "metric": 50.21}
{"timestamp": "2025-12-04T02:47:41.844831+00:00", "level": "WARN", "service": "payments", "thread_id": "t-payments-034", "correlation_id": "live-0193", "trace_id": "trace-live-0193", "span_id": "span-1934", "message": "cache miss spike", "metric": 78.33}
{"timestamp": "2025-12-04T02:47:41.995182+00:00", "level": "INFO", "service": "ledger", "thread_id": "t-ledger-035", "correlation_id": "live-0193", "trace_id": "trace-live-0193", "span_id": "span-1935", "message": "heartbeat ok", "metric": 72.03}
{"timestamp": "2025-12-04T02:47:42.145487+00:00", "level": "INFO", "service": "search", "thread_id": "t-search-036", "correlation_id": "live-0193", "trace_id": "trace-live-0193", "span_id": "span-1936", "message": "heartbeat ok", "metric": 97.52}
{"timestamp": "2025-12-04T02:47:42.295758+00:00", "level": "INFO", "service": "auth", "thread_id": "t-auth-037", "correlation_id": "live-0193", "trace_id": "trace-live-0193", "span_id": "span-1937", "message": "heartbeat ok", "metric": 49.0}
{"timestamp": "2025-12-04T02:47:42.446034+00:00", "level": "INFO", "service": "auth", "thread_id": "t-auth-038", "correlation_id": "live-0193", "trace_id": "trace-live-0193", "span_id": "span-1938", "message": "heartbeat ok", "metric": 90.31}
{"timestamp": "2025-12-04T02:47:42.596348+00:00", "level": "INFO", "service": "ledger", "thread_id": "t-ledger-039", "correlation_id": "live-0193", "trace_id": "trace-live-0193", "span_id": "span-1939", "message": "heartbeat ok", "metric": 66.09}
{"timestamp": "2025-12-04T02:47:42.746593+00:00", "level": "WARN", "service": "api", "thread_id": "t-api-040", "correlation_id": "live-0194", "trace_id": "trace-live-0194", "span_id": "span-1940", "message": "cache miss spike", "metric": 16.49}
{"timestamp": "2025-12-04T02:47:42.896863+00:00", "level": "INFO", "service": "ledger", "thread_id": "t-ledger-041", "correlation_id": "live-0194", "trace_id": "trace-live-0194", "span_id": "span-1941", "message": "heartbeat ok", "metric": 18.0}
{"timestamp": "2025-12-04T02:47:43.047177+00:00", "level": "INFO", "service": "ledger", "thread_id": "t-ledger-042", "correlation_id": "live-0194", "trace_id": "trace-live-0194", "span_id": "span-1942", "message": "heartbeat ok", "metric": 77.81}
{"timestamp": "2025-12-04T02:47:43.197393+00:00", "level": "INFO", "service": "auth", "thread_id": "t-auth-043", "correlation_id": "live-0194", "trace_id": "trace-live-0194", "span_id": "span-1943", "message": "heartbeat ok", "metric": 62.82}
{"timestamp": "2025-12-04T02:47:43.347586+00:00", "level": "INFO", "service": "auth", "thread_id": "t-auth-044", "correlation_id": "live-0194", "trace_id": "trace-live-0194", "span_id": "span-1944", "message": "heartbeat ok", "metric": 13.63}
{"timestamp": "2025-12-04T02:47:43.497864+00:00", "level": "WARN", "service": "ledger", "thread_id": "t-ledger-045", "correlation_id": "live-0194", "trace_id": "trace-live-0194", "span_id": "span-1945", "message": "cache miss spike", "metric": 97.15}
{"timestamp": "2025-12-04T02:47:43.648171+00:00", "level": "ERROR", "service": "auth", "thread_id": "t-auth-046", "correlation_id": "live-0194", "trace_id": "trace-live-0194", "span_id": "span-1946", "message": "Database timeout", "metric": 29.02}
{"timestamp": "2025-12-04T02:47:43.798391+00:00", "level": "INFO", "service": "auth", "thread_id": "t-auth-047", "correlation_id": "live-0194", "trace_id": "trace-live-0194", "span_id": "span-1947", "message": "heartbeat ok", "metric": 3.79}
{"timestamp": "2025-12-04T02:47:43.948614+00:00", "level": "INFO", "service": "search", "thread_id": "t-search-048", "correlation_id": "live-0194", "trace_id": "trace-live-0194", "span_id": "span-1948", "message": "heartbeat ok", "metric": 19.77}
{"timestamp": "2025-12-04T02:47:44.098925+00:00", "level": "INFO", "service": "auth", "thread_id": "t-auth-049", "correlation_id": "live-0194", "trace_id": "trace-live-0194", "span_id": "span-1949", "message": "heartbeat ok", "metric": 45.27}
{"timestamp": "2025-12-04T02:47:44.249173+00:00", "level": "INFO", "service": "search", "thread_id": "t-search-000", "correlation_id": "live-0195", "trace_id": "trace-live-0195", "span_id": "span-1950", "message": "heartbeat ok", "metric": 36.59}
{"timestamp": "2025-12-04T02:47:44.399362+00:00", "level": "INFO", "service": "auth", "thread_id": "t-auth-001", "correlation_id": "live-0195", "trace_id": "trace-live-0195", "span_id": "span-1951", "message": "heartbeat ok", "metric": 89.8}
{"timestamp": "2025-12-04T02:47:44.549583+00:00", "level": "INFO", "service": "api", "thread_id": "t-api-002", "correlation_id": "live-0195", "trace_id": "trace-live-0195", "span_id": "span-1952", "message": "heartbeat ok", "metric": 77.32}
{"timestamp": "2025-12-04T02:47:44.699866+00:00", "level": "ERROR", "service": "search", "thread_id": "t-search-003", "correlation_id": "live-0195", "trace_id": "trace-live-0195", "span_id": "span-1953", "message": "Database timeout", "metric": 72.66}
{"timestamp": "2025-12-04T02:47:44.850145+00:00", "level": "INFO", "service": "search", "thread_id": "t-search-004", "correlation_id": "live-0195", "trace_id": "trace-live-0195", "span_id": "span-1954", "message": "heartbeat ok", "metric": 98.03}
{"timestamp": "2025-12-04T02:47:45.000388+00:00", "level": "INFO", "service": "auth", "thread_id": "t-auth-005", "correlation_id": "live-0195", "trace_id": "trace-live-0195", "span_id": "span-1955", "message": "heartbeat ok", "metric": 15.76}
{"timestamp": "2025-12-04T02:47:45.150681+00:00", "level": "INFO", "service": "payments", "thread_id": "t-payments-006", "correlation_id": "live-0195", "trace_id": "trace-live-0195", "span_id": "span-1956", "message": "heartbeat ok", "metric": 21.99}
{"timestamp": "2025-12-04T02:47:45.300940+00:00", "level": "INFO", "service": "search", "thread_id": "t-search-007", "correlation_id": "live-0195", "trace_id": "trace-live-0195", "span_id": "span-1957", "message": "heartbeat ok", "metric": 66.09}
{"timestamp": "2025-12-04T02:47:45.451197+00:00", "level": "INFO", "service": "payments", "thread_id": "t-payments-008", "correlation_id": "live-0195", "trace_id": "trace-live-0195", "span_id": "span-1958", "message": "heartbeat ok", "metric": 35.12}
{"timestamp": "2025-12-04T02:47:45.601403+00:00", "level": "INFO", "service": "api", "thread_id": "t-api-009", "correlation_id": "live-0195", "trace_id": "trace-live-0195", "span_id": "span-1959", "message": "heartbeat ok", "metric": 10.1}
{"timestamp": "2025-12-04T02:47:45.751683+00:00", "level": "WARN", "service": "search", "thread_id": "t-search-010", "correlation_id": "live-0196", "trace_id": "trace-live-0196", "span_id": "span-1960", "message": "cache miss spike", "metric": 95.34}
{"timestamp": "2025-12-04T02:47:45.902034+00:00", "level": "INFO", "service": "auth", "thread_id": "t-auth-011", "correlation_id": "live-0196", "trace_id": "trace-live-0196", "span_id": "span-1961", "message": "heartbeat ok", "metric": 82.97}
{"timestamp": "2025-12-04T02:47:46.052335+00:00", "level": "ERROR", "service": "api", "thread_id": "t-api-012", "correlation_id": "live-0196", "trace_id": "trace-live-0196", "span_id": "span-1962", "message": "Database timeout", "metric": 66.94}
{"timestamp": "2025-12-04T02:47:46.202664+00:00", "level": "INFO", "service": "ledger", "thread_id": "t-ledger-013", "correlation_id": "live-0196", "trace_id": "trace-live-0196", "span_id": "span-1963", "message": "heartbeat ok", "metric": 21.11}
{"timestamp": "2025-12-04T02:47:46.352979+00:00", "level": "WARN", "service": "search", "thread_id": "t-search-014", "correlation_id": "live-0196", "trace_id": "trace-live-0196", "span_id": "span-1964", "message": "cache miss spike", "metric": 81.96}
{"timestamp": "2025-12-04T02:47:46.503249+00:00", "level": "INFO", "service": "api", "thread_id": "t-api-015", "correlation_id": "live-0196", "trace_id": "trace-live-0196", "span_id": "span-1965", "message": "heartbeat ok", "metric": 76.36}
{"timestamp": "2025-12-04T02:47:46.653554+00:00", "level": "INFO", "service": "auth", "thread_id": "t-auth-016", "correlation_id": "live-0196", "trace_id": "trace-live-0196", "span_id": "span-1966", "message": "heartbeat ok", "metric": 16.54}
{"timestamp": "2025-12-04T02:47:46.803810+00:00", "level": "INFO", "service": "payments", "thread_id": "t-payments-017", "correlation_id": "live-0196", "trace_id": "trace-live-0196", "span_id": "span-1967", "message": "heartbeat ok", "metric": 81.66}
{"timestamp": "2025-12-04T02:47:46.954007+00:00", "level": "INFO", "service": "auth", "thread_id": "t-auth-018", "correlation_id": "live-0196", "trace_id": "trace-live-0196", "span_id": "span-1968", "message": "heartbeat ok", "metric": 49.9}
{"timestamp": "2025-12-04T02:47:47.104231+00:00", "level": "INFO", "service": "api", "thread_id": "t-api-019", "correlation_id": "live-0196", "trace_id": "trace-live-0196", "span_id": "span-1969", "message": "heartbeat ok", "metric": 46.07}
{"timestamp": "2025-12-04T02:47:47.254484+00:00", "level": "INFO", "service": "ledger", "thread_id": "t-ledger-020", "correlation_id": "live-0197", "trace_id": "trace-live-0197", "span_id": "span-1970", "message": "heartbeat ok", "metric": 96.41}
{"timestamp": "2025-12-04T02:47:47.404671+00:00", "level": "INFO", "service": "api", "thread_id": "t-api-021", "correlation_id": "live-0197", "trace_id": "trace-live-0197", "span_id": "span-1971", "message": "heartbeat ok", "metric": 15.4}
{"timestamp": "2025-12-04T02:47:47.554893+00:00", "level": "INFO", "service": "search", "thread_id": "t-search-022", "correlation_id": "live-0197", "trace_id": "trace-live-0197", "span_id": "span-1972", "message": "heartbeat ok", "metric": 52.78}
{"timestamp": "2025-12-04T02:47:47.705156+00:00", "level": "INFO", "service": "api", "thread_id": "t-api-023", "correlation_id": "live-0197", "trace_id": "trace-live-0197", "span_id": "span-1973", "message": "heartbeat ok", "metric": 24.1}
{"timestamp": "2025-12-04T02:47:47.855405+00:00", "level": "INFO", "service": "payments", "thread_id": "t-payments-024", "correlation_id": "live-0197", "trace_id": "trace-live-0197", "span_id": "span-1974", "message": "heartbeat ok", "metric": 95.73}
{"timestamp": "2025-12-04T02:47:48.005628+00:00", "level": "WARN", "service": "api", "thread_id": "t-api-025", "correlation_id": "live-0197", "trace_id": "trace-live-0197", "span_id": "span-1975", "message": "cache miss spike", "metric": 36.3}
{"timestamp": "2025-12-04T02:47:48.155841+00:00", "level": "INFO", "service": "auth", "thread_id": "t-auth-026", "correlation_id": "live-0197", "trace_id": "trace-live-0197", "span_id": "span-1976", "message": "heartbeat ok", "metric": 50.94}
{"timestamp": "2025-12-04T02:47:48.306136+00:00", "level": "ERROR", "service": "search", "thread_id": "t-search-027", "correlation_id": "live-0197", "trace_id": "trace-live-0197", "span_id": "span-1977", "message": "Database timeout", "metric": 26.23}
{"timestamp": "2025-12-04T02:47:48.456391+00:00", "level": "INFO", "service": "auth", "thread_id": "t-auth-028", "correlation_id": "live-0197", "trace_id": "trace-live-0197", "span_id": "span-1978", "message": "heartbeat ok", "metric": 56.14}
{"timestamp": "2025-12-04T02:47:48.606623+00:00", "level": "INFO", "service": "payments", "thread_id": "t-payments-029", "correlation_id": "live-0197", "trace_id": "trace-live-0197", "span_id": "span-1979", "message": "heartbeat ok", "metric": 66.41}
{"timestamp": "2025-12-04T02:47:48.756918+00:00", "level": "INFO", "service": "auth", "thread_id": "t-auth-030", "correlation_id": "live-0198", "trace_id": "trace-live-0198", "span_id": "span-1980", "message": "heartbeat ok", "metric": 3.25}
{"timestamp": "2025-12-04T02:47:48.907155+00:00", "level": "INFO", "service": "api", "thread_id": "t-api-031", "correlation_id": "live-0198", "trace_id": "trace-live-0198", "span_id": "span-1981", "message": "heartbeat ok", "metric": 46.78}
{"timestamp": "2025-12-04T02:47:49.057407+00:00", "level": "INFO", "service": "payments", "thread_id": "t-payments-032", "correlation_id": "live-0198", "trace_id": "trace-live-0198", "span_id": "span-1982", "message": "heartbeat ok", "metric": 71.58}
{"timestamp": "2025-12-04T02:47:49.207602+00:00", "level": "INFO", "service": "payments", "thread_id": "t-payments-033", "correlation_id": "live-0198", "trace_id": "trace-live-0198", "span_id": "span-1983", "message": "heartbeat ok", "metric": 5.49}
{"timestamp": "2025-12-04T02:47:49.357801+00:00", "level": "WARN", "service": "search", "thread_id": "t-search-034", "correlation_id": "live-0198", "trace_id": "trace-live-0198", "span_id": "span-1984", "message": "cache miss spike", "metric": 20.64}
{"timestamp": "2025-12-04T02:47:49.507958+00:00", "level": "INFO", "service": "auth", "thread_id": "t-auth-035", "correlation_id": "live-0198", "trace_id": "trace-live-0198", "span_id": "span-1985", "message": "heartbeat ok", "metric": 40.05}
{"timestamp": "2025-12-04T02:47:49.658113+00:00", "level": "WARN", "service": "ledger", "thread_id": "t-ledger-036", "correlation_id": "live-0198", "trace_id": "trace-live-0198", "span_id": "span-1986", "message": "cache miss spike", "metric": 39.74}
{"timestamp": "2025-12-04T02:47:49.808338+00:00", "level": "INFO", "service": "search", "thread_id": "t-search-037", "correlation_id": "live-0198", "trace_id": "trace-live-0198", "span_id": "span-1987", "message": "heartbeat ok", "metric": 55.19}
{"timestamp": "2025-12-04T02:47:49.958574+00:00", "level": "INFO", "service": "ledger", "thread_id": "t-ledger-038", "correlation_id": "live-0198", "trace_id": "trace-live-0198", "span_id": "span-1988", "message": "heartbeat ok", "metric": 17.89}
{"timestamp": "2025-12-04T02:47:50.108851+00:00", "level": "INFO", "service": "payments", "thread_id": "t-payments-039", "correlation_id": "live-0198", "trace_id": "trace-live-0198", "span_id": "span-1989", "message": "heartbeat ok", "metric": 64.17}
{"timestamp": "2025-12-04T02:47:50.259128+00:00", "level": "WARN", "service": "auth", "thread_id": "t-auth-040", "correlation_id": "live-0199", "trace_id": "trace-live-0199", "span_id": "span-1990", "message": "cache miss spike", "metric": 68.64}
{"timestamp": "2025-12-04T02:47:50.409365+00:00", "level": "ERROR", "service": "auth", "thread_id": "t-auth-041", "correlation_id": "live-0199", "trace_id": "trace-live-0199", "span_id": "span-1991", "message": "Database timeout", "metric": 27.03}
{"timestamp": "2025-12-04T02:47:50.559588+00:00", "level": "INFO", "service": "auth", "thread_id": "t-auth-042", "correlation_id": "live-0199", "trace_id": "trace-live-0199", "span_id": "span-1992", "message": "heartbeat ok", "metric": 61.52}
{"timestamp": "2025-12-04T02:47:50.709797+00:00", "level": "WARN", "service": "payments", "thread_id": "t-payments-043", "correlation_id": "live-0199", "trace_id": "trace-live-0199", "span_id": "span-1993", "message": "cache miss spike", "metric": 15.55}
{"timestamp": "2025-12-04T02:47:50.859982+00:00", "level": "INFO", "service": "ledger", "thread_id": "t-ledger-044", "correlation_id": "live-0199", "trace_id": "trace-live-0199", "span_id": "span-1994", "message": "heartbeat ok", "metric": 87.86}
{"timestamp": "2025-12-04T02:47:51.010165+00:00", "level": "INFO", "service": "api", "thread_id": "t-api-045", "correlation_id": "live-0199", "trace_id": "trace-live-0199", "span_id": "span-1995", "message": "heartbeat ok", "metric": 19.89}
{"timestamp": "2025-12-04T02:47:51.160373+00:00", "level": "ERROR", "service": "ledger", "thread_id": "t-ledger-046", "correlation_id": "live-0199", "trace_id": "trace-live-0199", "span_id": "span-1996", "message": "Database timeout", "metric": 86.93}
{"timestamp": "2025-12-04T02:47:51.310592+00:00", "level": "INFO", "service": "payments", "thread_id": "t-payments-047", "correlation_id": "live-0199", "trace_id": "trace-live-0199", "span_id": "span-1997", "message": "heartbeat ok", "metric": 29.57}
{"timestamp": "2025-12-04T02:47:51.460752+00:00", "level": "INFO", "service": "api", "thread_id": "t-api-048", "correlation_id": "live-0199", "trace_id": "trace-live-0199", "span_id": "span-1998", "message": "heartbeat ok", "metric": 85.26}
{"timestamp": "2025-12-04T02:47:51.611005+00:00", "level": "INFO", "service": "payments", "thread_id": "t-payments-049", "correlation_id": "live-0199", "trace_id": "trace-live-0199", "span_id": "span-1999", "message": "heartbeat ok", "metric": 88.0}
{"timestamp": "2025-12-04T02:47:51.761235+00:00", "level": "INFO", "service": "auth", "thread_id": "t-auth-000", "correlation_id": "live-0200", "trace_id": "trace-live-0200", "span_id": "span-2000", "message": "heartbeat ok", "metric": 1.11}
{"timestamp": "2025-12-04T02:47:51.911507+00:00", "level": "INFO", "service": "search", "thread_id": "t-search-001", "correlation_id": "live-0200", "trace_id": "trace-live-0200", "span_id": "span-2001", "message": "heartbeat ok", "metric": 10.13}
{"timestamp": "2025-12-04T02:47:52.061709+00:00", "level": "ERROR", "service": "api", "thread_id": "t-api-002", "correlation_id": "live-0200", "trace_id": "trace-live-0200", "span_id": "span-2002", "message": "Database timeout", "metric": 77.03}
{"timestamp": "2025-12-04T02:47:52.211948+00:00", "level": "INFO", "service": "auth", "thread_id": "t-auth-003", "correlation_id": "live-0200", "trace_id": "trace-live-0200", "span_id": "span-2003", "message": "heartbeat ok", "metric": 36.72}
{"timestamp": "2025-12-04T02:47:52.362155+00:00", "level": "WARN", "service": "payments", "thread_id": "t-payments-004", "correlation_id": "live-0200", "trace_id": "trace-live-0200", "span_id": "span-2004", "message": "cache miss spike", "metric": 70.65}
{"timestamp": "2025-12-04T02:47:52.512380+00:00", "level": "INFO", "service": "ledger", "thread_id": "t-ledger-005", "correlation_id": "live-0200", "trace_id": "trace-live-0200", "span_id": "span-2005", "message": "heartbeat ok", "metric": 72.24}
{"timestamp": "2025-12-04T02:47:52.662579+00:00", "level": "INFO", "service": "ledger", "thread_id": "t-ledger-006", "correlation_id": "live-0200", "trace_id": "trace-live-0200", "span_id": "span-2006", "message": "heartbeat ok", "metric": 8.33}
{"timestamp": "2025-12-04T02:47:52.812739+00:00", "level": "INFO", "service": "auth", "thread_id": "t-auth-007", "correlation_id": "live-0200", "trace_id": "trace-live-0200", "span_id": "span-2007", "message": "heartbeat ok", "metric": 46.02}
{"timestamp": "2025-12-04T02:47:52.962955+00:00", "level": "ERROR", "service": "payments", "thread_id": "t-payments-008", "correlation_id": "live-0200", "trace_id": "trace-live-0200", "span_id": "span-2008", "message": "Database timeout", "metric": 62.63}
{"timestamp": "2025-12-04T02:47:53.113189+00:00", "level": "INFO", "service": "auth", "thread_id": "t-auth-009", "correlation_id": "live-0200", "trace_id": "trace-live-0200", "span_id": "span-2009", "message": "heartbeat ok", "metric": 69.0}
{"timestamp": "2025-12-04T02:47:53.263414+00:00", "level": "INFO", "service": "ledger", "thread_id": "t-ledger-010", "correlation_id": "live-0201", "trace_id": "trace-live-0201", "span_id": "span-2010", "message": "heartbeat ok", "metric": 15.3}
{"timestamp": "2025-12-04T02:47:53.413697+00:00", "level": "ERROR", "service": "ledger", "thread_id": "t-ledger-011", "correlation_id": "live-0201", "trace_id": "trace-live-0201", "span_id": "span-2011", "message": "Database timeout", "metric": 71.8}
{"timestamp": "2025-12-04T02:47:53.563942+00:00", "level": "INFO", "service": "ledger", "thread_id": "t-ledger-012", "correlation_id": "live-0201", "trace_id": "trace-live-0201", "span_id": "span-2012", "message": "heartbeat ok", "metric": 58.82}
{"timestamp": "2025-12-04T02:47:53.714110+00:00", "level": "INFO", "service": "auth", "thread_id": "t-auth-013", "correlation_id": "live-0201", "trace_id": "trace-live-0201", "span_id": "span-2013", "message": "heartbeat ok", "metric": 43.25}
{"timestamp": "2025-12-04T02:47:53.864272+00:00", "level": "INFO", "service": "ledger", "thread_id": "t-ledger-014", "correlation_id": "live-0201", "trace_id": "trace-live-0201", "span_id": "span-2014", "message": "heartbeat ok", "metric": 19.23}
{"timestamp": "2025-12-04T02:47:54.014452+00:00", "level": "INFO", "service": "ledger", "thread_id": "t-ledger-015", "correlation_id": "live-0201", "trace_id": "trace-live-0201", "span_id": "span-2015", "message": "heartbeat ok", "metric": 54.33}
{"timestamp": "2025-12-04T02:47:54.164721+00:00", "level": "INFO", "service": "auth", "thread_id": "t-auth-016", "correlation_id": "live-0201", "trace_id": "trace-live-0201", "span_id": "span-2016", "message": "heartbeat ok", "metric": 80.6}
{"timestamp": "2025-12-04T02:47:54.314937+00:00", "level": "INFO", "service": "ledger", "thread_id": "t-ledger-017", "correlation_id": "live-0201", "trace_id": "trace-live-0201", "span_id": "span-2017", "message": "heartbeat ok", "metric": 35.85}
{"timestamp": "2025-12-04T02:47:54.465089+00:00", "level": "ERROR", "service": "payments", "thread_id": "t-payments-018", "correlation_id": "live-0201", "trace_id": "trace-live-0201", "span_id": "span-2018", "message": "Database timeout", "metric": 45.71}
{"timestamp": "2025-12-04T02:47:54.615308+00:00", "level": "INFO", "service": "auth", "thread_id": "t-auth-019", "correlation_id": "live-0201", "trace_id": "trace-live-0201", "span_id": "span-2019", "message": "heartbeat ok", "metric": 76.81}
{"timestamp": "2025-12-04T02:47:54.765540+00:00", "level": "INFO", "service": "auth", "thread_id": "t-auth-020", "correlation_id": "live-0202", "trace_id": "trace-live-0202", "span_id": "span-2020", "message": "heartbeat ok", "metric": 17.09}
{"timestamp": "2025-12-04T02:47:54.915761+00:00", "level": "INFO", "service": "payments", "thread_id": "t-payments-021", "correlation_id": "live-0202", "trace_id": "trace-live-0202", "span_id": "span-2021", "message": "heartbeat ok", "metric": 38.01}
{"timestamp": "2025-12-04T02:47:55.065998+00:00", "level": "INFO", "service": "ledger", "thread_id": "t-ledger-022", "correlation_id": "live-0202", "trace_id": "trace-live-0202", "span_id": "span-2022", "message": "heartbeat ok", "metric": 53.08}
{"timestamp": "2025-12-04T02:47:55.216232+00:00", "level": "WARN", "service": "search", "thread_id": "t-search-023", "correlation_id": "live-0202", "trace_id": "trace-live-0202", "span_id": "span-2023", "message": "cache miss spike", "metric": 62.16}
{"timestamp": "2025-12-04T02:47:55.366471+00:00", "level": "INFO", "service": "search", "thread_id": "t-search-024", "correlation_id": "live-0202", "trace_id": "trace-live-0202", "span_id": "span-2024", "message": "heartbeat ok", "metric": 14.23}
{"timestamp": "2025-12-04T02:47:55.516704+00:00", "level": "INFO", "service": "payments", "thread_id": "t-payments-025", "correlation_id": "live-0202", "trace_id": "trace-live-0202", "span_id": "span-2025", "message": "heartbeat ok", "metric": 97.14}
{"timestamp": "2025-12-04T02:47:55.666954+00:00", "level": "ERROR", "service": "ledger", "thread_id": "t-ledger-026", "correlation_id": "live-0202", "trace_id": "trace-live-0202", "span_id": "span-2026", "message": "Database timeout", "metric": 96.26}
{"timestamp": "2025-12-04T02:47:55.817226+00:00", "level": "WARN", "service": "search", "thread_id": "t-search-027", "correlation_id": "live-0202", "trace_id": "trace-live-0202", "span_id": "span-2027", "message": "cache miss spike", "metric": 54.56}
{"timestamp": "2025-12-04T02:47:55.967480+00:00", "level": "INFO", "service": "ledger", "thread_id": "t-ledger-028", "correlation_id": "live-0202", "trace_id": "trace-live-0202", "span_id": "span-2028", "message": "heartbeat ok", "metric": 12.73}
{"timestamp": "2025-12-04T02:47:56.117733+00:00", "level": "INFO", "service": "ledger", "thread_id": "t-ledger-029", "correlation_id": "live-0202", "trace_id": "trace-live-0202", "span_id": "span-2029", "message": "heartbeat ok", "metric": 95.47}
{"timestamp": "2025-12-04T02:47:56.268002+00:00", "level": "WARN", "service": "auth", "thread_id": "t-auth-030", "correlation_id": "live-0203", "trace_id": "trace-live-0203", "span_id": "span-2030", "message": "cache miss spike", "metric": 69.05}
{"timestamp": "2025-12-04T02:47:56.418236+00:00", "level": "INFO", "service": "payments", "thread_id": "t-payments-031", "correlation_id": "live-0203", "trace_id": "trace-live-0203", "span_id": "span-2031", "message": "heartbeat ok", "metric": 73.2}
{"timestamp": "2025-12-04T02:47:56.568564+00:00", "level": "INFO", "service": "auth", "thread_id": "t-auth-032", "correlation_id": "live-0203", "trace_id": "trace-live-0203", "span_id": "span-2032", "message": "heartbeat ok", "metric": 99.66}
{"timestamp": "2025-12-04T02:47:56.718822+00:00", "level": "ERROR", "service": "api", "thread_id": "t-api-033", "correlation_id": "live-0203", "trace_id": "trace-live-0203", "span_id": "span-2033", "message": "Database timeout", "metric": 22.12}
{"timestamp": "2025-12-04T02:47:56.869064+00:00", "level": "WARN", "service": "search", "thread_id": "t-search-034", "correlation_id": "live-0203", "trace_id": "trace-live-0203", "span_id": "span-2034", "message": "cache miss spike", "metric": 0.38}
{"timestamp": "2025-12-04T02:47:57.019343+00:00", "level": "WARN", "service": "payments", "thread_id": "t-payments-035", "correlation_id": "live-0203", "trace_id": "trace-live-0203", "span_id": "span-2035", "message": "cache miss spike", "metric": 27.32}
{"timestamp": "2025-12-04T02:47:57.169628+00:00", "level": "WARN", "service": "auth", "thread_id": "t-auth-036", "correlation_id": "live-0203", "trace_id": "trace-live-0203", "span_id": "span-2036", "message": "cache miss spike", "metric": 26.64}
{"timestamp": "2025-12-04T02:47:57.319895+00:00", "level": "INFO", "service": "search", "thread_id": "t-search-037", "correlation_id": "live-0203", "trace_id": "trace-live-0203", "span_id": "span-2037", "message": "heartbeat ok", "metric": 80.61}
{"timestamp": "2025-12-04T02:47:57.470159+00:00", "level": "ERROR", "service": "ledger", "thread_id": "t-ledger-038", "correlation_id": "live-0203", "trace_id": "trace-live-0203", "span_id": "span-2038", "message": "Database timeout", "metric": 23.83}
{"timestamp": "2025-12-04T02:47:57.620433+00:00", "level": "INFO", "service": "search", "thread_id": "t-search-039", "correlation_id": "live-0203", "trace_id": "trace-live-0203", "span_id": "span-2039", "message": "heartbeat ok", "metric": 51.57}
{"timestamp": "2025-12-04T02:47:57.770672+00:00", "level": "WARN", "service": "auth", "thread_id": "t-auth-040", "correlation_id": "live-0204", "trace_id": "trace-live-0204", "span_id": "span-2040", "message": "cache miss spike", "metric": 92.02}
{"timestamp": "2025-12-04T02:47:57.920834+00:00", "level": "INFO", "service": "api", "thread_id": "t-api-041", "correlation_id": "live-0204", "trace_id": "trace-live-0204", "span_id": "span-2041", "message": "heartbeat ok", "metric": 48.54}
{"timestamp": "2025-12-04T02:47:58.071042+00:00", "level": "INFO", "service": "auth", "thread_id": "t-auth-042", "correlation_id": "live-0204", "trace_id": "trace-live-0204", "span_id": "span-2042", "message": "heartbeat ok", "metric": 89.55}
{"timestamp": "2025-12-04T02:47:58.221264+00:00", "level": "ERROR", "service": "auth", "thread_id": "t-auth-043", "correlation_id": "live-0204", "trace_id": "trace-live-0204", "span_id": "span-2043", "message": "Database timeout", "metric": 55.9}
{"timestamp": "2025-12-04T02:47:58.371525+00:00", "level": "INFO", "service": "search", "thread_id": "t-search-044", "correlation_id": "live-0204", "trace_id": "trace-live-0204", "span_id": "span-2044", "message": "heartbeat ok", "metric": 23.4}
{"timestamp": "2025-12-04T02:47:58.521759+00:00", "level": "WARN", "service": "auth", "thread_id": "t-auth-045", "correlation_id": "live-0204", "trace_id": "trace-live-0204", "span_id": "span-2045", "message": "cache miss spike", "metric": 8.74}
{"timestamp": "2025-12-04T02:47:58.672172+00:00", "level": "WARN", "service": "ledger", "thread_id": "t-ledger-046", "correlation_id": "live-0204", "trace_id": "trace-live-0204", "span_id": "span-2046", "message": "cache miss spike", "metric": 28.27}
{"timestamp": "2025-12-04T02:47:58.822421+00:00", "level": "INFO", "service": "payments", "thread_id": "t-payments-047", "correlation_id": "live-0204", "trace_id": "trace-live-0204", "span_id": "span-2047", "message": "heartbeat ok", "metric": 63.83}
{"timestamp": "2025-12-04T02:47:58.972642+00:00", "level": "INFO", "service": "payments", "thread_id": "t-payments-048", "correlation_id": "live-0204", "trace_id": "trace-live-0204", "span_id": "span-2048", "message": "heartbeat ok", "metric": 57.64}
{"timestamp": "2025-12-04T02:47:59.122833+00:00", "level": "INFO", "service": "search", "thread_id": "t-search-049", "correlation_id": "live-0204", "trace_id": "trace-live-0204", "span_id": "span-2049", "message": "heartbeat ok", "metric": 59.06}
{"timestamp": "2025-12-04T02:47:59.273076+00:00", "level": "INFO", "service": "auth", "thread_id": "t-auth-000", "correlation_id": "live-0205", "trace_id": "trace-live-0205", "span_id": "span-2050", "message": "heartbeat ok", "metric": 14.97}
{"timestamp": "2025-12-04T02:47:59.423256+00:00", "level": "INFO", "service": "auth", "thread_id": "t-auth-001", "correlation_id": "live-0205", "trace_id": "trace-live-0205", "span_id": "span-2051", "message": "heartbeat ok", "metric": 54.98}
{"timestamp": "2025-12-04T02:47:59.573491+00:00", "level": "INFO", "service": "api", "thread_id": "t-api-002", "correlation_id": "live-0205", "trace_id": "trace-live-0205", "span_id": "span-2052", "message": "heartbeat ok", "metric": 5.2}
{"timestamp": "2025-12-04T02:47:59.723827+00:00", "level": "INFO", "service": "search", "thread_id": "t-search-003", "correlation_id": "live-0205", "trace_id": "trace-live-0205", "span_id": "span-2053", "message": "heartbeat ok", "metric": 55.68}
{"timestamp": "2025-12-04T02:47:59.874139+00:00", "level": "WARN", "service": "search", "thread_id": "t-search-004", "correlation_id": "live-0205", "trace_id": "trace-live-0205", "span_id": "span-2054", "message": "cache miss spike", "metric": 50.5}
{"timestamp": "2025-12-04T02:48:00.024447+00:00", "level": "ERROR", "service": "payments", "thread_id": "t-payments-005", "correlation_id": "live-0205", "trace_id": "trace-live-0205", "span_id": "span-2055", "message": "Database timeout", "metric": 66.63}
{"timestamp": "2025-12-04T02:48:00.174690+00:00", "level": "ERROR", "service": "ledger", "thread_id": "t-ledger-006", "correlation_id": "live-0205", "trace_id": "trace-live-0205", "span_id": "span-2056", "message": "Database timeout", "metric": 26.13}
{"timestamp": "2025-12-04T02:48:00.324962+00:00", "level": "INFO", "service": "search", "thread_id": "t-search-007", "correlation_id": "live-0205", "trace_id": "trace-live-0205", "span_id": "span-2057", "message": "heartbeat ok", "metric": 82.3}
{"timestamp": "2025-12-04T02:48:00.475194+00:00", "level": "WARN", "service": "search", "thread_id": "t-search-008", "correlation_id": "live-0205", "trace_id": "trace-live-0205", "span_id": "span-2058", "message": "cache miss spike", "metric": 29.27}
{"timestamp": "2025-12-04T02:48:00.625377+00:00", "level": "INFO", "service": "search", "thread_id": "t-search-009", "correlation_id": "live-0205", "trace_id": "trace-live-0205", "span_id": "span-2059", "message": "heartbeat ok", "metric": 55.67}
{"timestamp": "2025-12-04T02:48:00.775546+00:00", "level": "WARN", "service": "ledger", "thread_id": "t-ledger-010", "correlation_id": "live-0206", "trace_id": "trace-live-0206", "span_id": "span-2060", "message": "cache miss spike", "metric": 87.86}
{"timestamp": "2025-12-04T02:48:00.925749+00:00", "level": "INFO", "service": "payments", "thread_id": "t-payments-011", "correlation_id": "live-0206", "trace_id": "trace-live-0206", "span_id": "span-2061", "message": "heartbeat ok", "metric": 65.09}
{"timestamp": "2025-12-04T02:48:01.076030+00:00", "level": "INFO", "service": "ledger", "thread_id": "t-ledger-012", "correlation_id": "live-0206", "trace_id": "trace-live-0206", "span_id": "span-2062", "message": "heartbeat ok", "metric": 83.07}
{"timestamp": "2025-12-04T02:48:01.226252+00:00", "level": "INFO", "service": "api", "thread_id": "t-api-013", "correlation_id": "live-0206", "trace_id": "trace-live-0206", "span_id": "span-2063", "message": "heartbeat ok", "metric": 91.72}
{"timestamp": "2025-12-04T02:48:01.376521+00:00", "level": "INFO", "service": "api", "thread_id": "t-api-014", "correlation_id": "live-0206", "trace_id": "trace-live-0206", "span_id": "span-2064", "message": "heartbeat ok", "metric": 25.51}
{"timestamp": "2025-12-04T02:48:01.526769+00:00", "level": "INFO", "service": "payments", "thread_id": "t-payments-015", "correlation_id": "live-0206", "trace_id": "trace-live-0206", "span_id": "span-2065", "message": "heartbeat ok", "metric": 4.05}
{"timestamp": "2025-12-04T02:48:01.676971+00:00", "level": "INFO", "service": "auth", "thread_id": "t-auth-016", "correlation_id": "live-0206", "trace_id": "trace-live-0206", "span_id": "span-2066", "message": "heartbeat ok", "metric": 75.21}
{"timestamp": "2025-12-04T02:48:01.827189+00:00", "level": "WARN", "service": "payments", "thread_id": "t-payments-017", "correlation_id": "live-0206", "trace_id": "trace-live-0206", "span_id": "span-2067", "message": "cache miss spike", "metric": 67.66}
{"timestamp": "2025-12-04T02:48:01.977474+00:00", "level": "WARN", "service": "auth", "thread_id": "t-auth-018", "correlation_id": "live-0206", "trace_id": "trace-live-0206", "span_id": "span-2068", "message": "cache miss spike", "metric": 34.82}
{"timestamp": "2025-12-04T02:48:02.127785+00:00", "level": "INFO", "service": "api", "thread_id": "t-api-019", "correlation_id": "live-0206", "trace_id": "trace-live-0206", "span_id": "span-2069", "message": "heartbeat ok", "metric": 61.47}
{"timestamp": "2025-12-04T02:48:02.278116+00:00", "level": "INFO", "service": "api", "thread_id": "t-api-020", "correlation_id": "live-0207", "trace_id": "trace-live-0207", "span_id": "span-2070", "message": "heartbeat ok", "metric": 87.41}
{"timestamp": "2025-12-04T02:48:02.428443+00:00", "level": "INFO", "service": "auth", "thread_id": "t-auth-021", "correlation_id": "live-0207", "trace_id": "trace-live-0207", "span_id": "span-2071", "message": "heartbeat ok", "metric": 91.35}
{"timestamp": "2025-12-04T02:48:02.578790+00:00", "level": "INFO", "service": "payments", "thread_id": "t-payments-022", "correlation_id": "live-0207", "trace_id": "trace-live-0207", "span_id": "span-2072", "message": "heartbeat ok", "metric": 14.99}
{"timestamp": "2025-12-04T02:48:02.729076+00:00", "level": "INFO", "service": "search", "thread_id": "t-search-023", "correlation_id": "live-0207", "trace_id": "trace-live-0207", "span_id": "span-2073", "message": "heartbeat ok", "metric": 20.84}
{"timestamp": "2025-12-04T02:48:02.879310+00:00", "level": "INFO", "service": "auth", "thread_id": "t-auth-024", "correlation_id": "live-0207", "trace_id": "trace-live-0207", "span_id": "span-2074", "message": "heartbeat ok", "metric": 49.1}
{"timestamp": "2025-12-04T02:48:03.029607+00:00", "level": "INFO", "service": "ledger", "thread_id": "t-ledger-025", "correlation_id": "live-0207", "trace_id": "trace-live-0207", "span_id": "span-2075", "message": "heartbeat ok", "metric": 22.06}
{"timestamp": "2025-12-04T02:48:03.179931+00:00", "level": "INFO", "service": "auth", "thread_id": "t-auth-026", "correlation_id": "live-0207", "trace_id": "trace-live-0207", "span_id": "span-2076", "message": "heartbeat ok", "metric": 57.41}
{"timestamp": "2025-12-04T02:48:03.330175+00:00", "level": "WARN", "service": "api", "thread_id": "t-api-027", "correlation_id": "live-0207", "trace_id": "trace-live-0207", "span_id": "span-2077", "message": "cache miss spike", "metric": 41.3}
{"timestamp": "2025-12-04T02:48:03.480357+00:00", "level": "INFO", "service": "auth", "thread_id": "t-auth-028", "correlation_id": "live-0207", "trace_id": "trace-live-0207", "span_id": "span-2078", "message": "heartbeat ok", "metric": 35.23}
{"timestamp": "2025-12-04T02:48:03.630563+00:00", "level": "INFO", "service": "ledger", "thread_id": "t-ledger-029", "correlation_id": "live-0207", "trace_id": "trace-live-0207", "span_id": "span-2079", "message": "heartbeat ok", "metric": 45.84}
{"timestamp": "2025-12-04T02:48:03.780834+00:00", "level": "INFO", "service": "auth", "thread_id": "t-auth-030", "correlation_id": "live-0208", "trace_id": "trace-live-0208", "span_id": "span-2080", "message": "heartbeat ok", "metric": 46.06}
{"timestamp": "2025-12-04T02:48:03.931069+00:00", "level": "INFO", "service": "payments", "thread_id": "t-payments-031", "correlation_id": "live-0208", "trace_id": "trace-live-0208", "span_id": "span-2081", "message": "heartbeat ok", "metric": 51.79}
{"timestamp": "2025-12-04T02:48:04.081217+00:00", "level": "INFO", "service": "payments", "thread_id": "t-payments-032", "correlation_id": "live-0208", "trace_id": "trace-live-0208", "span_id": "span-2082", "message": "heartbeat ok", "metric": 11.76}
{"timestamp": "2025-12-04T02:48:04.231409+00:00", "level": "INFO", "service": "ledger", "thread_id": "t-ledger-033", "correlation_id": "live-0208", "trace_id": "trace-live-0208", "span_id": "span-2083", "message": "heartbeat ok", "metric": 62.77}
{"timestamp": "2025-12-04T02:48:04.381580+00:00", "level": "INFO", "service": "api", "thread_id": "t-api-034", "correlation_id": "live-0208", "trace_id": "trace-live-0208", "span_id": "span-2084", "message": "heartbeat ok", "metric": 12.68}
{"timestamp": "2025-12-04T02:48:04.531748+00:00", "level": "INFO", "service": "search", "thread_id": "t-search-035", "correlation_id": "live-0208", "trace_id": "trace-live-0208", "span_id": "span-2085", "message": "heartbeat ok", "metric": 26.76}
{"timestamp": "2025-12-04T02:48:04.682016+00:00", "level": "ERROR", "service": "payments", "thread_id": "t-payments-036", "correlation_id": "live-0208", "trace_id": "trace-live-0208", "span_id": "span-2086", "message": "Database timeout", "metric": 85.34}
{"timestamp": "2025-12-04T02:48:04.832346+00:00", "level": "WARN", "service": "search", "thread_id": "t-search-037", "correlation_id": "live-0208", "trace_id": "trace-live-0208", "span_id": "span-2087", "message": "cache miss spike", "metric": 92.82}
{"timestamp": "2025-12-04T02:48:04.982574+00:00", "level": "INFO", "service": "ledger", "thread_id": "t-ledger-038", "correlation_id": "live-0208", "trace_id": "trace-live-0208", "span_id": "span-2088", "message": "heartbeat ok", "metric": 7.4}
{"timestamp": "2025-12-04T02:48:05.132781+00:00", "level": "WARN", "service": "auth", "thread_id": "t-auth-039", "correlation_id": "live-0208", "trace_id": "trace-live-0208", "span_id": "span-2089", "message": "cache miss spike", "metric": 27.77}
{"timestamp": "2025-12-04T02:48:05.282979+00:00", "level": "WARN", "service": "api", "thread_id": "t-api-040", "correlation_id": "live-0209", "trace_id": "trace-live-0209", "span_id": "span-2090", "message": "cache miss spike", "metric": 85.8}
{"timestamp": "2025-12-04T02:48:05.433197+00:00", "level": "INFO", "service": "api", "thread_id": "t-api-041", "correlation_id": "live-0209", "trace_id": "trace-live-0209", "span_id": "span-2091", "message": "heartbeat ok", "metric": 39.66}
{"timestamp": "2025-12-04T02:48:05.583486+00:00", "level": "INFO", "service": "search", "thread_id": "t-search-042", "correlation_id": "live-0209", "trace_id": "trace-live-0209", "span_id": "span-2092", "message": "heartbeat ok", "metric": 56.1}
{"timestamp": "2025-12-04T02:48:05.733696+00:00", "level": "INFO", "service": "payments", "thread_id": "t-payments-043", "correlation_id": "live-0209", "trace_id": "trace-live-0209", "span_id": "span-2093", "message": "heartbeat ok", "metric": 74.42}
{"timestamp": "2025-12-04T02:48:05.883968+00:00", "level": "WARN", "service": "auth", "thread_id": "t-auth-044", "correlation_id": "live-0209", "trace_id": "trace-live-0209", "span_id": "span-2094", "message": "cache miss spike", "metric": 5.58}
{"timestamp": "2025-12-04T02:48:06.034217+00:00", "level": "INFO", "service": "ledger", "thread_id": "t-ledger-045", "correlation_id": "live-0209", "trace_id": "trace-live-0209", "span_id": "span-2095", "message": "heartbeat ok", "metric": 59.54}
{"timestamp": "2025-12-04T02:48:06.184389+00:00", "level": "INFO", "service": "ledger", "thread_id": "t-ledger-046", "correlation_id": "live-0209", "trace_id": "trace-live-0209", "span_id": "span-2096", "message": "heartbeat ok", "metric": 33.8}
{"timestamp": "2025-12-04T02:48:06.334618+00:00", "level": "WARN", "service": "payments", "thread_id": "t-payments-047", "correlation_id": "live-0209", "trace_id": "trace-live-0209", "span_id": "span-2097", "message": "cache miss spike", "metric": 23.99}
{"timestamp": "2025-12-04T02:48:06.484854+00:00", "level": "INFO", "service": "payments", "thread_id": "t-payments-048", "correlation_id": "live-0209", "trace_id": "trace-live-0209", "span_id": "span-2098", "message": "heartbeat ok", "metric": 66.45}
{"timestamp": "2025-12-04T02:48:06.635083+00:00", "level": "INFO", "service": "ledger", "thread_id": "t-ledger-049", "correlation_id": "live-0209", "trace_id": "trace-live-0209", "span_id": "span-2099", "message": "heartbeat ok", "metric": 26.47}
{"timestamp": "2025-12-04T02:48:06.785358+00:00", "level": "INFO", "service": "api", "thread_id": "t-api-000", "correlation_id": "live-0210", "trace_id": "trace-live-0210", "span_id": "span-2100", "message": "heartbeat ok", "metric": 97.55}
{"timestamp": "2025-12-04T02:48:06.935664+00:00", "level": "WARN", "service": "api", "thread_id": "t-api-001", "correlation_id": "live-0210", "trace_id": "trace-live-0210", "span_id": "span-2101", "message": "cache miss spike", "metric": 19.3}
{"timestamp": "2025-12-04T02:48:07.085958+00:00", "level": "INFO", "service": "payments", "thread_id": "t-payments-002", "correlation_id": "live-0210", "trace_id": "trace-live-0210", "span_id": "span-2102", "message": "heartbeat ok", "metric": 74.12}
{"timestamp": "2025-12-04T02:48:07.236224+00:00", "level": "INFO", "service": "ledger", "thread_id": "t-ledger-003", "correlation_id": "live-0210", "trace_id": "trace-live-0210", "span_id": "span-2103", "message": "heartbeat ok", "metric": 96.39}
{"timestamp": "2025-12-04T02:48:07.386560+00:00", "level": "ERROR", "service": "ledger", "thread_id": "t-ledger-004", "correlation_id": "live-0210", "trace_id": "trace-live-0210", "span_id": "span-2104", "message": "Database timeout", "metric": 32.94}
{"timestamp": "2025-12-04T02:48:07.536790+00:00", "level": "WARN", "service": "api", "thread_id": "t-api-005", "correlation_id": "live-0210", "trace_id": "trace-live-0210", "span_id": "span-2105", "message": "cache miss spike", "metric": 42.98}
{"timestamp": "2025-12-04T02:48:07.687080+00:00", "level": "INFO", "service": "auth", "thread_id": "t-auth-006", "correlation_id": "live-0210", "trace_id": "trace-live-0210", "span_id": "span-2106", "message": "heartbeat ok", "metric": 89.17}
{"timestamp": "2025-12-04T02:48:07.837277+00:00", "level": "ERROR", "service": "ledger", "thread_id": "t-ledger-007", "correlation_id": "live-0210", "trace_id": "trace-live-0210", "span_id": "span-2107", "message": "Database timeout", "metric": 24.72}
{"timestamp": "2025-12-04T02:48:07.987475+00:00", "level": "INFO", "service": "ledger", "thread_id": "t-ledger-008", "correlation_id": "live-0210", "trace_id": "trace-live-0210", "span_id": "span-2108", "message": "heartbeat ok", "metric": 74.66}
{"timestamp": "2025-12-04T02:48:08.137689+00:00", "level": "INFO", "service": "api", "thread_id": "t-api-009", "correlation_id": "live-0210", "trace_id": "trace-live-0210", "span_id": "span-2109", "message": "heartbeat ok", "metric": 23.83}
{"timestamp": "2025-12-04T02:48:08.288028+00:00", "level": "INFO", "service": "auth", "thread_id": "t-auth-010", "correlation_id": "live-0211", "trace_id": "trace-live-0211", "span_id": "span-2110", "message": "heartbeat ok", "metric": 57.15}
{"timestamp": "2025-12-04T02:48:08.438351+00:00", "level": "INFO", "service": "search", "thread_id": "t-search-011", "correlation_id": "live-0211", "trace_id": "trace-live-0211", "span_id": "span-2111", "message": "heartbeat ok", "metric": 69.8}
{"timestamp": "2025-12-04T02:48:08.588647+00:00", "level": "INFO", "service": "auth", "thread_id": "t-auth-012", "correlation_id": "live-0211", "trace_id": "trace-live-0211", "span_id": "span-2112", "message": "heartbeat ok", "metric": 81.21}
{"timestamp": "2025-12-04T02:48:08.738834+00:00", "level": "INFO", "service": "auth", "thread_id": "t-auth-013", "correlation_id": "live-0211", "trace_id": "trace-live-0211", "span_id": "span-2113", "message": "heartbeat ok", "metric": 30.83}
{"timestamp": "2025-12-04T02:48:08.888973+00:00", "level": "INFO", "service": "ledger", "thread_id": "t-ledger-014", "correlation_id": "live-0211", "trace_id": "trace-live-0211", "span_id": "span-2114", "message": "heartbeat ok", "metric": 10.87}
{"timestamp": "2025-12-04T02:48:09.039185+00:00", "level": "INFO", "service": "auth", "thread_id": "t-auth-015", "correlation_id": "live-0211", "trace_id": "trace-live-0211", "span_id": "span-2115", "message": "heartbeat ok", "metric": 79.86}
{"timestamp": "2025-12-04T02:48:09.189461+00:00", "level": "INFO", "service": "api", "thread_id": "t-api-016", "correlation_id": "live-0211", "trace_id": "trace-live-0211", "span_id": "span-2116", "message": "heartbeat ok", "metric": 59.62}
{"timestamp": "2025-12-04T02:48:09.339721+00:00", "level": "INFO", "service": "payments", "thread_id": "t-payments-017", "correlation_id": "live-0211", "trace_id": "trace-live-0211", "span_id": "span-2117", "message": "heartbeat ok", "metric": 89.98}
{"timestamp": "2025-12-04T02:48:09.489997+00:00", "level": "INFO", "service": "api", "thread_id": "t-api-018", "correlation_id": "live-0211", "trace_id": "trace-live-0211", "span_id": "span-2118", "message": "heartbeat ok", "metric": 7.57}
{"timestamp": "2025-12-04T02:48:09.640267+00:00", "level": "INFO", "service": "ledger", "thread_id": "t-ledger-019", "correlation_id": "live-0211", "trace_id": "trace-live-0211", "span_id": "span-2119", "message": "heartbeat ok", "metric": 1.82}
{"timestamp": "2025-12-04T02:48:09.790523+00:00", "level": "WARN", "service": "search", "thread_id": "t-search-020", "correlation_id": "live-0212", "trace_id": "trace-live-0212", "span_id": "span-2120", "message": "cache miss spike", "metric": 54.55}
{"timestamp": "2025-12-04T02:48:09.940717+00:00", "level": "INFO", "service": "auth", "thread_id": "t-auth-021", "correlation_id": "live-0212", "trace_id": "trace-live-0212", "span_id": "span-2121", "message": "heartbeat ok", "metric": 44.6}
{"timestamp": "2025-12-04T02:48:10.090967+00:00", "level": "WARN", "service": "search", "thread_id": "t-search-022", "correlation_id": "live-0212", "trace_id": "trace-live-0212", "span_id": "span-2122", "message": "cache miss spike", "metric": 12.72}
{"timestamp": "2025-12-04T02:48:10.241279+00:00", "level": "WARN", "service": "search", "thread_id": "t-search-023", "correlation_id": "live-0212", "trace_id": "trace-live-0212", "span_id": "span-2123", "message": "cache miss spike", "metric": 0.05}
{"timestamp": "2025-12-04T02:48:10.391525+00:00", "level": "WARN", "service": "search", "thread_id": "t-search-024", "correlation_id": "live-0212", "trace_id": "trace-live-0212", "span_id": "span-2124", "message": "cache miss spike", "metric": 67.01}
{"timestamp": "2025-12-04T02:48:10.541712+00:00", "level": "INFO", "service": "api", "thread_id": "t-api-025", "correlation_id": "live-0212", "trace_id": "trace-live-0212", "span_id": "span-2125", "message": "heartbeat ok", "metric": 70.19}
{"timestamp": "2025-12-04T02:48:10.691976+00:00", "level": "INFO", "service": "search", "thread_id": "t-search-026", "correlation_id": "live-0212", "trace_id": "trace-live-0212", "span_id": "span-2126", "message": "heartbeat ok", "metric": 33.9}
{"timestamp": "2025-12-04T02:48:10.842254+00:00", "level": "INFO", "service": "ledger", "thread_id": "t-ledger-027", "correlation_id": "live-0212", "trace_id": "trace-live-0212", "span_id": "span-2127", "message": "heartbeat ok", "metric": 26.49}
{"timestamp": "2025-12-04T02:48:10.992546+00:00", "level": "INFO", "service": "ledger", "thread_id": "t-ledger-028", "correlation_id": "live-0212", "trace_id": "trace-live-0212", "span_id": "span-2128", "message": "heartbeat ok", "metric": 98.46}
{"timestamp": "2025-12-04T02:48:11.142855+00:00", "level": "WARN", "service": "search", "thread_id": "t-search-029", "correlation_id": "live-0212", "trace_id": "trace-live-0212", "span_id": "span-2129", "message": "cache miss spike", "metric": 21.68}
{"timestamp": "2025-12-04T02:48:11.293076+00:00", "level": "INFO", "service": "ledger", "thread_id": "t-ledger-030", "correlation_id": "live-0213", "trace_id": "trace-live-0213", "span_id": "span-2130", "message": "heartbeat ok", "metric": 11.99}
{"timestamp": "2025-12-04T02:48:11.443284+00:00", "level": "WARN", "service": "payments", "thread_id": "t-payments-031", "correlation_id": "live-0213", "trace_id": "trace-live-0213", "span_id": "span-2131", "message": "cache miss spike", "metric": 91.57}
{"timestamp": "2025-12-04T02:48:11.593489+00:00", "level": "ERROR", "service": "auth", "thread_id": "t-auth-032", "correlation_id": "live-0213", "trace_id": "trace-live-0213", "span_id": "span-2132", "message": "Database timeout", "metric": 71.17}
{"timestamp": "2025-12-04T02:48:11.743650+00:00", "level": "INFO", "service": "api", "thread_id": "t-api-033", "correlation_id": "live-0213", "trace_id": "trace-live-0213", "span_id": "span-2133", "message": "heartbeat ok", "metric": 82.11}
{"timestamp": "2025-12-04T02:48:11.893874+00:00", "level": "INFO", "service": "search", "thread_id": "t-search-034", "correlation_id": "live-0213", "trace_id": "trace-live-0213", "span_id": "span-2134", "message": "heartbeat ok", "metric": 70.73}
{"timestamp": "2025-12-04T02:48:12.044148+00:00", "level": "INFO", "service": "ledger", "thread_id": "t-ledger-035", "correlation_id": "live-0213", "trace_id": "trace-live-0213", "span_id": "span-2135", "message": "heartbeat ok", "metric": 74.15}
{"timestamp": "2025-12-04T02:48:12.194374+00:00", "level": "INFO", "service": "api", "thread_id": "t-api-036", "correlation_id": "live-0213", "trace_id": "trace-live-0213", "span_id": "span-2136", "message": "heartbeat ok", "metric": 1.66}
{"timestamp": "2025-12-04T02:48:12.344572+00:00", "level": "INFO", "service": "ledger", "thread_id": "t-ledger-037", "correlation_id": "live-0213", "trace_id": "trace-live-0213", "span_id": "span-2137", "message": "heartbeat ok", "metric": 95.27}
{"timestamp": "2025-12-04T02:48:12.494807+00:00", "level": "INFO", "service": "api", "thread_id": "t-api-038", "correlation_id": "live-0213", "trace_id": "trace-live-0213", "span_id": "span-2138", "message": "heartbeat ok", "metric": 44.48}
{"timestamp": "2025-12-04T02:48:12.645081+00:00", "level": "WARN", "service": "auth", "thread_id": "t-auth-039", "correlation_id": "live-0213", "trace_id": "trace-live-0213", "span_id": "span-2139", "message": "cache miss spike", "metric": 98.5}
{"timestamp": "2025-12-04T02:48:12.795340+00:00", "level": "ERROR", "service": "search", "thread_id": "t-search-040", "correlation_id": "live-0214", "trace_id": "trace-live-0214", "span_id": "span-2140", "message": "Database timeout", "metric": 69.92}
{"timestamp": "2025-12-04T02:48:12.945607+00:00", "level": "WARN", "service": "auth", "thread_id": "t-auth-041", "correlation_id": "live-0214", "trace_id": "trace-live-0214", "span_id": "span-2141", "message": "cache miss spike", "metric": 74.53}
{"timestamp": "2025-12-04T02:48:13.095837+00:00", "level": "INFO", "service": "search", "thread_id": "t-search-042", "correlation_id": "live-0214", "trace_id": "trace-live-0214", "span_id": "span-2142", "message": "heartbeat ok", "metric": 83.03}
{"timestamp": "2025-12-04T02:48:13.246042+00:00", "level": "INFO", "service": "ledger", "thread_id": "t-ledger-043", "correlation_id": "live-0214", "trace_id": "trace-live-0214", "span_id": "span-2143", "message": "heartbeat ok", "metric": 62.89}
{"timestamp": "2025-12-04T02:48:13.396209+00:00", "level": "INFO", "service": "payments", "thread_id": "t-payments-044", "correlation_id": "live-0214", "trace_id": "trace-live-0214", "span_id": "span-2144", "message": "heartbeat ok", "metric": 59.64}
{"timestamp": "2025-12-04T02:48:13.546361+00:00", "level": "WARN", "service": "ledger", "thread_id": "t-ledger-045", "correlation_id": "live-0214", "trace_id": "trace-live-0214", "span_id": "span-2145", "message": "cache miss spike", "metric": 82.69}
{"timestamp": "2025-12-04T02:48:13.696624+00:00", "level": "WARN", "service": "auth", "thread_id": "t-auth-046", "correlation_id": "live-0214", "trace_id": "trace-live-0214", "span_id": "span-2146", "message": "cache miss spike", "metric": 18.58}
{"timestamp": "2025-12-04T02:48:13.846880+00:00", "level": "INFO", "service": "auth", "thread_id": "t-auth-047", "correlation_id": "live-0214", "trace_id": "trace-live-0214", "span_id": "span-2147", "message": "heartbeat ok", "metric": 99.35}
{"timestamp": "2025-12-04T02:48:13.997181+00:00", "level": "WARN", "service": "payments", "thread_id": "t-payments-048", "correlation_id": "live-0214", "trace_id": "trace-live-0214", "span_id": "span-2148", "message": "cache miss spike", "metric": 63.73}
{"timestamp": "2025-12-04T02:48:14.147441+00:00", "level": "INFO", "service": "payments", "thread_id": "t-payments-049", "correlation_id": "live-0214", "trace_id": "trace-live-0214", "span_id": "span-2149", "message": "heartbeat ok", "metric": 8.82}
{"timestamp": "2025-12-04T02:48:14.297718+00:00", "level": "WARN", "service": "payments", "thread_id": "t-payments-000", "correlation_id": "live-0215", "trace_id": "trace-live-0215", "span_id": "span-2150", "message": "cache miss spike", "metric": 17.47}
{"timestamp": "2025-12-04T02:48:14.447983+00:00", "level": "INFO", "service": "ledger", "thread_id": "t-ledger-001", "correlation_id": "live-0215", "trace_id": "trace-live-0215", "span_id": "span-2151", "message": "heartbeat ok", "metric": 40.33}
{"timestamp": "2025-12-04T02:48:14.598253+00:00", "level": "ERROR", "service": "ledger", "thread_id": "t-ledger-002", "correlation_id": "live-0215", "trace_id": "trace-live-0215", "span_id": "span-2152", "message": "Database timeout", "metric": 46.47}
{"timestamp": "2025-12-04T02:48:14.748477+00:00", "level": "INFO", "service": "api", "thread_id": "t-api-003", "correlation_id": "live-0215", "trace_id": "trace-live-0215", "span_id": "span-2153", "message": "heartbeat ok", "metric": 23.52}
{"timestamp": "2025-12-04T02:48:14.898685+00:00", "level": "INFO", "service": "auth", "thread_id": "t-auth-004", "correlation_id": "live-0215", "trace_id": "trace-live-0215", "span_id": "span-2154", "message": "heartbeat ok", "metric": 98.68}
{"timestamp": "2025-12-04T02:48:15.048857+00:00", "level": "WARN", "service": "auth", "thread_id": "t-auth-005", "correlation_id": "live-0215", "trace_id": "trace-live-0215", "span_id": "span-2155", "message": "cache miss spike", "metric": 4.86}
{"timestamp": "2025-12-04T02:48:15.199055+00:00", "level": "INFO", "service": "api", "thread_id": "t-api-006", "correlation_id": "live-0215", "trace_id": "trace-live-0215", "span_id": "span-2156", "message": "heartbeat ok", "metric": 84.03}
{"timestamp": "2025-12-04T02:48:15.349298+00:00", "level": "INFO", "service": "payments", "thread_id": "t-payments-007", "correlation_id": "live-0215", "trace_id": "trace-live-0215", "span_id": "span-2157", "message": "heartbeat ok", "metric": 84.27}
{"timestamp": "2025-12-04T02:48:15.499601+00:00", "level": "INFO", "service": "payments", "thread_id": "t-payments-008", "correlation_id": "live-0215", "trace_id": "trace-live-0215", "span_id": "span-2158", "message": "heartbeat ok", "metric": 15.96}
{"timestamp": "2025-12-04T02:48:15.649869+00:00", "level": "WARN", "service": "payments", "thread_id": "t-payments-009", "correlation_id": "live-0215", "trace_id": "trace-live-0215", "span_id": "span-2159", "message": "cache miss spike", "metric": 71.76}
{"timestamp": "2025-12-04T02:48:15.800060+00:00", "level": "WARN", "service": "ledger", "thread_id": "t-ledger-010", "correlation_id": "live-0216", "trace_id": "trace-live-0216", "span_id": "span-2160", "message": "cache miss spike", "metric": 94.1}
{"timestamp": "2025-12-04T02:48:15.950226+00:00", "level": "INFO", "service": "api", "thread_id": "t-api-011", "correlation_id": "live-0216", "trace_id": "trace-live-0216", "span_id": "span-2161", "message": "heartbeat ok", "metric": 78.26}
{"timestamp": "2025-12-04T02:48:16.100463+00:00", "level": "WARN", "service": "search", "thread_id": "t-search-012", "correlation_id": "live-0216", "trace_id": "trace-live-0216", "span_id": "span-2162", "message": "cache miss spike", "metric": 12.11}
{"timestamp": "2025-12-04T02:48:16.250653+00:00", "level": "INFO", "service": "search", "thread_id": "t-search-013", "correlation_id": "live-0216", "trace_id": "trace-live-0216", "span_id": "span-2163", "message": "heartbeat ok", "metric": 11.29}
{"timestamp": "2025-12-04T02:48:16.400990+00:00", "level": "INFO", "service": "auth", "thread_id": "t-auth-014", "correlation_id": "live-0216", "trace_id": "trace-live-0216", "span_id": "span-2164", "message": "heartbeat ok", "metric": 43.72}
{"timestamp": "2025-12-04T02:48:16.551301+00:00", "level": "INFO", "service": "search", "thread_id": "t-search-015", "correlation_id": "live-0216", "trace_id": "trace-live-0216", "span_id": "span-2165", "message": "heartbeat ok", "metric": 76.15}
{"timestamp": "2025-12-04T02:48:16.701587+00:00", "level": "INFO", "service": "ledger", "thread_id": "t-ledger-016", "correlation_id": "live-0216", "trace_id": "trace-live-0216", "span_id": "span-2166", "message": "heartbeat ok", "metric": 53.46}
{"timestamp": "2025-12-04T02:48:16.851890+00:00", "level": "INFO", "service": "ledger", "thread_id": "t-ledger-017", "correlation_id": "live-0216", "trace_id": "trace-live-0216", "span_id": "span-2167", "message": "heartbeat ok", "metric": 31.47}
{"timestamp": "2025-12-04T02:48:17.002196+00:00", "level": "INFO", "service": "payments", "thread_id": "t-payments-018", "correlation_id": "live-0216", "trace_id": "trace-live-0216", "span_id": "span-2168", "message": "heartbeat ok", "metric": 49.42}
{"timestamp": "2025-12-04T02:48:17.152440+00:00", "level": "WARN", "service": "auth", "thread_id": "t-auth-019", "correlation_id": "live-0216", "trace_id": "trace-live-0216", "span_id": "span-2169", "message": "cache miss spike", "metric": 62.36}
{"timestamp": "2025-12-04T02:48:17.302670+00:00", "level": "INFO", "service": "auth", "thread_id": "t-auth-020", "correlation_id": "live-0217", "trace_id": "trace-live-0217", "span_id": "span-2170", "message": "heartbeat ok", "metric": 50.72}
{"timestamp": "2025-12-04T02:48:17.452912+00:00", "level": "INFO", "service": "ledger", "thread_id": "t-ledger-021", "correlation_id": "live-0217", "trace_id": "trace-live-0217", "span_id": "span-2171", "message": "heartbeat ok", "metric": 15.18}
{"timestamp": "2025-12-04T02:48:17.603165+00:00", "level": "WARN", "service": "search", "thread_id": "t-search-022", "correlation_id": "live-0217", "trace_id": "trace-live-0217", "span_id": "span-2172", "message": "cache miss spike", "metric": 23.45}
{"timestamp": "2025-12-04T02:48:17.753422+00:00", "level": "INFO", "service": "ledger", "thread_id": "t-ledger-023", "correlation_id": "live-0217", "trace_id": "trace-live-0217", "span_id": "span-2173", "message": "heartbeat ok", "metric": 64.42}
{"timestamp": "2025-12-04T02:48:17.903681+00:00", "level": "INFO", "service": "ledger", "thread_id": "t-ledger-024", "correlation_id": "live-0217", "trace_id": "trace-live-0217", "span_id": "span-2174", "message": "heartbeat ok", "metric": 83.69}
{"timestamp": "2025-12-04T02:48:18.053929+00:00", "level": "INFO", "service": "api", "thread_id": "t-api-025", "correlation_id": "live-0217", "trace_id": "trace-live-0217", "span_id": "span-2175", "message": "heartbeat ok", "metric": 73.18}
{"timestamp": "2025-12-04T02:48:18.204091+00:00", "level": "INFO", "service": "ledger", "thread_id": "t-ledger-026", "correlation_id": "live-0217", "trace_id": "trace-live-0217", "span_id": "span-2176", "message": "heartbeat ok", "metric": 48.58}
{"timestamp": "2025-12-04T02:48:18.354333+00:00", "level": "INFO", "service": "payments", "thread_id": "t-payments-027", "correlation_id": "live-0217", "trace_id": "trace-live-0217", "span_id": "span-2177", "message": "heartbeat ok", "metric": 91.51}
{"timestamp": "2025-12-04T02:48:18.504622+00:00", "level": "INFO", "service": "payments", "thread_id": "t-payments-028", "correlation_id": "live-0217", "trace_id": "trace-live-0217", "span_id": "span-2178", "message": "heartbeat ok", "metric": 91.95}
{"timestamp": "2025-12-04T02:48:18.654888+00:00", "level": "INFO", "service": "search", "thread_id": "t-search-029", "correlation_id": "live-0217", "trace_id": "trace-live-0217", "span_id": "span-2179", "message": "heartbeat ok", "metric": 46.73}
{"timestamp": "2025-12-04T02:48:18.805233+00:00", "level": "WARN", "service": "auth", "thread_id": "t-auth-030", "correlation_id": "live-0218", "trace_id": "trace-live-0218", "span_id": "span-2180", "message": "cache miss spike", "metric": 41.08}
{"timestamp": "2025-12-04T02:48:18.955487+00:00", "level": "INFO", "service": "api", "thread_id": "t-api-031", "correlation_id": "live-0218", "trace_id": "trace-live-0218", "span_id": "span-2181", "message": "heartbeat ok", "metric": 74.94}
{"timestamp": "2025-12-04T02:48:19.105723+00:00", "level": "INFO", "service": "search", "thread_id": "t-search-032", "correlation_id": "live-0218", "trace_id": "trace-live-0218", "span_id": "span-2182", "message": "heartbeat ok", "metric": 90.98}
{"timestamp": "2025-12-04T02:48:19.255987+00:00", "level": "INFO", "service": "auth", "thread_id": "t-auth-033", "correlation_id": "live-0218", "trace_id": "trace-live-0218", "span_id": "span-2183", "message": "heartbeat ok", "metric": 40.55}
{"timestamp": "2025-12-04T02:48:19.406190+00:00", "level": "INFO", "service": "ledger", "thread_id": "t-ledger-034", "correlation_id": "live-0218", "trace_id": "trace-live-0218", "span_id": "span-2184", "message": "heartbeat ok", "metric": 86.76}
{"timestamp": "2025-12-04T02:48:19.556436+00:00", "level": "WARN", "service": "auth", "thread_id": "t-auth-035", "correlation_id": "live-0218", "trace_id": "trace-live-0218", "span_id": "span-2185", "message": "cache miss spike", "metric": 42.54}
{"timestamp": "2025-12-04T02:48:19.706700+00:00", "level": "INFO", "service": "api", "thread_id": "t-api-036", "correlation_id": "live-0218", "trace_id": "trace-live-0218", "span_id": "span-2186", "message": "heartbeat ok", "metric": 97.83}
{"timestamp": "2025-12-04T02:48:19.856872+00:00", "level": "INFO", "service": "search", "thread_id": "t-search-037", "correlation_id": "live-0218", "trace_id": "trace-live-0218", "span_id": "span-2187", "message": "heartbeat ok", "metric": 5.65}
{"timestamp": "2025-12-04T02:48:20.007131+00:00", "level": "INFO", "service": "ledger", "thread_id": "t-ledger-038", "correlation_id": "live-0218", "trace_id": "trace-live-0218", "span_id": "span-2188", "message": "heartbeat ok", "metric": 86.06}
{"timestamp": "2025-12-04T02:48:20.157371+00:00", "level": "INFO", "service": "auth", "thread_id": "t-auth-039", "correlation_id": "live-0218", "trace_id": "trace-live-0218", "span_id": "span-2189", "message": "heartbeat ok", "metric": 6.62}
{"timestamp": "2025-12-04T02:48:20.307651+00:00", "level": "INFO", "service": "api", "thread_id": "t-api-040", "correlation_id": "live-0219", "trace_id": "trace-live-0219", "span_id": "span-2190", "message": "heartbeat ok", "metric": 61.49}
{"timestamp": "2025-12-04T02:48:20.457953+00:00", "level": "INFO", "service": "auth", "thread_id": "t-auth-041", "correlation_id": "live-0219", "trace_id": "trace-live-0219", "span_id": "span-2191", "message": "heartbeat ok", "metric": 62.8}
{"timestamp": "2025-12-04T02:48:20.608167+00:00", "level": "WARN", "service": "payments", "thread_id": "t-payments-042", "correlation_id": "live-0219", "trace_id": "trace-live-0219", "span_id": "span-2192", "message": "cache miss spike", "metric": 75.82}
{"timestamp": "2025-12-04T02:48:20.758329+00:00", "level": "INFO", "service": "ledger", "thread_id": "t-ledger-043", "correlation_id": "live-0219", "trace_id": "trace-live-0219", "span_id": "span-2193", "message": "heartbeat ok", "metric": 16.99}
{"timestamp": "2025-12-04T02:48:20.908571+00:00", "level": "INFO", "service": "ledger", "thread_id": "t-ledger-044", "correlation_id": "live-0219", "trace_id": "trace-live-0219", "span_id": "span-2194", "message": "heartbeat ok", "metric": 39.89}
{"timestamp": "2025-12-04T02:48:21.058806+00:00", "level": "INFO", "service": "auth", "thread_id": "t-auth-045", "correlation_id": "live-0219", "trace_id": "trace-live-0219", "span_id": "span-2195", "message": "heartbeat ok", "metric": 82.75}
{"timestamp": "2025-12-04T02:48:21.209064+00:00", "level": "INFO", "service": "api", "thread_id": "t-api-046", "correlation_id": "live-0219", "trace_id": "trace-live-0219", "span_id": "span-2196", "message": "heartbeat ok", "metric": 39.06}
{"timestamp": "2025-12-04T02:48:21.359267+00:00", "level": "WARN", "service": "ledger", "thread_id": "t-ledger-047", "correlation_id": "live-0219", "trace_id": "trace-live-0219", "span_id": "span-2197", "message": "cache miss spike", "metric": 76.6}
{"timestamp": "2025-12-04T02:48:21.509453+00:00", "level": "INFO", "service": "auth", "thread_id": "t-auth-048", "correlation_id": "live-0219", "trace_id": "trace-live-0219", "span_id": "span-2198", "message": "heartbeat ok", "metric": 36.1}
{"timestamp": "2025-12-04T02:48:21.659680+00:00", "level": "INFO", "service": "auth", "thread_id": "t-auth-049", "correlation_id": "live-0219", "trace_id": "trace-live-0219", "span_id": "span-2199", "message": "heartbeat ok", "metric": 53.3}
{"timestamp": "2025-12-04T02:48:21.809951+00:00", "level": "INFO", "service": "auth", "thread_id": "t-auth-000", "correlation_id": "live-0220", "trace_id": "trace-live-0220", "span_id": "span-2200", "message": "heartbeat ok", "metric": 93.68}
{"timestamp": "2025-12-04T02:48:21.960199+00:00", "level": "INFO", "service": "search", "thread_id": "t-search-001", "correlation_id": "live-0220", "trace_id": "trace-live-0220", "span_id": "span-2201", "message": "heartbeat ok", "metric": 31.09}
{"timestamp": "2025-12-04T02:48:22.110428+00:00", "level": "INFO", "service": "api", "thread_id": "t-api-002", "correlation_id": "live-0220", "trace_id": "trace-live-0220", "span_id": "span-2202", "message": "heartbeat ok", "metric": 41.36}
{"timestamp": "2025-12-04T02:48:22.260644+00:00", "level": "INFO", "service": "api", "thread_id": "t-api-003", "correlation_id": "live-0220", "trace_id": "trace-live-0220", "span_id": "span-2203", "message": "heartbeat ok", "metric": 88.77}
{"timestamp": "2025-12-04T02:48:22.410859+00:00", "level": "ERROR", "service": "api", "thread_id": "t-api-004", "correlation_id": "live-0220", "trace_id": "trace-live-0220", "span_id": "span-2204", "message": "Database timeout", "metric": 13.78}
{"timestamp": "2025-12-04T02:48:22.561082+00:00", "level": "INFO", "service": "api", "thread_id": "t-api-005", "correlation_id": "live-0220", "trace_id": "trace-live-0220", "span_id": "span-2205", "message": "heartbeat ok", "metric": 67.49}
{"timestamp": "2025-12-04T02:48:22.711287+00:00", "level": "INFO", "service": "payments", "thread_id": "t-payments-006", "correlation_id": "live-0220", "trace_id": "trace-live-0220", "span_id": "span-2206", "message": "heartbeat ok", "metric": 39.71}
{"timestamp": "2025-12-04T02:48:22.861495+00:00", "level": "INFO", "service": "auth", "thread_id": "t-auth-007", "correlation_id": "live-0220", "trace_id": "trace-live-0220", "span_id": "span-2207", "message": "heartbeat ok", "metric": 38.36}
{"timestamp": "2025-12-04T02:48:23.011692+00:00", "level": "INFO", "service": "search", "thread_id": "t-search-008", "correlation_id": "live-0220", "trace_id": "trace-live-0220", "span_id": "span-2208", "message": "heartbeat ok", "metric": 81.85}
{"timestamp": "2025-12-04T02:48:23.162000+00:00", "level": "INFO", "service": "auth", "thread_id": "t-auth-009", "correlation_id": "live-0220", "trace_id": "trace-live-0220", "span_id": "span-2209", "message": "heartbeat ok", "metric": 70.46}
{"timestamp": "2025-12-04T02:48:23.312263+00:00", "level": "INFO", "service": "payments", "thread_id": "t-payments-010", "correlation_id": "live-0221", "trace_id": "trace-live-0221", "span_id": "span-2210", "message": "heartbeat ok", "metric": 68.8}
{"timestamp": "2025-12-04T02:48:23.462427+00:00", "level": "WARN", "service": "search", "thread_id": "t-search-011", "correlation_id": "live-0221", "trace_id": "trace-live-0221", "span_id": "span-2211", "message": "cache miss spike", "metric": 19.21}
{"timestamp": "2025-12-04T02:48:23.612694+00:00", "level": "INFO", "service": "api", "thread_id": "t-api-012", "correlation_id": "live-0221", "trace_id": "trace-live-0221", "span_id": "span-2212", "message": "heartbeat ok", "metric": 79.12}
{"timestamp": "2025-12-04T02:48:23.762962+00:00", "level": "WARN", "service": "api", "thread_id": "t-api-013", "correlation_id": "live-0221", "trace_id": "trace-live-0221", "span_id": "span-2213", "message": "cache miss spike", "metric": 15.63}
{"timestamp": "2025-12-04T02:48:23.913192+00:00", "level": "INFO", "service": "search", "thread_id": "t-search-014", "correlation_id": "live-0221", "trace_id": "trace-live-0221", "span_id": "span-2214", "message": "heartbeat ok", "metric": 72.09}
{"timestamp": "2025-12-04T02:48:24.063389+00:00", "level": "INFO", "service": "payments", "thread_id": "t-payments-015", "correlation_id": "live-0221", "trace_id": "trace-live-0221", "span_id": "span-2215", "message": "heartbeat ok", "metric": 56.19}
{"timestamp": "2025-12-04T02:48:24.213608+00:00", "level": "INFO", "service": "search", "thread_id": "t-search-016", "correlation_id": "live-0221", "trace_id": "trace-live-0221", "span_id": "span-2216", "message": "heartbeat ok", "metric": 49.58}
{"timestamp": "2025-12-04T02:48:24.363847+00:00", "level": "INFO", "service": "search", "thread_id": "t-search-017", "correlation_id": "live-0221", "trace_id": "trace-live-0221", "span_id": "span-2217", "message": "heartbeat ok", "metric": 11.24}
{"timestamp": "2025-12-04T02:48:24.514128+00:00", "level": "INFO", "service": "search", "thread_id": "t-search-018", "correlation_id": "live-0221", "trace_id": "trace-live-0221", "span_id": "span-2218", "message": "heartbeat ok", "metric": 30.64}
{"timestamp": "2025-12-04T02:48:24.664440+00:00", "level": "WARN", "service": "auth", "thread_id": "t-auth-019", "correlation_id": "live-0221", "trace_id": "trace-live-0221", "span_id": "span-2219", "message": "cache miss spike", "metric": 68.89}
{"timestamp": "2025-12-04T02:48:24.814668+00:00", "level": "INFO", "service": "auth", "thread_id": "t-auth-020", "correlation_id": "live-0222", "trace_id": "trace-live-0222", "span_id": "span-2220", "message": "heartbeat ok", "metric": 33.55}
{"timestamp": "2025-12-04T02:48:24.964837+00:00", "level": "INFO", "service": "search", "thread_id": "t-search-021", "correlation_id": "live-0222", "trace_id": "trace-live-0222", "span_id": "span-2221", "message": "heartbeat ok", "metric": 44.56}
{"timestamp": "2025-12-04T02:48:25.115112+00:00", "level": "WARN", "service": "ledger", "thread_id": "t-ledger-022", "correlation_id": "live-0222", "trace_id": "trace-live-0222", "span_id": "span-2222", "message": "cache miss spike", "metric": 51.74}
{"timestamp": "2025-12-04T02:48:25.265330+00:00", "level": "INFO", "service": "search", "thread_id": "t-search-023", "correlation_id": "live-0222", "trace_id": "trace-live-0222", "span_id": "span-2223", "message": "heartbeat ok", "metric": 1.01}
{"timestamp": "2025-12-04T02:48:25.415545+00:00", "level": "INFO", "service": "api", "thread_id": "t-api-024", "correlation_id": "live-0222", "trace_id": "trace-live-0222", "span_id": "span-2224", "message": "heartbeat ok", "metric": 81.34}
{"timestamp": "2025-12-04T02:48:25.565731+00:00", "level": "INFO", "service": "auth", "thread_id": "t-auth-025", "correlation_id": "live-0222", "trace_id": "trace-live-0222", "span_id": "span-2225", "message": "heartbeat ok", "metric": 99.71}
{"timestamp": "2025-12-04T02:48:25.715962+00:00", "level": "INFO", "service": "auth", "thread_id": "t-auth-026", "correlation_id": "live-0222", "trace_id": "trace-live-0222", "span_id": "span-2226", "message": "heartbeat ok", "metric": 69.02}
{"timestamp": "2025-12-04T02:48:25.866191+00:00", "level": "INFO", "service": "search", "thread_id": "t-search-027", "correlation_id": "live-0222", "trace_id": "trace-live-0222", "span_id": "span-2227", "message": "heartbeat ok", "metric": 51.6}
{"timestamp": "2025-12-04T02:48:26.016375+00:00", "level": "ERROR", "service": "auth", "thread_id": "t-auth-028", "correlation_id": "live-0222", "trace_id": "trace-live-0222", "span_id": "span-2228", "message": "Database timeout", "metric": 39.41}
{"timestamp": "2025-12-04T02:48:26.166658+00:00", "level": "ERROR", "service": "auth", "thread_id": "t-auth-029", "correlation_id": "live-0222", "trace_id": "trace-live-0222", "span_id": "span-2229", "message": "Database timeout", "metric": 62.88}
{"timestamp": "2025-12-04T02:48:26.316969+00:00", "level": "INFO", "service": "auth", "thread_id": "t-auth-030", "correlation_id": "live-0223", "trace_id": "trace-live-0223", "span_id": "span-2230", "message": "heartbeat ok", "metric": 71.16}
{"timestamp": "2025-12-04T02:48:26.467203+00:00", "level": "INFO", "service": "search", "thread_id": "t-search-031", "correlation_id": "live-0223", "trace_id": "trace-live-0223", "span_id": "span-2231", "message": "heartbeat ok", "metric": 68.12}
{"timestamp": "2025-12-04T02:48:26.617410+00:00", "level": "ERROR", "service": "search", "thread_id": "t-search-032", "correlation_id": "live-0223", "trace_id": "trace-live-0223", "span_id": "span-2232", "message": "Database timeout", "metric": 74.07}
{"timestamp": "2025-12-04T02:48:26.767707+00:00", "level": "INFO", "service": "auth", "thread_id": "t-auth-033", "correlation_id": "live-0223", "trace_id": "trace-live-0223", "span_id": "span-2233", "message": "heartbeat ok", "metric": 51.8}
{"timestamp": "2025-12-04T02:48:26.918032+00:00", "level": "WARN", "service": "search", "thread_id": "t-search-034", "correlation_id": "live-0223", "trace_id": "trace-live-0223", "span_id": "span-2234", "message": "cache miss spike", "metric": 85.58}
{"timestamp": "2025-12-04T02:48:27.068327+00:00", "level": "INFO", "service": "api", "thread_id": "t-api-035", "correlation_id": "live-0223", "trace_id": "trace-live-0223", "span_id": "span-2235", "message": "heartbeat ok", "metric": 32.66}
{"timestamp": "2025-12-04T02:48:27.218564+00:00", "level": "INFO", "service": "payments", "thread_id": "t-payments-036", "correlation_id": "live-0223", "trace_id": "trace-live-0223", "span_id": "span-2236", "message": "heartbeat ok", "metric": 89.95}
{"timestamp": "2025-12-04T02:48:27.368814+00:00", "level": "INFO", "service": "payments", "thread_id": "t-payments-037", "correlation_id": "live-0223", "trace_id": "trace-live-0223", "span_id": "span-2237", "message": "heartbeat ok", "metric": 38.53}
{"timestamp": "2025-12-04T02:48:27.519031+00:00", "level": "INFO", "service": "auth", "thread_id": "t-auth-038", "correlation_id": "live-0223", "trace_id": "trace-live-0223", "span_id": "span-2238", "message": "heartbeat ok", "metric": 17.74}
{"timestamp": "2025-12-04T02:48:27.669281+00:00", "level": "INFO", "service": "payments", "thread_id": "t-payments-039", "correlation_id": "live-0223", "trace_id": "trace-live-0223", "span_id": "span-2239", "message": "heartbeat ok", "metric": 99.53}
{"timestamp": "2025-12-04T02:48:27.819459+00:00", "level": "INFO", "service": "payments", "thread_id": "t-payments-040", "correlation_id": "live-0224", "trace_id": "trace-live-0224", "span_id": "span-2240", "message": "heartbeat ok", "metric": 26.32}
{"timestamp": "2025-12-04T02:48:27.969726+00:00", "level": "INFO", "service": "payments", "thread_id": "t-payments-041", "correlation_id": "live-0224", "trace_id": "trace-live-0224", "span_id": "span-2241", "message": "heartbeat ok", "metric": 48.2}
{"timestamp": "2025-12-04T02:48:28.119958+00:00", "level": "ERROR", "service": "auth", "thread_id": "t-auth-042", "correlation_id": "live-0224", "trace_id": "trace-live-0224", "span_id": "span-2242", "message": "Database timeout", "metric": 45.27}
{"timestamp": "2025-12-04T02:48:28.270157+00:00", "level": "INFO", "service": "search", "thread_id": "t-search-043", "correlation_id": "live-0224", "trace_id": "trace-live-0224", "span_id": "span-2243", "message": "heartbeat ok", "metric": 61.55}
{"timestamp": "2025-12-04T02:48:28.420401+00:00", "level": "ERROR", "service": "search", "thread_id": "t-search-044", "correlation_id": "live-0224", "trace_id": "trace-live-0224", "span_id": "span-2244", "message": "Database timeout", "metric": 73.33}
{"timestamp": "2025-12-04T02:48:28.570660+00:00", "level": "INFO", "service": "payments", "thread_id": "t-payments-045", "correlation_id": "live-0224", "trace_id": "trace-live-0224", "span_id": "span-2245", "message": "heartbeat ok", "metric": 51.12}
{"timestamp": "2025-12-04T02:48:28.720955+00:00", "level": "INFO", "service": "api", "thread_id": "t-api-046", "correlation_id": "live-0224", "trace_id": "trace-live-0224", "span_id": "span-2246", "message": "heartbeat ok", "metric": 18.38}
{"timestamp": "2025-12-04T02:48:28.871255+00:00", "level": "INFO", "service": "search", "thread_id": "t-search-047", "correlation_id": "live-0224", "trace_id": "trace-live-0224", "span_id": "span-2247", "message": "heartbeat ok", "metric": 70.83}
{"timestamp": "2025-12-04T02:48:29.021490+00:00", "level": "WARN", "service": "ledger", "thread_id": "t-ledger-048", "correlation_id": "live-0224", "trace_id": "trace-live-0224", "span_id": "span-2248", "message": "cache miss spike", "metric": 13.83}
{"timestamp": "2025-12-04T02:48:29.171723+00:00", "level": "WARN", "service": "auth", "thread_id": "t-auth-049", "correlation_id": "live-0224", "trace_id": "trace-live-0224", "span_id": "span-2249", "message": "cache miss spike", "metric": 42.73}
{"timestamp": "2025-12-04T02:48:29.322028+00:00", "level": "WARN", "service": "search", "thread_id": "t-search-000", "correlation_id": "live-0225", "trace_id": "trace-live-0225", "span_id": "span-2250", "message": "cache miss spike", "metric": 36.94}
{"timestamp": "2025-12-04T02:48:29.472332+00:00", "level": "INFO", "service": "search", "thread_id": "t-search-001", "correlation_id": "live-0225", "trace_id": "trace-live-0225", "span_id": "span-2251", "message": "heartbeat ok", "metric": 1.1}
{"timestamp": "2025-12-04T02:48:29.622573+00:00", "level": "INFO", "service": "search", "thread_id": "t-search-002", "correlation_id": "live-0225", "trace_id": "trace-live-0225", "span_id": "span-2252", "message": "heartbeat ok", "metric": 14.47}
{"timestamp": "2025-12-04T02:48:29.772774+00:00", "level": "WARN", "service": "ledger", "thread_id": "t-ledger-003", "correlation_id": "live-0225", "trace_id": "trace-live-0225", "span_id": "span-2253", "message": "cache miss spike", "metric": 38.66}
{"timestamp": "2025-12-04T02:48:29.922999+00:00", "level": "WARN", "service": "api", "thread_id": "t-api-004", "correlation_id": "live-0225", "trace_id": "trace-live-0225", "span_id": "span-2254", "message": "cache miss spike", "metric": 46.86}
{"timestamp": "2025-12-04T02:48:30.073292+00:00", "level": "INFO", "service": "api", "thread_id": "t-api-005", "correlation_id": "live-0225", "trace_id": "trace-live-0225", "span_id": "span-2255", "message": "heartbeat ok", "metric": 46.62}
{"timestamp": "2025-12-04T02:48:30.223605+00:00", "level": "INFO", "service": "api", "thread_id": "t-api-006", "correlation_id": "live-0225", "trace_id": "trace-live-0225", "span_id": "span-2256", "message": "heartbeat ok", "metric": 36.15}
{"timestamp": "2025-12-04T02:48:30.373942+00:00", "level": "INFO", "service": "auth", "thread_id": "t-auth-007", "correlation_id": "live-0225", "trace_id": "trace-live-0225", "span_id": "span-2257", "message": "heartbeat ok", "metric": 17.04}
{"timestamp": "2025-12-04T02:48:30.524214+00:00", "level": "WARN", "service": "api", "thread_id": "t-api-008", "correlation_id": "live-0225", "trace_id": "trace-live-0225", "span_id": "span-2258", "message": "cache miss spike", "metric": 95.3}
{"timestamp": "2025-12-04T02:48:30.674514+00:00", "level": "ERROR", "service": "auth", "thread_id": "t-auth-009", "correlation_id": "live-0225", "trace_id": "trace-live-0225", "span_id": "span-2259", "message": "Database timeout", "metric": 9.63}
{"timestamp": "2025-12-04T02:48:30.824786+00:00", "level": "WARN", "service": "ledger", "thread_id": "t-ledger-010", "correlation_id": "live-0226", "trace_id": "trace-live-0226", "span_id": "span-2260", "message": "cache miss spike", "metric": 36.0}
{"timestamp": "2025-12-04T02:48:30.975025+00:00", "level": "INFO", "service": "ledger", "thread_id": "t-ledger-011", "correlation_id": "live-0226", "trace_id": "trace-live-0226", "span_id": "span-2261", "message": "heartbeat ok", "metric": 40.14}
{"timestamp": "2025-12-04T02:48:31.125268+00:00", "level": "INFO", "service": "search", "thread_id": "t-search-012", "correlation_id": "live-0226", "trace_id": "trace-live-0226", "span_id": "span-2262", "message": "heartbeat ok", "metric": 25.79}
{"timestamp": "2025-12-04T02:48:31.275522+00:00", "level": "INFO", "service": "auth", "thread_id": "t-auth-013", "correlation_id": "live-0226", "trace_id": "trace-live-0226", "span_id": "span-2263", "message": "heartbeat ok", "metric": 58.79}
{"timestamp": "2025-12-04T02:48:31.425844+00:00", "level": "ERROR", "service": "ledger", "thread_id": "t-ledger-014", "correlation_id": "live-0226", "trace_id": "trace-live-0226", "span_id": "span-2264", "message": "Database timeout", "metric": 21.8}
{"timestamp": "2025-12-04T02:48:31.576175+00:00", "level": "WARN", "service": "search", "thread_id": "t-search-015", "correlation_id": "live-0226", "trace_id": "trace-live-0226", "span_id": "span-2265", "message": "cache miss spike", "metric": 76.53}
{"timestamp": "2025-12-04T02:48:31.726441+00:00", "level": "INFO", "service": "ledger", "thread_id": "t-ledger-016", "correlation_id": "live-0226", "trace_id": "trace-live-0226", "span_id": "span-2266", "message": "heartbeat ok", "metric": 55.25}
{"timestamp": "2025-12-04T02:48:31.876743+00:00", "level": "ERROR", "service": "ledger", "thread_id": "t-ledger-017", "correlation_id": "live-0226", "trace_id": "trace-live-0226", "span_id": "span-2267", "message": "Database timeout", "metric": 39.6}
{"timestamp": "2025-12-04T02:48:32.027089+00:00", "level": "INFO", "service": "api", "thread_id": "t-api-018", "correlation_id": "live-0226", "trace_id": "trace-live-0226", "span_id": "span-2268", "message": "heartbeat ok", "metric": 66.06}
{"timestamp": "2025-12-04T02:48:32.177365+00:00", "level": "INFO", "service": "api", "thread_id": "t-api-019", "correlation_id": "live-0226", "trace_id": "trace-live-0226", "span_id": "span-2269", "message": "heartbeat ok", "metric": 72.22}
{"timestamp": "2025-12-04T02:48:32.327555+00:00", "level": "INFO", "service": "payments", "thread_id": "t-payments-020", "correlation_id": "live-0227", "trace_id": "trace-live-0227", "span_id": "span-2270", "message": "heartbeat ok", "metric": 69.21}
{"timestamp": "2025-12-04T02:48:32.477712+00:00", "level": "WARN", "service": "api", "thread_id": "t-api-021", "correlation_id": "live-0227", "trace_id": "trace-live-0227", "span_id": "span-2271", "message": "cache miss spike", "metric": 96.09}
{"timestamp": "2025-12-04T02:48:32.627927+00:00", "level": "INFO", "service": "api", "thread_id": "t-api-022", "correlation_id": "live-0227", "trace_id": "trace-live-0227", "span_id": "span-2272", "message": "heartbeat ok", "metric": 59.92}
{"timestamp": "2025-12-04T02:48:32.778147+00:00", "level": "INFO", "service": "payments", "thread_id": "t-payments-023", "correlation_id": "live-0227", "trace_id": "trace-live-0227", "span_id": "span-2273", "message": "heartbeat ok", "metric": 30.73}
{"timestamp": "2025-12-04T02:48:32.928352+00:00", "level": "WARN", "service": "search", "thread_id": "t-search-024", "correlation_id": "live-0227", "trace_id": "trace-live-0227", "span_id": "span-2274", "message": "cache miss spike", "metric": 10.99}
{"timestamp": "2025-12-04T02:48:33.078665+00:00", "level": "INFO", "service": "ledger", "thread_id": "t-ledger-025", "correlation_id": "live-0227", "trace_id": "trace-live-0227", "span_id": "span-2275", "message": "heartbeat ok", "metric": 96.6}
{"timestamp": "2025-12-04T02:48:33.228965+00:00", "level": "INFO", "service": "payments", "thread_id": "t-payments-026", "correlation_id": "live-0227", "trace_id": "trace-live-0227", "span_id": "span-2276", "message": "heartbeat ok", "metric": 4.01}
{"timestamp": "2025-12-04T02:48:33.379215+00:00", "level": "ERROR", "service": "ledger", "thread_id": "t-ledger-027", "correlation_id": "live-0227", "trace_id": "trace-live-0227", "span_id": "span-2277", "message": "Database timeout", "metric": 96.67}
{"timestamp": "2025-12-04T02:48:33.529455+00:00", "level": "WARN", "service": "auth", "thread_id": "t-auth-028", "correlation_id": "live-0227", "trace_id": "trace-live-0227", "span_id": "span-2278", "message": "cache miss spike", "metric": 71.33}
{"timestamp": "2025-12-04T02:48:33.679640+00:00", "level": "INFO", "service": "auth", "thread_id": "t-auth-029", "correlation_id": "live-0227", "trace_id": "trace-live-0227", "span_id": "span-2279", "message": "heartbeat ok", "metric": 8.84}
{"timestamp": "2025-12-04T02:48:33.829887+00:00", "level": "INFO", "service": "auth", "thread_id": "t-auth-030", "correlation_id": "live-0228", "trace_id": "trace-live-0228", "span_id": "span-2280", "message": "heartbeat ok", "metric": 60.99}
{"timestamp": "2025-12-04T02:48:33.980174+00:00", "level": "INFO", "service": "api", "thread_id": "t-api-031", "correlation_id": "live-0228", "trace_id": "trace-live-0228", "span_id": "span-2281", "message": "heartbeat ok", "metric": 4.85}
{"timestamp": "2025-12-04T02:48:34.130428+00:00", "level": "WARN", "service": "payments", "thread_id": "t-payments-032", "correlation_id": "live-0228", "trace_id": "trace-live-0228", "span_id": "span-2282", "message": "cache miss spike", "metric": 37.52}
{"timestamp": "2025-12-04T02:48:34.280721+00:00", "level": "ERROR", "service": "payments", "thread_id": "t-payments-033", "correlation_id": "live-0228", "trace_id": "trace-live-0228", "span_id": "span-2283", "message": "Database timeout", "metric": 87.31}
{"timestamp": "2025-12-04T02:48:34.430996+00:00", "level": "INFO", "service": "api", "thread_id": "t-api-034", "correlation_id": "live-0228", "trace_id": "trace-live-0228", "span_id": "span-2284", "message": "heartbeat ok", "metric": 69.59}
{"timestamp": "2025-12-04T02:48:34.581239+00:00", "level": "INFO", "service": "payments", "thread_id": "t-payments-035", "correlation_id": "live-0228", "trace_id": "trace-live-0228", "span_id": "span-2285", "message": "heartbeat ok", "metric": 96.58}
{"timestamp": "2025-12-04T02:48:34.731517+00:00", "level": "INFO", "service": "api", "thread_id": "t-api-036", "correlation_id": "live-0228", "trace_id": "trace-live-0228", "span_id": "span-2286", "message": "heartbeat ok", "metric": 43.13}
{"timestamp": "2025-12-04T02:48:34.881835+00:00", "level": "INFO", "service": "payments", "thread_id": "t-payments-037", "correlation_id": "live-0228", "trace_id": "trace-live-0228", "span_id": "span-2287", "message": "heartbeat ok", "metric": 53.46}
{"timestamp": "2025-12-04T02:48:35.032104+00:00", "level": "INFO", "service": "api", "thread_id": "t-api-038", "correlation_id": "live-0228", "trace_id": "trace-live-0228", "span_id": "span-2288", "message": "heartbeat ok", "metric": 64.05}
{"timestamp": "2025-12-04T02:48:35.182277+00:00", "level": "INFO", "service": "auth", "thread_id": "t-auth-039", "correlation_id": "live-0228", "trace_id": "trace-live-0228", "span_id": "span-2289", "message": "heartbeat ok", "metric": 47.09}
{"timestamp": "2025-12-04T02:48:35.332476+00:00", "level": "INFO", "service": "ledger", "thread_id": "t-ledger-040", "correlation_id": "live-0229", "trace_id": "trace-live-0229", "span_id": "span-2290", "message": "heartbeat ok", "metric": 88.2}
{"timestamp": "2025-12-04T02:48:35.482728+00:00", "level": "INFO", "service": "auth", "thread_id": "t-auth-041", "correlation_id": "live-0229", "trace_id": "trace-live-0229", "span_id": "span-2291", "message": "heartbeat ok", "metric": 25.83}
{"timestamp": "2025-12-04T02:48:35.632999+00:00", "level": "INFO", "service": "api", "thread_id": "t-api-042", "correlation_id": "live-0229", "trace_id": "trace-live-0229", "span_id": "span-2292", "message": "heartbeat ok", "metric": 67.27}
{"timestamp": "2025-12-04T02:48:35.783261+00:00", "level": "INFO", "service": "payments", "thread_id": "t-payments-043", "correlation_id": "live-0229", "trace_id": "trace-live-0229", "span_id": "span-2293", "message": "heartbeat ok", "metric": 49.27}
{"timestamp": "2025-12-04T02:48:35.933529+00:00", "level": "WARN", "service": "search", "thread_id": "t-search-044", "correlation_id": "live-0229", "trace_id": "trace-live-0229", "span_id": "span-2294", "message": "cache miss spike", "metric": 19.81}
{"timestamp": "2025-12-04T02:48:36.083835+00:00", "level": "INFO", "service": "api", "thread_id": "t-api-045", "correlation_id": "live-0229", "trace_id": "trace-live-0229", "span_id": "span-2295", "message": "heartbeat ok", "metric": 90.69}
{"timestamp": "2025-12-04T02:48:36.234137+00:00", "level": "ERROR", "service": "payments", "thread_id": "t-payments-046", "correlation_id": "live-0229", "trace_id": "trace-live-0229", "span_id": "span-2296", "message": "Database timeout", "metric": 21.95}
{"timestamp": "2025-12-04T02:48:36.384333+00:00", "level": "INFO", "service": "ledger", "thread_id": "t-ledger-047", "correlation_id": "live-0229", "trace_id": "trace-live-0229", "span_id": "span-2297", "message": "heartbeat ok", "metric": 89.28}
{"timestamp": "2025-12-04T02:48:36.534495+00:00", "level": "INFO", "service": "ledger", "thread_id": "t-ledger-048", "correlation_id": "live-0229", "trace_id": "trace-live-0229", "span_id": "span-2298", "message": "heartbeat ok", "metric": 63.36}
{"timestamp": "2025-12-04T02:48:36.684691+00:00", "level": "WARN", "service": "search", "thread_id": "t-search-049", "correlation_id": "live-0229", "trace_id": "trace-live-0229", "span_id": "span-2299", "message": "cache miss spike", "metric": 72.39}
{"timestamp": "2025-12-04T02:48:36.834998+00:00", "level": "INFO", "service": "payments", "thread_id": "t-payments-000", "correlation_id": "live-0230", "trace_id": "trace-live-0230", "span_id": "span-2300", "message": "heartbeat ok", "metric": 78.8}
{"timestamp": "2025-12-04T02:48:36.985239+00:00", "level": "INFO", "service": "ledger", "thread_id": "t-ledger-001", "correlation_id": "live-0230", "trace_id": "trace-live-0230", "span_id": "span-2301", "message": "heartbeat ok", "metric": 55.75}
{"timestamp": "2025-12-04T02:48:37.135428+00:00", "level": "INFO", "service": "search", "thread_id": "t-search-002", "correlation_id": "live-0230", "trace_id": "trace-live-0230", "span_id": "span-2302", "message": "heartbeat ok", "metric": 22.7}
{"timestamp": "2025-12-04T02:48:37.285611+00:00", "level": "ERROR", "service": "auth", "thread_id": "t-auth-003", "correlation_id": "live-0230", "trace_id": "trace-live-0230", "span_id": "span-2303", "message": "Database timeout", "metric": 80.84}
{"timestamp": "2025-12-04T02:48:37.435822+00:00", "level": "WARN", "service": "api", "thread_id": "t-api-004", "correlation_id": "live-0230", "trace_id": "trace-live-0230", "span_id": "span-2304", "message": "cache miss spike", "metric": 89.77}
{"timestamp": "2025-12-04T02:48:37.586173+00:00", "level": "INFO", "service": "ledger", "thread_id": "t-ledger-005", "correlation_id": "live-0230", "trace_id": "trace-live-0230", "span_id": "span-2305", "message": "heartbeat ok", "metric": 63.16}
{"timestamp": "2025-12-04T02:48:37.736497+00:00", "level": "INFO", "service": "search", "thread_id": "t-search-006", "correlation_id": "live-0230", "trace_id": "trace-live-0230", "span_id": "span-2306", "message": "heartbeat ok", "metric": 13.74}
{"timestamp": "2025-12-04T02:48:37.886821+00:00", "level": "WARN", "service": "search", "thread_id": "t-search-007", "correlation_id": "live-0230", "trace_id": "trace-live-0230", "span_id": "span-2307", "message": "cache miss spike", "metric": 17.75}
{"timestamp": "2025-12-04T02:48:38.037071+00:00", "level": "INFO", "service": "api", "thread_id": "t-api-008", "correlation_id": "live-0230", "trace_id": "trace-live-0230", "span_id": "span-2308", "message": "heartbeat ok", "metric": 97.79}
{"timestamp": "2025-12-04T02:48:38.187260+00:00", "level": "INFO", "service": "auth", "thread_id": "t-auth-009", "correlation_id": "live-0230", "trace_id": "trace-live-0230", "span_id": "span-2309", "message": "heartbeat ok", "metric": 14.93}
{"timestamp": "2025-12-04T02:48:38.337479+00:00", "level": "INFO", "service": "search", "thread_id": "t-search-010", "correlation_id": "live-0231", "trace_id": "trace-live-0231", "span_id": "span-2310", "message": "heartbeat ok", "metric": 34.62}
{"timestamp": "2025-12-04T02:48:38.487736+00:00", "level": "INFO", "service": "api", "thread_id": "t-api-011", "correlation_id": "live-0231", "trace_id": "trace-live-0231", "span_id": "span-2311", "message": "heartbeat ok", "metric": 93.53}
{"timestamp": "2025-12-04T02:48:38.638003+00:00", "level": "INFO", "service": "api", "thread_id": "t-api-012", "correlation_id": "live-0231", "trace_id": "trace-live-0231", "span_id": "span-2312", "message": "heartbeat ok", "metric": 27.72}
{"timestamp": "2025-12-04T02:48:38.788247+00:00", "level": "WARN", "service": "payments", "thread_id": "t-payments-013", "correlation_id": "live-0231", "trace_id": "trace-live-0231", "span_id": "span-2313", "message": "cache miss spike", "metric": 98.59}
{"timestamp": "2025-12-04T02:48:38.938539+00:00", "level": "WARN", "service": "search", "thread_id": "t-search-014", "correlation_id": "live-0231", "trace_id": "trace-live-0231", "span_id": "span-2314", "message": "cache miss spike", "metric": 1.69}
{"timestamp": "2025-12-04T02:48:39.088838+00:00", "level": "INFO", "service": "api", "thread_id": "t-api-015", "correlation_id": "live-0231", "trace_id": "trace-live-0231", "span_id": "span-2315", "message": "heartbeat ok", "metric": 11.83}
{"timestamp": "2025-12-04T02:48:39.239087+00:00", "level": "INFO", "service": "payments", "thread_id": "t-payments-016", "correlation_id": "live-0231", "trace_id": "trace-live-0231", "span_id": "span-2316", "message": "heartbeat ok", "metric": 18.49}
{"timestamp": "2025-12-04T02:48:39.389307+00:00", "level": "ERROR", "service": "auth", "thread_id": "t-auth-017", "correlation_id": "live-0231", "trace_id": "trace-live-0231", "span_id": "span-2317", "message": "Database timeout", "metric": 88.63}
{"timestamp": "2025-12-04T02:48:39.539515+00:00", "level": "INFO", "service": "ledger", "thread_id": "t-ledger-018", "correlation_id": "live-0231", "trace_id": "trace-live-0231", "span_id": "span-2318", "message": "heartbeat ok", "metric": 54.28}
{"timestamp": "2025-12-04T02:48:39.689714+00:00", "level": "INFO", "service": "auth", "thread_id": "t-auth-019", "correlation_id": "live-0231", "trace_id": "trace-live-0231", "span_id": "span-2319", "message": "heartbeat ok", "metric": 22.4}
{"timestamp": "2025-12-04T02:48:39.839933+00:00", "level": "WARN", "service": "api", "thread_id": "t-api-020", "correlation_id": "live-0232", "trace_id": "trace-live-0232", "span_id": "span-2320", "message": "cache miss spike", "metric": 35.02}
{"timestamp": "2025-12-04T02:48:39.990084+00:00", "level": "INFO", "service": "search", "thread_id": "t-search-021", "correlation_id": "live-0232", "trace_id": "trace-live-0232", "span_id": "span-2321", "message": "heartbeat ok", "metric": 30.53}
{"timestamp": "2025-12-04T02:48:40.140247+00:00", "level": "INFO", "service": "api", "thread_id": "t-api-022", "correlation_id": "live-0232", "trace_id": "trace-live-0232", "span_id": "span-2322", "message": "heartbeat ok", "metric": 80.27}
{"timestamp": "2025-12-04T02:48:40.290476+00:00", "level": "WARN", "service": "payments", "thread_id": "t-payments-023", "correlation_id": "live-0232", "trace_id": "trace-live-0232", "span_id": "span-2323", "message": "cache miss spike", "metric": 50.18}
{"timestamp": "2025-12-04T02:48:40.440777+00:00", "level": "INFO", "service": "ledger", "thread_id": "t-ledger-024", "correlation_id": "live-0232", "trace_id": "trace-live-0232", "span_id": "span-2324", "message": "heartbeat ok", "metric": 60.51}
{"timestamp": "2025-12-04T02:48:40.591068+00:00", "level": "INFO", "service": "api", "thread_id": "t-api-025", "correlation_id": "live-0232", "trace_id": "trace-live-0232", "span_id": "span-2325", "message": "heartbeat ok", "metric": 84.26}
{"timestamp": "2025-12-04T02:48:40.741245+00:00", "level": "INFO", "service": "api", "thread_id": "t-api-026", "correlation_id": "live-0232", "trace_id": "trace-live-0232", "span_id": "span-2326", "message": "heartbeat ok", "metric": 88.43}
{"timestamp": "2025-12-04T02:48:40.891439+00:00", "level": "WARN", "service": "ledger", "thread_id": "t-ledger-027", "correlation_id": "live-0232", "trace_id": "trace-live-0232", "span_id": "span-2327", "message": "cache miss spike", "metric": 17.26}
{"timestamp": "2025-12-04T02:48:41.041670+00:00", "level": "INFO", "service": "api", "thread_id": "t-api-028", "correlation_id": "live-0232", "trace_id": "trace-live-0232", "span_id": "span-2328", "message": "heartbeat ok", "metric": 32.66}
{"timestamp": "2025-12-04T02:48:41.191975+00:00", "level": "INFO", "service": "auth", "thread_id": "t-auth-029", "correlation_id": "live-0232", "trace_id": "trace-live-0232", "span_id": "span-2329", "message": "heartbeat ok", "metric": 14.53}
{"timestamp": "2025-12-04T02:48:41.342194+00:00", "level": "ERROR", "service": "auth", "thread_id": "t-auth-030", "correlation_id": "live-0233", "trace_id": "trace-live-0233", "span_id": "span-2330", "message": "Database timeout", "metric": 28.73}
{"timestamp": "2025-12-04T02:48:41.492402+00:00", "level": "INFO", "service": "payments", "thread_id": "t-payments-031", "correlation_id": "live-0233", "trace_id": "trace-live-0233", "span_id": "span-2331", "message": "heartbeat ok", "metric": 21.27}
{"timestamp": "2025-12-04T02:48:41.642666+00:00", "level": "INFO", "service": "ledger", "thread_id": "t-ledger-032", "correlation_id": "live-0233", "trace_id": "trace-live-0233", "span_id": "span-2332", "message": "heartbeat ok", "metric": 42.84}
{"timestamp": "2025-12-04T02:48:41.792931+00:00", "level": "INFO", "service": "api", "thread_id": "t-api-033", "correlation_id": "live-0233", "trace_id": "trace-live-0233", "span_id": "span-2333", "message": "heartbeat ok", "metric": 83.07}
{"timestamp": "2025-12-04T02:48:41.943091+00:00", "level": "INFO", "service": "api", "thread_id": "t-api-034", "correlation_id": "live-0233", "trace_id": "trace-live-0233", "span_id": "span-2334", "message": "heartbeat ok", "metric": 45.62}
{"timestamp": "2025-12-04T02:48:42.093265+00:00", "level": "ERROR", "service": "api", "thread_id": "t-api-035", "correlation_id": "live-0233", "trace_id": "trace-live-0233", "span_id": "span-2335", "message": "Database timeout", "metric": 44.16}
{"timestamp": "2025-12-04T02:48:42.243505+00:00", "level": "INFO", "service": "search", "thread_id": "t-search-036", "correlation_id": "live-0233", "trace_id": "trace-live-0233", "span_id": "span-2336", "message": "heartbeat ok", "metric": 46.56}
{"timestamp": "2025-12-04T02:48:42.393810+00:00", "level": "WARN", "service": "payments", "thread_id": "t-payments-037", "correlation_id": "live-0233", "trace_id": "trace-live-0233", "span_id": "span-2337", "message": "cache miss spike", "metric": 41.34}
{"timestamp": "2025-12-04T02:48:42.544079+00:00", "level": "INFO", "service": "api", "thread_id": "t-api-038", "correlation_id": "live-0233", "trace_id": "trace-live-0233", "span_id": "span-2338", "message": "heartbeat ok", "metric": 85.12}
{"timestamp": "2025-12-04T02:48:42.694359+00:00", "level": "INFO", "service": "ledger", "thread_id": "t-ledger-039", "correlation_id": "live-0233", "trace_id": "trace-live-0233", "span_id": "span-2339", "message": "heartbeat ok", "metric": 54.17}
{"timestamp": "2025-12-04T02:48:42.844637+00:00", "level": "INFO", "service": "auth", "thread_id": "t-auth-040", "correlation_id": "live-0234", "trace_id": "trace-live-0234", "span_id": "span-2340", "message": "heartbeat ok", "metric": 16.74}
{"timestamp": "2025-12-04T02:48:42.994882+00:00", "level": "INFO", "service": "ledger", "thread_id": "t-ledger-041", "correlation_id": "live-0234", "trace_id": "trace-live-0234", "span_id": "span-2341", "message": "heartbeat ok", "metric": 58.0}
{"timestamp": "2025-12-04T02:48:43.145121+00:00", "level": "INFO", "service": "ledger", "thread_id": "t-ledger-042", "correlation_id": "live-0234", "trace_id": "trace-live-0234", "span_id": "span-2342", "message": "heartbeat ok", "metric": 65.46}
{"timestamp": "2025-12-04T02:48:43.295372+00:00", "level": "INFO", "service": "ledger", "thread_id": "t-ledger-043", "correlation_id": "live-0234", "trace_id": "trace-live-0234", "span_id": "span-2343", "message": "heartbeat ok", "metric": 48.57}
{"timestamp": "2025-12-04T02:48:43.445604+00:00", "level": "INFO", "service": "ledger", "thread_id": "t-ledger-044", "correlation_id": "live-0234", "trace_id": "trace-live-0234", "span_id": "span-2344", "message": "heartbeat ok", "metric": 0.36}
{"timestamp": "2025-12-04T02:48:43.595856+00:00", "level": "INFO", "service": "api", "thread_id": "t-api-045", "correlation_id": "live-0234", "trace_id": "trace-live-0234", "span_id": "span-2345", "message": "heartbeat ok", "metric": 88.4}
{"timestamp": "2025-12-04T02:48:43.746127+00:00", "level": "INFO", "service": "auth", "thread_id": "t-auth-046", "correlation_id": "live-0234", "trace_id": "trace-live-0234", "span_id": "span-2346", "message": "heartbeat ok", "metric": 6.15}
{"timestamp": "2025-12-04T02:48:43.896350+00:00", "level": "INFO", "service": "auth", "thread_id": "t-auth-047", "correlation_id": "live-0234", "trace_id": "trace-live-0234", "span_id": "span-2347", "message": "heartbeat ok", "metric": 49.31}
{"timestamp": "2025-12-04T02:48:44.046543+00:00", "level": "INFO", "service": "search", "thread_id": "t-search-048", "correlation_id": "live-0234", "trace_id": "trace-live-0234", "span_id": "span-2348", "message": "heartbeat ok", "metric": 7.6}
{"timestamp": "2025-12-04T02:48:44.196780+00:00", "level": "WARN", "service": "auth", "thread_id": "t-auth-049", "correlation_id": "live-0234", "trace_id": "trace-live-0234", "span_id": "span-2349", "message": "cache miss spike", "metric": 12.13}
{"timestamp": "2025-12-04T02:48:44.347061+00:00", "level": "INFO", "service": "ledger", "thread_id": "t-ledger-000", "correlation_id": "live-0235", "trace_id": "trace-live-0235", "span_id": "span-2350", "message": "heartbeat ok", "metric": 48.35}
{"timestamp": "2025-12-04T02:48:44.497226+00:00", "level": "INFO", "service": "api", "thread_id": "t-api-001", "correlation_id": "live-0235", "trace_id": "trace-live-0235", "span_id": "span-2351", "message": "heartbeat ok", "metric": 47.41}
{"timestamp": "2025-12-04T02:48:44.647409+00:00", "level": "INFO", "service": "ledger", "thread_id": "t-ledger-002", "correlation_id": "live-0235", "trace_id": "trace-live-0235", "span_id": "span-2352", "message": "heartbeat ok", "metric": 35.16}
{"timestamp": "2025-12-04T02:48:44.797558+00:00", "level": "INFO", "service": "ledger", "thread_id": "t-ledger-003", "correlation_id": "live-0235", "trace_id": "trace-live-0235", "span_id": "span-2353", "message": "heartbeat ok", "metric": 42.95}
{"timestamp": "2025-12-04T02:48:44.947724+00:00", "level": "INFO", "service": "search", "thread_id": "t-search-004", "correlation_id": "live-0235", "trace_id": "trace-live-0235", "span_id": "span-2354", "message": "heartbeat ok", "metric": 19.32}
{"timestamp": "2025-12-04T02:48:45.097935+00:00", "level": "INFO", "service": "auth", "thread_id": "t-auth-005", "correlation_id": "live-0235", "trace_id": "trace-live-0235", "span_id": "span-2355", "message": "heartbeat ok", "metric": 75.42}
{"timestamp": "2025-12-04T02:48:45.248150+00:00", "level": "INFO", "service": "search", "thread_id": "t-search-006", "correlation_id": "live-0235", "trace_id": "trace-live-0235", "span_id": "span-2356", "message": "heartbeat ok", "metric": 89.47}
{"timestamp": "2025-12-04T02:48:45.398405+00:00", "level": "INFO", "service": "ledger", "thread_id": "t-ledger-007", "correlation_id": "live-0235", "trace_id": "trace-live-0235", "span_id": "span-2357", "message": "heartbeat ok", "metric": 14.47}
{"timestamp": "2025-12-04T02:48:45.548665+00:00", "level": "INFO", "service": "api", "thread_id": "t-api-008", "correlation_id": "live-0235", "trace_id": "trace-live-0235", "span_id": "span-2358", "message": "heartbeat ok", "metric": 0.15}
{"timestamp": "2025-12-04T02:48:45.698969+00:00", "level": "INFO", "service": "auth", "thread_id": "t-auth-009", "correlation_id": "live-0235", "trace_id": "trace-live-0235", "span_id": "span-2359", "message": "heartbeat ok", "metric": 33.34}
{"timestamp": "2025-12-04T02:48:45.849204+00:00", "level": "INFO", "service": "api", "thread_id": "t-api-010", "correlation_id": "live-0236", "trace_id": "trace-live-0236", "span_id": "span-2360", "message": "heartbeat ok", "metric": 72.35}
{"timestamp": "2025-12-04T02:48:45.999390+00:00", "level": "INFO", "service": "ledger", "thread_id": "t-ledger-011", "correlation_id": "live-0236", "trace_id": "trace-live-0236", "span_id": "span-2361", "message": "heartbeat ok", "metric": 85.04}
{"timestamp": "2025-12-04T02:48:46.149616+00:00", "level": "INFO", "service": "payments", "thread_id": "t-payments-012", "correlation_id": "live-0236", "trace_id": "trace-live-0236", "span_id": "span-2362", "message": "heartbeat ok", "metric": 48.6}
{"timestamp": "2025-12-04T02:48:46.299873+00:00", "level": "WARN", "service": "ledger", "thread_id": "t-ledger-013", "correlation_id": "live-0236", "trace_id": "trace-live-0236", "span_id": "span-2363", "message": "cache miss spike", "metric": 9.13}
{"timestamp": "2025-12-04T02:48:46.450220+00:00", "level": "ERROR", "service": "ledger", "thread_id": "t-ledger-014", "correlation_id": "live-0236", "trace_id": "trace-live-0236", "span_id": "span-2364", "message": "Database timeout", "metric": 81.36}
{"timestamp": "2025-12-04T02:48:46.600486+00:00", "level": "INFO", "service": "search", "thread_id": "t-search-015", "correlation_id": "live-0236", "trace_id": "trace-live-0236", "span_id": "span-2365", "message": "heartbeat ok", "metric": 65.66}
{"timestamp": "2025-12-04T02:48:46.750634+00:00", "level": "INFO", "service": "search", "thread_id": "t-search-016", "correlation_id": "live-0236", "trace_id": "trace-live-0236", "span_id": "span-2366", "message": "heartbeat ok", "metric": 69.34}
{"timestamp": "2025-12-04T02:48:46.900847+00:00", "level": "INFO", "service": "ledger", "thread_id": "t-ledger-017", "correlation_id": "live-0236", "trace_id": "trace-live-0236", "span_id": "span-2367", "message": "heartbeat ok", "metric": 96.15}
{"timestamp": "2025-12-04T02:48:47.051119+00:00", "level": "WARN", "service": "payments", "thread_id": "t-payments-018", "correlation_id": "live-0236", "trace_id": "trace-live-0236", "span_id": "span-2368", "message": "cache miss spike", "metric": 74.72}
{"timestamp": "2025-12-04T02:48:47.201383+00:00", "level": "INFO", "service": "ledger", "thread_id": "t-ledger-019", "correlation_id": "live-0236", "trace_id": "trace-live-0236", "span_id": "span-2369", "message": "heartbeat ok", "metric": 44.6}
{"timestamp": "2025-12-04T02:48:47.351677+00:00", "level": "ERROR", "service": "auth", "thread_id": "t-auth-020", "correlation_id": "live-0237", "trace_id": "trace-live-0237", "span_id": "span-2370", "message": "Database timeout", "metric": 15.89}
{"timestamp": "2025-12-04T02:48:47.501967+00:00", "level": "ERROR", "service": "auth", "thread_id": "t-auth-021", "correlation_id": "live-0237", "trace_id": "trace-live-0237", "span_id": "span-2371", "message": "Database timeout", "metric": 52.59}
{"timestamp": "2025-12-04T02:48:47.652250+00:00", "level": "INFO", "service": "payments", "thread_id": "t-payments-022", "correlation_id": "live-0237", "trace_id": "trace-live-0237", "span_id": "span-2372", "message": "heartbeat ok", "metric": 10.86}
{"timestamp": "2025-12-04T02:48:47.802529+00:00", "level": "INFO", "service": "payments", "thread_id": "t-payments-023", "correlation_id": "live-0237", "trace_id": "trace-live-0237", "span_id": "span-2373", "message": "heartbeat ok", "metric": 37.59}
{"timestamp": "2025-12-04T02:48:47.952854+00:00", "level": "INFO", "service": "payments", "thread_id": "t-payments-024", "correlation_id": "live-0237", "trace_id": "trace-live-0237", "span_id": "span-2374", "message": "heartbeat ok", "metric": 99.62}
{"timestamp": "2025-12-04T02:48:48.103198+00:00", "level": "INFO", "service": "search", "thread_id": "t-search-025", "correlation_id": "live-0237", "trace_id": "trace-live-0237", "span_id": "span-2375", "message": "heartbeat ok", "metric": 39.92}
{"timestamp": "2025-12-04T02:48:48.253493+00:00", "level": "INFO", "service": "ledger", "thread_id": "t-ledger-026", "correlation_id": "live-0237", "trace_id": "trace-live-0237", "span_id": "span-2376", "message": "heartbeat ok", "metric": 78.21}
{"timestamp": "2025-12-04T02:48:48.403782+00:00", "level": "WARN", "service": "auth", "thread_id": "t-auth-027", "correlation_id": "live-0237", "trace_id": "trace-live-0237", "span_id": "span-2377", "message": "cache miss spike", "metric": 99.23}
{"timestamp": "2025-12-04T02:48:48.554006+00:00", "level": "INFO", "service": "auth", "thread_id": "t-auth-028", "correlation_id": "live-0237", "trace_id": "trace-live-0237", "span_id": "span-2378", "message": "heartbeat ok", "metric": 99.06}
{"timestamp": "2025-12-04T02:48:48.704282+00:00", "level": "INFO", "service": "search", "thread_id": "t-search-029", "correlation_id": "live-0237", "trace_id": "trace-live-0237", "span_id": "span-2379", "message": "heartbeat ok", "metric": 54.89}
{"timestamp": "2025-12-04T02:48:48.854475+00:00", "level": "INFO", "service": "search", "thread_id": "t-search-030", "correlation_id": "live-0238", "trace_id": "trace-live-0238", "span_id": "span-2380", "message": "heartbeat ok", "metric": 68.34}
{"timestamp": "2025-12-04T02:48:49.004635+00:00", "level": "INFO", "service": "api", "thread_id": "t-api-031", "correlation_id": "live-0238", "trace_id": "trace-live-0238", "span_id": "span-2381", "message": "heartbeat ok", "metric": 25.41}
{"timestamp": "2025-12-04T02:48:49.154831+00:00", "level": "INFO", "service": "payments", "thread_id": "t-payments-032", "correlation_id": "live-0238", "trace_id": "trace-live-0238", "span_id": "span-2382", "message": "heartbeat ok", "metric": 87.12}
{"timestamp": "2025-12-04T02:48:49.305054+00:00", "level": "INFO", "service": "search", "thread_id": "t-search-033", "correlation_id": "live-0238", "trace_id": "trace-live-0238", "span_id": "span-2383", "message": "heartbeat ok", "metric": 31.42}
{"timestamp": "2025-12-04T02:48:49.455351+00:00", "level": "ERROR", "service": "auth", "thread_id": "t-auth-034", "correlation_id": "live-0238", "trace_id": "trace-live-0238", "span_id": "span-2384", "message": "Database timeout", "metric": 17.5}
{"timestamp": "2025-12-04T02:48:49.605590+00:00", "level": "WARN", "service": "auth", "thread_id": "t-auth-035", "correlation_id": "live-0238", "trace_id": "trace-live-0238", "span_id": "span-2385", "message": "cache miss spike", "metric": 88.66}
{"timestamp": "2025-12-04T02:48:49.755822+00:00", "level": "WARN", "service": "payments", "thread_id": "t-payments-036", "correlation_id": "live-0238", "trace_id": "trace-live-0238", "span_id": "span-2386", "message": "cache miss spike", "metric": 34.29}
{"timestamp": "2025-12-04T02:48:49.906053+00:00", "level": "INFO", "service": "payments", "thread_id": "t-payments-037", "correlation_id": "live-0238", "trace_id": "trace-live-0238", "span_id": "span-2387", "message": "heartbeat ok", "metric": 69.96}
{"timestamp": "2025-12-04T02:48:50.056272+00:00", "level": "INFO", "service": "ledger", "thread_id": "t-ledger-038", "correlation_id": "live-0238", "trace_id": "trace-live-0238", "span_id": "span-2388", "message": "heartbeat ok", "metric": 66.82}
{"timestamp": "2025-12-04T02:48:50.206497+00:00", "level": "INFO", "service": "ledger", "thread_id": "t-ledger-039", "correlation_id": "live-0238", "trace_id": "trace-live-0238", "span_id": "span-2389", "message": "heartbeat ok", "metric": 18.82}
{"timestamp": "2025-12-04T02:48:50.356727+00:00", "level": "INFO", "service": "ledger", "thread_id": "t-ledger-040", "correlation_id": "live-0239", "trace_id": "trace-live-0239", "span_id": "span-2390", "message": "heartbeat ok", "metric": 23.19}
{"timestamp": "2025-12-04T02:48:50.506976+00:00", "level": "INFO", "service": "api", "thread_id": "t-api-041", "correlation_id": "live-0239", "trace_id": "trace-live-0239", "span_id": "span-2391", "message": "heartbeat ok", "metric": 43.4}
{"timestamp": "2025-12-04T02:48:50.657259+00:00", "level": "INFO", "service": "auth", "thread_id": "t-auth-042", "correlation_id": "live-0239", "trace_id": "trace-live-0239", "span_id": "span-2392", "message": "heartbeat ok", "metric": 89.13}
{"timestamp": "2025-12-04T02:48:50.807582+00:00", "level": "INFO", "service": "payments", "thread_id": "t-payments-043", "correlation_id": "live-0239", "trace_id": "trace-live-0239", "span_id": "span-2393", "message": "heartbeat ok", "metric": 26.79}
{"timestamp": "2025-12-04T02:48:50.957882+00:00", "level": "INFO", "service": "auth", "thread_id": "t-auth-044", "correlation_id": "live-0239", "trace_id": "trace-live-0239", "span_id": "span-2394", "message": "heartbeat ok", "metric": 97.14}
{"timestamp": "2025-12-04T02:48:51.108212+00:00", "level": "WARN", "service": "api", "thread_id": "t-api-045", "correlation_id": "live-0239", "trace_id": "trace-live-0239", "span_id": "span-2395", "message": "cache miss spike", "metric": 56.97}
{"timestamp": "2025-12-04T02:48:51.258476+00:00", "level": "WARN", "service": "api", "thread_id": "t-api-046", "correlation_id": "live-0239", "trace_id": "trace-live-0239", "span_id": "span-2396", "message": "cache miss spike", "metric": 46.77}
{"timestamp": "2025-12-04T02:48:51.408680+00:00", "level": "INFO", "service": "search", "thread_id": "t-search-047", "correlation_id": "live-0239", "trace_id": "trace-live-0239", "span_id": "span-2397", "message": "heartbeat ok", "metric": 44.01}
{"timestamp": "2025-12-04T02:48:51.558847+00:00", "level": "INFO", "service": "payments", "thread_id": "t-payments-048", "correlation_id": "live-0239", "trace_id": "trace-live-0239", "span_id": "span-2398", "message": "heartbeat ok", "metric": 82.18}
{"timestamp": "2025-12-04T02:48:51.709023+00:00", "level": "INFO", "service": "auth", "thread_id": "t-auth-049", "correlation_id": "live-0239", "trace_id": "trace-live-0239", "span_id": "span-2399", "message": "heartbeat ok", "metric": 40.29}
{"timestamp": "2025-12-04T02:48:51.859265+00:00", "level": "INFO", "service": "ledger", "thread_id": "t-ledger-000", "correlation_id": "live-0240", "trace_id": "trace-live-0240", "span_id": "span-2400", "message": "heartbeat ok", "metric": 57.21}
{"timestamp": "2025-12-04T02:48:52.009478+00:00", "level": "WARN", "service": "auth", "thread_id": "t-auth-001", "correlation_id": "live-0240", "trace_id": "trace-live-0240", "span_id": "span-2401", "message": "cache miss spike", "metric": 29.52}
{"timestamp": "2025-12-04T02:48:52.159738+00:00", "level": "WARN", "service": "ledger", "thread_id": "t-ledger-002", "correlation_id": "live-0240", "trace_id": "trace-live-0240", "span_id": "span-2402", "message": "cache miss spike", "metric": 47.79}
{"timestamp": "2025-12-04T02:48:52.309951+00:00", "level": "INFO", "service": "auth", "thread_id": "t-auth-003", "correlation_id": "live-0240", "trace_id": "trace-live-0240", "span_id": "span-2403", "message": "heartbeat ok", "metric": 51.7}
{"timestamp": "2025-12-04T02:48:52.460131+00:00", "level": "INFO", "service": "search", "thread_id": "t-search-004", "correlation_id": "live-0240", "trace_id": "trace-live-0240", "span_id": "span-2404", "message": "heartbeat ok", "metric": 4.09}
{"timestamp": "2025-12-04T02:48:52.610369+00:00", "level": "INFO", "service": "ledger", "thread_id": "t-ledger-005", "correlation_id": "live-0240", "trace_id": "trace-live-0240", "span_id": "span-2405", "message": "heartbeat ok", "metric": 49.56}
{"timestamp": "2025-12-04T02:48:52.760635+00:00", "level": "INFO", "service": "auth", "thread_id": "t-auth-006", "correlation_id": "live-0240", "trace_id": "trace-live-0240", "span_id": "span-2406", "message": "heartbeat ok", "metric": 55.17}
{"timestamp": "2025-12-04T02:48:52.910924+00:00", "level": "INFO", "service": "ledger", "thread_id": "t-ledger-007", "correlation_id": "live-0240", "trace_id": "trace-live-0240", "span_id": "span-2407", "message": "heartbeat ok", "metric": 63.07}
{"timestamp": "2025-12-04T02:48:53.061155+00:00", "level": "INFO", "service": "api", "thread_id": "t-api-008", "correlation_id": "live-0240", "trace_id": "trace-live-0240", "span_id": "span-2408", "message": "heartbeat ok", "metric": 65.37}
{"timestamp": "2025-12-04T02:48:53.211337+00:00", "level": "INFO", "service": "auth", "thread_id": "t-auth-009", "correlation_id": "live-0240", "trace_id": "trace-live-0240", "span_id": "span-2409", "message": "heartbeat ok", "metric": 53.32}
{"timestamp": "2025-12-04T02:48:53.361535+00:00", "level": "INFO", "service": "ledger", "thread_id": "t-ledger-010", "correlation_id": "live-0241", "trace_id": "trace-live-0241", "span_id": "span-2410", "message": "heartbeat ok", "metric": 64.83}
{"timestamp": "2025-12-04T02:48:53.511774+00:00", "level": "INFO", "service": "auth", "thread_id": "t-auth-011", "correlation_id": "live-0241", "trace_id": "trace-live-0241", "span_id": "span-2411", "message": "heartbeat ok", "metric": 65.18}
{"timestamp": "2025-12-04T02:48:53.662048+00:00", "level": "WARN", "service": "search", "thread_id": "t-search-012", "correlation_id": "live-0241", "trace_id": "trace-live-0241", "span_id": "span-2412", "message": "cache miss spike", "metric": 82.71}
{"timestamp": "2025-12-04T02:48:53.812319+00:00", "level": "INFO", "service": "search", "thread_id": "t-search-013", "correlation_id": "live-0241", "trace_id": "trace-live-0241", "span_id": "span-2413", "message": "heartbeat ok", "metric": 26.42}
{"timestamp": "2025-12-04T02:48:53.962600+00:00", "level": "INFO", "service": "ledger", "thread_id": "t-ledger-014", "correlation_id": "live-0241", "trace_id": "trace-live-0241", "span_id": "span-2414", "message": "heartbeat ok", "metric": 61.07}
{"timestamp": "2025-12-04T02:48:54.112808+00:00", "level": "INFO", "service": "api", "thread_id": "t-api-015", "correlation_id": "live-0241", "trace_id": "trace-live-0241", "span_id": "span-2415", "message": "heartbeat ok", "metric": 94.34}
{"timestamp": "2025-12-04T02:48:54.263064+00:00", "level": "WARN", "service": "auth", "thread_id": "t-auth-016", "correlation_id": "live-0241", "trace_id": "trace-live-0241", "span_id": "span-2416", "message": "cache miss spike", "metric": 16.23}
{"timestamp": "2025-12-04T02:48:54.413353+00:00", "level": "INFO", "service": "search", "thread_id": "t-search-017", "correlation_id": "live-0241", "trace_id": "trace-live-0241", "span_id": "span-2417", "message": "heartbeat ok", "metric": 22.82}
{"timestamp": "2025-12-04T02:48:54.563626+00:00", "level": "INFO", "service": "auth", "thread_id": "t-auth-018", "correlation_id": "live-0241", "trace_id": "trace-live-0241", "span_id": "span-2418", "message": "heartbeat ok", "metric": 62.01}
{"timestamp": "2025-12-04T02:48:54.713890+00:00", "level": "INFO", "service": "search", "thread_id": "t-search-019", "correlation_id": "live-0241", "trace_id": "trace-live-0241", "span_id": "span-2419", "message": "heartbeat ok", "metric": 99.52}
{"timestamp": "2025-12-04T02:48:54.864149+00:00", "level": "INFO", "service": "api", "thread_id": "t-api-020", "correlation_id": "live-0242", "trace_id": "trace-live-0242", "span_id": "span-2420", "message": "heartbeat ok", "metric": 19.42}
{"timestamp": "2025-12-04T02:48:55.014394+00:00", "level": "INFO", "service": "payments", "thread_id": "t-payments-021", "correlation_id": "live-0242", "trace_id": "trace-live-0242", "span_id": "span-2421", "message": "heartbeat ok", "metric": 81.04}
{"timestamp": "2025-12-04T02:48:55.164612+00:00", "level": "INFO", "service": "search", "thread_id": "t-search-022", "correlation_id": "live-0242", "trace_id": "trace-live-0242", "span_id": "span-2422", "message": "heartbeat ok", "metric": 65.58}
{"timestamp": "2025-12-04T02:48:55.314896+00:00", "level": "ERROR", "service": "api", "thread_id": "t-api-023", "correlation_id": "live-0242", "trace_id": "trace-live-0242", "span_id": "span-2423", "message": "Database timeout", "metric": 78.94}
{"timestamp": "2025-12-04T02:48:55.465219+00:00", "level": "ERROR", "service": "api", "thread_id": "t-api-024", "correlation_id": "live-0242", "trace_id": "trace-live-0242", "span_id": "span-2424", "message": "Database timeout", "metric": 51.46}
{"timestamp": "2025-12-04T02:48:55.615511+00:00", "level": "INFO", "service": "payments", "thread_id": "t-payments-025", "correlation_id": "live-0242", "trace_id": "trace-live-0242", "span_id": "span-2425", "message": "heartbeat ok", "metric": 8.41}
{"timestamp": "2025-12-04T02:48:55.765792+00:00", "level": "INFO", "service": "payments", "thread_id": "t-payments-026", "correlation_id": "live-0242", "trace_id": "trace-live-0242", "span_id": "span-2426", "message": "heartbeat ok", "metric": 97.7}
{"timestamp": "2025-12-04T02:48:55.916067+00:00", "level": "ERROR", "service": "payments", "thread_id": "t-payments-027", "correlation_id": "live-0242", "trace_id": "trace-live-0242", "span_id": "span-2427", "message": "Database timeout", "metric": 45.3}
{"timestamp": "2025-12-04T02:48:56.066387+00:00", "level": "WARN", "service": "ledger", "thread_id": "t-ledger-028", "correlation_id": "live-0242", "trace_id": "trace-live-0242", "span_id": "span-2428", "message": "cache miss spike", "metric": 49.98}
{"timestamp": "2025-12-04T02:48:56.216624+00:00", "level": "WARN", "service": "api", "thread_id": "t-api-029", "correlation_id": "live-0242", "trace_id": "trace-live-0242", "span_id": "span-2429", "message": "cache miss spike", "metric": 46.73}
{"timestamp": "2025-12-04T02:48:56.366874+00:00", "level": "INFO", "service": "api", "thread_id": "t-api-030", "correlation_id": "live-0243", "trace_id": "trace-live-0243", "span_id": "span-2430", "message": "heartbeat ok", "metric": 53.05}
{"timestamp": "2025-12-04T02:48:56.517222+00:00", "level": "INFO", "service": "ledger", "thread_id": "t-ledger-031", "correlation_id": "live-0243", "trace_id": "trace-live-0243", "span_id": "span-2431", "message": "heartbeat ok", "metric": 2.63}
{"timestamp": "2025-12-04T02:48:56.667448+00:00", "level": "INFO", "service": "auth", "thread_id": "t-auth-032", "correlation_id": "live-0243", "trace_id": "trace-live-0243", "span_id": "span-2432", "message": "heartbeat ok", "metric": 43.46}
{"timestamp": "2025-12-04T02:48:56.817591+00:00", "level": "WARN", "service": "auth", "thread_id": "t-auth-033", "correlation_id": "live-0243", "trace_id": "trace-live-0243", "span_id": "span-2433", "message": "cache miss spike", "metric": 94.17}
{"timestamp": "2025-12-04T02:48:56.967857+00:00", "level": "INFO", "service": "ledger", "thread_id": "t-ledger-034", "correlation_id": "live-0243", "trace_id": "trace-live-0243", "span_id": "span-2434", "message": "heartbeat ok", "metric": 35.79}
{"timestamp": "2025-12-04T02:48:57.118022+00:00", "level": "INFO", "service": "ledger", "thread_id": "t-ledger-035", "correlation_id": "live-0243", "trace_id": "trace-live-0243", "span_id": "span-2435", "message": "heartbeat ok", "metric": 17.62}
{"timestamp": "2025-12-04T02:48:57.268176+00:00", "level": "WARN", "service": "auth", "thread_id": "t-auth-036", "correlation_id": "live-0243", "trace_id": "trace-live-0243", "span_id": "span-2436", "message": "cache miss spike", "metric": 82.49}
{"timestamp": "2025-12-04T02:48:57.418342+00:00", "level": "WARN", "service": "auth", "thread_id": "t-auth-037", "correlation_id": "live-0243", "trace_id": "trace-live-0243", "span_id": "span-2437", "message": "cache miss spike", "metric": 73.86}
{"timestamp": "2025-12-04T02:48:57.568598+00:00", "level": "INFO", "service": "auth", "thread_id": "t-auth-038", "correlation_id": "live-0243", "trace_id": "trace-live-0243", "span_id": "span-2438", "message": "heartbeat ok", "metric": 35.95}
{"timestamp": "2025-12-04T02:48:57.718982+00:00", "level": "INFO", "service": "payments", "thread_id": "t-payments-039", "correlation_id": "live-0243", "trace_id": "trace-live-0243", "span_id": "span-2439", "message": "heartbeat ok", "metric": 61.9}
{"timestamp": "2025-12-04T02:48:57.869316+00:00", "level": "WARN", "service": "auth", "thread_id": "t-auth-040", "correlation_id": "live-0244", "trace_id": "trace-live-0244", "span_id": "span-2440", "message": "cache miss spike", "metric": 79.46}
{"timestamp": "2025-12-04T02:48:58.019531+00:00", "level": "WARN", "service": "api", "thread_id": "t-api-041", "correlation_id": "live-0244", "trace_id": "trace-live-0244", "span_id": "span-2441", "message": "cache miss spike", "metric": 5.17}
{"timestamp": "2025-12-04T02:48:58.169790+00:00", "level": "INFO", "service": "auth", "thread_id": "t-auth-042", "correlation_id": "live-0244", "trace_id": "trace-live-0244", "span_id": "span-2442", "message": "heartbeat ok", "metric": 93.22}
{"timestamp": "2025-12-04T02:48:58.320107+00:00", "level": "INFO", "service": "api", "thread_id": "t-api-043", "correlation_id": "live-0244", "trace_id": "trace-live-0244", "span_id": "span-2443", "message": "heartbeat ok", "metric": 51.68}
{"timestamp": "2025-12-04T02:48:58.470372+00:00", "level": "INFO", "service": "search", "thread_id": "t-search-044", "correlation_id": "live-0244", "trace_id": "trace-live-0244", "span_id": "span-2444", "message": "heartbeat ok", "metric": 54.89}
{"timestamp": "2025-12-04T02:48:58.620699+00:00", "level": "INFO", "service": "ledger", "thread_id": "t-ledger-045", "correlation_id": "live-0244", "trace_id": "trace-live-0244", "span_id": "span-2445", "message": "heartbeat ok", "metric": 32.7}
{"timestamp": "2025-12-04T02:48:58.771017+00:00", "level": "INFO", "service": "search", "thread_id": "t-search-046", "correlation_id": "live-0244", "trace_id": "trace-live-0244", "span_id": "span-2446", "message": "heartbeat ok", "metric": 33.26}
{"timestamp": "2025-12-04T02:48:58.921330+00:00", "level": "INFO", "service": "ledger", "thread_id": "t-ledger-047", "correlation_id": "live-0244", "trace_id": "trace-live-0244", "span_id": "span-2447", "message": "heartbeat ok", "metric": 6.13}
{"timestamp": "2025-12-04T02:48:59.071588+00:00", "level": "INFO", "service": "auth", "thread_id": "t-auth-048", "correlation_id": "live-0244", "trace_id": "trace-live-0244", "span_id": "span-2448", "message": "heartbeat ok", "metric": 53.23}
{"timestamp": "2025-12-04T02:48:59.221793+00:00", "level": "INFO", "service": "search", "thread_id": "t-search-049", "correlation_id": "live-0244", "trace_id": "trace-live-0244", "span_id": "span-2449", "message": "heartbeat ok", "metric": 90.86}
{"timestamp": "2025-12-04T02:48:59.372030+00:00", "level": "INFO", "service": "auth", "thread_id": "t-auth-000", "correlation_id": "live-0245", "trace_id": "trace-live-0245", "span_id": "span-2450", "message": "heartbeat ok", "metric": 3.11}
{"timestamp": "2025-12-04T02:48:59.522303+00:00", "level": "WARN", "service": "payments", "thread_id": "t-payments-001", "correlation_id": "live-0245", "trace_id": "trace-live-0245", "span_id": "span-2451", "message": "cache miss spike", "metric": 58.61}
{"timestamp": "2025-12-04T02:48:59.672548+00:00", "level": "ERROR", "service": "ledger", "thread_id": "t-ledger-002", "correlation_id": "live-0245", "trace_id": "trace-live-0245", "span_id": "span-2452", "message": "Database timeout", "metric": 8.26}
{"timestamp": "2025-12-04T02:48:59.822823+00:00", "level": "WARN", "service": "auth", "thread_id": "t-auth-003", "correlation_id": "live-0245", "trace_id": "trace-live-0245", "span_id": "span-2453", "message": "cache miss spike", "metric": 34.11}
{"timestamp": "2025-12-04T02:48:59.973113+00:00", "level": "INFO", "service": "api", "thread_id": "t-api-004", "correlation_id": "live-0245", "trace_id": "trace-live-0245", "span_id": "span-2454", "message": "heartbeat ok", "metric": 93.97}
{"timestamp": "2025-12-04T02:49:00.123343+00:00", "level": "WARN", "service": "auth", "thread_id": "t-auth-005", "correlation_id": "live-0245", "trace_id": "trace-live-0245", "span_id": "span-2455", "message": "cache miss spike", "metric": 73.84}
{"timestamp": "2025-12-04T02:49:00.273621+00:00", "level": "INFO", "service": "search", "thread_id": "t-search-006", "correlation_id": "live-0245", "trace_id": "trace-live-0245", "span_id": "span-2456", "message": "heartbeat ok", "metric": 58.53}
{"timestamp": "2025-12-04T02:49:00.423886+00:00", "level": "INFO", "service": "ledger", "thread_id": "t-ledger-007", "correlation_id": "live-0245", "trace_id": "trace-live-0245", "span_id": "span-2457", "message": "heartbeat ok", "metric": 43.36}
{"timestamp": "2025-12-04T02:49:00.574158+00:00", "level": "WARN", "service": "search", "thread_id": "t-search-008", "correlation_id": "live-0245", "trace_id": "trace-live-0245", "span_id": "span-2458", "message": "cache miss spike", "metric": 33.87}
{"timestamp": "2025-12-04T02:49:00.724411+00:00", "level": "INFO", "service": "search", "thread_id": "t-search-009", "correlation_id": "live-0245", "trace_id": "trace-live-0245", "span_id": "span-2459", "message": "heartbeat ok", "metric": 44.51}
{"timestamp": "2025-12-04T02:49:00.874634+00:00", "level": "INFO", "service": "search", "thread_id": "t-search-010", "correlation_id": "live-0246", "trace_id": "trace-live-0246", "span_id": "span-2460", "message": "heartbeat ok", "metric": 9.91}
{"timestamp": "2025-12-04T02:49:01.024793+00:00", "level": "ERROR", "service": "api", "thread_id": "t-api-011", "correlation_id": "live-0246", "trace_id": "trace-live-0246", "span_id": "span-2461", "message": "Database timeout", "metric": 32.63}
{"timestamp": "2025-12-04T02:49:01.174981+00:00", "level": "INFO", "service": "search", "thread_id": "t-search-012", "correlation_id": "live-0246", "trace_id": "trace-live-0246", "span_id": "span-2462", "message": "heartbeat ok", "metric": 5.9}
{"timestamp": "2025-12-04T02:49:01.325203+00:00", "level": "ERROR", "service": "ledger", "thread_id": "t-ledger-013", "correlation_id": "live-0246", "trace_id": "trace-live-0246", "span_id": "span-2463", "message": "Database timeout", "metric": 69.75}
{"timestamp": "2025-12-04T02:49:01.475457+00:00", "level": "WARN", "service": "search", "thread_id": "t-search-014", "correlation_id": "live-0246", "trace_id": "trace-live-0246", "span_id": "span-2464", "message": "cache miss spike", "metric": 11.94}
{"timestamp": "2025-12-04T02:49:01.625703+00:00", "level": "INFO", "service": "auth", "thread_id": "t-auth-015", "correlation_id": "live-0246", "trace_id": "trace-live-0246", "span_id": "span-2465", "message": "heartbeat ok", "metric": 47.47}
{"timestamp": "2025-12-04T02:49:01.775976+00:00", "level": "INFO", "service": "payments", "thread_id": "t-payments-016", "correlation_id": "live-0246", "trace_id": "trace-live-0246", "span_id": "span-2466", "message": "heartbeat ok", "metric": 0.44}
{"timestamp": "2025-12-04T02:49:01.926242+00:00", "level": "ERROR", "service": "api", "thread_id": "t-api-017", "correlation_id": "live-0246", "trace_id": "trace-live-0246", "span_id": "span-2467", "message": "Database timeout", "metric": 17.86}
{"timestamp": "2025-12-04T02:49:02.076481+00:00", "level": "ERROR", "service": "ledger", "thread_id": "t-ledger-018", "correlation_id": "live-0246", "trace_id": "trace-live-0246", "span_id": "span-2468", "message": "Database timeout", "metric": 55.68}
{"timestamp": "2025-12-04T02:49:02.226776+00:00", "level": "INFO", "service": "auth", "thread_id": "t-auth-019", "correlation_id": "live-0246", "trace_id": "trace-live-0246", "span_id": "span-2469", "message": "heartbeat ok", "metric": 61.6}
{"timestamp": "2025-12-04T02:49:02.377040+00:00", "level": "INFO", "service": "api", "thread_id": "t-api-020", "correlation_id": "live-0247", "trace_id": "trace-live-0247", "span_id": "span-2470", "message": "heartbeat ok", "metric": 31.48}
{"timestamp": "2025-12-04T02:49:02.527321+00:00", "level": "INFO", "service": "search", "thread_id": "t-search-021", "correlation_id": "live-0247", "trace_id": "trace-live-0247", "span_id": "span-2471", "message": "heartbeat ok", "metric": 48.48}
{"timestamp": "2025-12-04T02:49:02.677583+00:00", "level": "INFO", "service": "ledger", "thread_id": "t-ledger-022", "correlation_id": "live-0247", "trace_id": "trace-live-0247", "span_id": "span-2472", "message": "heartbeat ok", "metric": 1.52}
{"timestamp": "2025-12-04T02:49:02.827812+00:00", "level": "INFO", "service": "payments", "thread_id": "t-payments-023", "correlation_id": "live-0247", "trace_id": "trace-live-0247", "span_id": "span-2473", "message": "heartbeat ok", "metric": 52.93}
{"timestamp": "2025-12-04T02:49:02.977977+00:00", "level": "INFO", "service": "search", "thread_id": "t-search-024", "correlation_id": "live-0247", "trace_id": "trace-live-0247", "span_id": "span-2474", "message": "heartbeat ok", "metric": 22.87}
{"timestamp": "2025-12-04T02:49:03.128140+00:00", "level": "INFO", "service": "auth", "thread_id": "t-auth-025", "correlation_id": "live-0247", "trace_id": "trace-live-0247", "span_id": "span-2475", "message": "heartbeat ok", "metric": 92.43}
{"timestamp": "2025-12-04T02:49:03.278385+00:00", "level": "WARN", "service": "api", "thread_id": "t-api-026", "correlation_id": "live-0247", "trace_id": "trace-live-0247", "span_id": "span-2476", "message": "cache miss spike", "metric": 71.63}
{"timestamp": "2025-12-04T02:49:03.428632+00:00", "level": "INFO", "service": "api", "thread_id": "t-api-027", "correlation_id": "live-0247", "trace_id": "trace-live-0247", "span_id": "span-2477", "message": "heartbeat ok", "metric": 35.39}
{"timestamp": "2025-12-04T02:49:03.578851+00:00", "level": "INFO", "service": "search", "thread_id": "t-search-028", "correlation_id": "live-0247", "trace_id": "trace-live-0247", "span_id": "span-2478", "message": "heartbeat ok", "metric": 80.58}
{"timestamp": "2025-12-04T02:49:03.729080+00:00", "level": "INFO", "service": "ledger", "thread_id": "t-ledger-029", "correlation_id": "live-0247", "trace_id": "trace-live-0247", "span_id": "span-2479", "message": "heartbeat ok", "metric": 33.53}
{"timestamp": "2025-12-04T02:49:03.879329+00:00", "level": "INFO", "service": "payments", "thread_id": "t-payments-030", "correlation_id": "live-0248", "trace_id": "trace-live-0248", "span_id": "span-2480", "message": "heartbeat ok", "metric": 17.26}
{"timestamp": "2025-12-04T02:49:04.029557+00:00", "level": "INFO", "service": "payments", "thread_id": "t-payments-031", "correlation_id": "live-0248", "trace_id": "trace-live-0248", "span_id": "span-2481", "message": "heartbeat ok", "metric": 10.72}
{"timestamp": "2025-12-04T02:49:04.179830+00:00", "level": "INFO", "service": "api", "thread_id": "t-api-032", "correlation_id": "live-0248", "trace_id": "trace-live-0248", "span_id": "span-2482", "message": "heartbeat ok", "metric": 95.14}
{"timestamp": "2025-12-04T02:49:04.330066+00:00", "level": "INFO", "service": "payments", "thread_id": "t-payments-033", "correlation_id": "live-0248", "trace_id": "trace-live-0248", "span_id": "span-2483", "message": "heartbeat ok", "metric": 12.09}
{"timestamp": "2025-12-04T02:49:04.480297+00:00", "level": "INFO", "service": "api", "thread_id": "t-api-034", "correlation_id": "live-0248", "trace_id": "trace-live-0248", "span_id": "span-2484", "message": "heartbeat ok", "metric": 2.62}
{"timestamp": "2025-12-04T02:49:04.630517+00:00", "level": "INFO", "service": "auth", "thread_id": "t-auth-035", "correlation_id": "live-0248", "trace_id": "trace-live-0248", "span_id": "span-2485", "message": "heartbeat ok", "metric": 91.36}
{"timestamp": "2025-12-04T02:49:04.780694+00:00", "level": "WARN", "service": "api", "thread_id": "t-api-036", "correlation_id": "live-0248", "trace_id": "trace-live-0248", "span_id": "span-2486", "message": "cache miss spike", "metric": 18.31}
{"timestamp": "2025-12-04T02:49:04.930845+00:00", "level": "ERROR", "service": "ledger", "thread_id": "t-ledger-037", "correlation_id": "live-0248", "trace_id": "trace-live-0248", "span_id": "span-2487", "message": "Database timeout", "metric": 45.52}
{"timestamp": "2025-12-04T02:49:05.081119+00:00", "level": "INFO", "service": "auth", "thread_id": "t-auth-038", "correlation_id": "live-0248", "trace_id": "trace-live-0248", "span_id": "span-2488", "message": "heartbeat ok", "metric": 96.84}
{"timestamp": "2025-12-04T02:49:05.231475+00:00", "level": "INFO", "service": "ledger", "thread_id": "t-ledger-039", "correlation_id": "live-0248", "trace_id": "trace-live-0248", "span_id": "span-2489", "message": "heartbeat ok", "metric": 96.0}
{"timestamp": "2025-12-04T02:49:05.381795+00:00", "level": "INFO", "service": "payments", "thread_id": "t-payments-040", "correlation_id": "live-0249", "trace_id": "trace-live-0249", "span_id": "span-2490", "message": "heartbeat ok", "metric": 53.84}
{"timestamp": "2025-12-04T02:49:05.532037+00:00", "level": "INFO", "service": "search", "thread_id": "t-search-041", "correlation_id": "live-0249", "trace_id": "trace-live-0249", "span_id": "span-2491", "message": "heartbeat ok", "metric": 84.45}
{"timestamp": "2025-12-04T02:49:05.682342+00:00", "level": "INFO", "service": "auth", "thread_id": "t-auth-042", "correlation_id": "live-0249", "trace_id": "trace-live-0249", "span_id": "span-2492", "message": "heartbeat ok", "metric": 65.73}
{"timestamp": "2025-12-04T02:49:05.832746+00:00", "level": "INFO", "service": "auth", "thread_id": "t-auth-043", "correlation_id": "live-0249", "trace_id": "trace-live-0249", "span_id": "span-2493", "message": "heartbeat ok", "metric": 38.2}
{"timestamp": "2025-12-04T02:49:05.983037+00:00", "level": "INFO", "service": "auth", "thread_id": "t-auth-044", "correlation_id": "live-0249", "trace_id": "trace-live-0249", "span_id": "span-2494", "message": "heartbeat ok", "metric": 14.96}
{"timestamp": "2025-12-04T02:49:06.133262+00:00", "level": "WARN", "service": "payments", "thread_id": "t-payments-045", "correlation_id": "live-0249", "trace_id": "trace-live-0249", "span_id": "span-2495", "message": "cache miss spike", "metric": 14.17}
{"timestamp": "2025-12-04T02:49:06.283465+00:00", "level": "WARN", "service": "api", "thread_id": "t-api-046", "correlation_id": "live-0249", "trace_id": "trace-live-0249", "span_id": "span-2496", "message": "cache miss spike", "metric": 30.36}
{"timestamp": "2025-12-04T02:49:06.433674+00:00", "level": "INFO", "service": "ledger", "thread_id": "t-ledger-047", "correlation_id": "live-0249", "trace_id": "trace-live-0249", "span_id": "span-2497", "message": "heartbeat ok", "metric": 46.24}
{"timestamp": "2025-12-04T02:49:06.583887+00:00", "level": "ERROR", "service": "ledger", "thread_id": "t-ledger-048", "correlation_id": "live-0249", "trace_id": "trace-live-0249", "span_id": "span-2498", "message": "Database timeout", "metric": 27.23}
{"timestamp": "2025-12-04T02:49:06.734049+00:00", "level": "INFO", "service": "search", "thread_id": "t-search-049", "correlation_id": "live-0249", "trace_id": "trace-live-0249", "span_id": "span-2499", "message": "heartbeat ok", "metric": 93.5}
{"timestamp": "2025-12-04T02:49:06.884320+00:00", "level": "INFO", "service": "api", "thread_id": "t-api-000", "correlation_id": "live-0250", "trace_id": "trace-live-0250", "span_id": "span-2500", "message": "final log", "metric": 89.77}
